ticker,status,attempts,last_attempt_at,last_ok_at,last_error
A,ok,1,2026-10-01T07:20:06Z,2026-10-01T07:20:06Z,
AA,ok,1,2026-10-01T07:20:07Z,2026-10-01T07:20:07Z,
AAC,ok,1,2026-10-01T07:20:08Z,2026-10-01T07:20:08Z,
AACG,ok,1,2026-10-01T07:20:09Z,2026-10-01T07:20:09Z,
AACI,ok,1,2026-10-01T07:20:11Z,2026-10-01T07:20:11Z,
AACO,ok,1,2026-10-01T07:20:12Z,2026-10-01T07:20:12Z,
AACP,ok,1,2026-10-01T07:20:13Z,2026-10-01T07:20:13Z,
AADX,ok,1,2026-10-01T07:20:14Z,2026-10-01T07:20:14Z,
AAL,ok,1,2026-10-01T07:20:15Z,2026-10-01T07:20:15Z,
AAME,ok,1,2026-10-01T07:20:16Z,2026-10-01T07:20:16Z,
AAMI,ok,1,2026-10-01T07:20:11Z,2026-10-01T07:20:11Z,
AAOI,ok,1,2026-10-01T07:20:11Z,2026-10-01T07:20:11Z,
AAON,ok,1,2026-10-01T07:20:12Z,2026-10-01T07:20:12Z,
AAP,ok,1,2026-10-01T07:20:12Z,2026-10-01T07:20:12Z,
AAPG,ok,1,2026-10-01T07:20:13Z,2026-10-01T07:20:13Z,
AAPL,ok,1,2026-10-01T07:20:13Z,2026-10-01T07:20:13Z,
AARD,ok,1,2026-10-01T07:20:14Z,2026-10-01T07:20:14Z,
AAT,ok,1,2026-10-01T07:20:14Z,2026-10-01T07:20:14Z,
AAUC,ok,1,2026-10-01T07:20:15Z,2026-10-01T07:20:15Z,
AB,ok,1,2026-10-01T07:20:16Z,2026-10-01T07:20:16Z,
ABAT,ok,1,2026-10-01T07:20:16Z,2026-10-01T07:20:16Z,
ABBV,ok,1,2026-10-01T07:20:16Z,2026-10-01T07:20:16Z,
ABCB,ok,1,2026-10-01T07:20:17Z,2026-10-01T07:20:17Z,
ABCL,ok,1,2026-10-01T07:20:18Z,2026-10-01T07:20:18Z,
ABEO,ok,1,2026-10-01T07:20:18Z,2026-10-01T07:20:18Z,
ABEV,ok,1,2026-10-01T07:20:19Z,2026-10-01T07:20:19Z,
ABG,ok,1,2026-10-01T07:20:19Z,2026-10-01T07:20:19Z,
ABLV,ok,1,2026-10-01T07:20:19Z,2026-10-01T07:20:19Z,
ABM,ok,1,2026-10-01T07:20:20Z,2026-10-01T07:20:20Z,
ABNB,ok,1,2026-10-01T07:20:20Z,2026-10-01T07:20:20Z,
ABOS,ok,1,2026-10-01T07:20:21Z,2026-10-01T07:20:21Z,
ABR,ok,1,2026-10-01T07:20:22Z,2026-10-01T07:20:22Z,
ABSI,ok,1,2026-10-01T07:20:22Z,2026-10-01T07:20:22Z,
ABT,ok,1,2026-10-01T07:20:22Z,2026-10-01T07:20:22Z,
ABTC,ok,1,2026-10-01T07:20:23Z,2026-10-01T07:20:23Z,
ABTS,ok,1,2026-10-01T07:20:24Z,2026-10-01T07:20:24Z,
ABUS,ok,1,2026-10-01T07:20:24Z,2026-10-01T07:20:24Z,
ABVC,ok,1,2026-10-01T07:20:25Z,2026-10-01T07:20:25Z,
ABVX,ok,1,2026-10-01T07:20:25Z,2026-10-01T07:20:25Z,
ABX,ok,1,2026-10-01T07:20:26Z,2026-10-01T07:20:26Z,
ACA,ok,1,2026-10-01T07:20:26Z,2026-10-01T07:20:26Z,
ACAA,ok,1,2026-10-01T07:20:26Z,2026-10-01T07:20:26Z,
ACAD,ok,1,2026-10-01T07:20:27Z,2026-10-01T07:20:27Z,
ACB,ok,1,2026-10-01T07:20:27Z,2026-10-01T07:20:27Z,
ACCL,ok,1,2026-10-01T07:20:28Z,2026-10-01T07:20:28Z,
ACCO,ok,1,2026-10-01T07:20:28Z,2026-10-01T07:20:28Z,
ACCS,ok,1,2026-10-01T07:20:29Z,2026-10-01T07:20:29Z,
ACCV,ok,1,2026-10-01T07:20:29Z,2026-10-01T07:20:29Z,
ACDC,ok,1,2026-10-01T07:20:30Z,2026-10-01T07:20:30Z,
ACEL,ok,1,2026-10-01T07:20:30Z,2026-10-01T07:20:30Z,
ACET,ok,1,2026-10-01T07:20:31Z,2026-10-01T07:20:31Z,
ACFN,ok,1,2026-10-01T07:20:31Z,2026-10-01T07:20:31Z,
ACGC,ok,1,2026-10-01T07:20:32Z,2026-10-01T07:20:32Z,
ACGL,ok,1,2026-10-01T07:20:33Z,2026-10-01T07:20:33Z,
ACH,ok,1,2026-10-01T07:20:33Z,2026-10-01T07:20:33Z,
ACHC,ok,1,2026-10-01T07:20:33Z,2026-10-01T07:20:33Z,
ACHR,ok,1,2026-10-01T07:20:34Z,2026-10-01T07:20:34Z,
ACHV,ok,1,2026-10-01T07:20:35Z,2026-10-01T07:20:35Z,
ACI,ok,1,2026-10-01T07:20:35Z,2026-10-01T07:20:35Z,
ACIC,ok,1,2026-10-01T07:20:35Z,2026-10-01T07:20:35Z,
ACIU,ok,1,2026-10-01T07:20:36Z,2026-10-01T07:20:36Z,
ACIW,ok,1,2026-10-01T07:20:36Z,2026-10-01T07:20:36Z,
ACLS,ok,1,2026-10-01T07:20:37Z,2026-10-01T07:20:37Z,
ACM,ok,1,2026-10-01T07:20:38Z,2026-10-01T07:20:38Z,
ACMR,ok,1,2026-10-01T07:20:38Z,2026-10-01T07:20:38Z,
ACN,ok,1,2026-10-01T07:20:38Z,2026-10-01T07:20:38Z,
ACNB,ok,1,2026-10-01T07:20:39Z,2026-10-01T07:20:39Z,
ACNT,ok,1,2026-10-01T07:20:40Z,2026-10-01T07:20:40Z,
ACOG,ok,1,2026-10-01T07:20:40Z,2026-10-01T07:20:40Z,
ACON,ok,1,2026-10-01T07:20:40Z,2026-10-01T07:20:40Z,
ACP,ok,1,2026-10-01T07:20:41Z,2026-10-01T07:20:41Z,
ACR,ok,1,2026-10-01T07:20:41Z,2026-10-01T07:20:41Z,
ACRE,ok,1,2026-10-01T07:20:42Z,2026-10-01T07:20:42Z,
ACRS,ok,1,2026-10-01T07:20:43Z,2026-10-01T07:20:43Z,
ACRV,ok,1,2026-10-01T07:20:43Z,2026-10-01T07:20:43Z,
ACT,ok,1,2026-10-01T07:20:43Z,2026-10-01T07:20:43Z,
ACTG,ok,1,2026-10-01T07:20:44Z,2026-10-01T07:20:44Z,
ACTU,ok,1,2026-10-01T07:20:44Z,2026-10-01T07:20:44Z,
ACU,ok,1,2026-10-01T07:20:45Z,2026-10-01T07:20:45Z,
ACV,ok,1,2026-10-01T07:20:45Z,2026-10-01T07:20:45Z,
ACVA,ok,1,2026-10-01T07:20:46Z,2026-10-01T07:20:46Z,
ACXP,ok,1,2026-10-01T07:20:46Z,2026-10-01T07:20:46Z,
AD,ok,1,2026-10-01T07:20:47Z,2026-10-01T07:20:47Z,
ADAC,ok,1,2026-10-01T07:20:48Z,2026-10-01T07:20:48Z,
ADAG,ok,1,2026-10-01T07:20:48Z,2026-10-01T07:20:48Z,
ADAM,ok,1,2026-10-01T07:20:48Z,2026-10-01T07:20:48Z,
ADBE,ok,1,2026-10-01T07:20:49Z,2026-10-01T07:20:49Z,
ADBT,ok,1,2026-10-01T07:20:49Z,2026-10-01T07:20:49Z,
ADC,ok,1,2026-10-01T07:20:50Z,2026-10-01T07:20:50Z,
ADCT,ok,1,2026-10-01T07:20:50Z,2026-10-01T07:20:50Z,
ADEA,ok,1,2026-10-01T07:20:51Z,2026-10-01T07:20:51Z,
ADGM,ok,1,2026-10-01T07:20:51Z,2026-10-01T07:20:51Z,
ADI,ok,1,2026-10-01T07:20:52Z,2026-10-01T07:20:52Z,
ADIG,ok,1,2026-10-01T07:20:52Z,2026-10-01T07:20:52Z,
ADIL,ok,1,2026-10-01T07:20:53Z,2026-10-01T07:20:53Z,
ADM,ok,1,2026-10-01T07:20:53Z,2026-10-01T07:20:53Z,
ADMA,ok,1,2026-10-01T07:20:54Z,2026-10-01T07:20:54Z,
ADNT,ok,1,2026-10-01T07:20:54Z,2026-10-01T07:20:54Z,
ADP,ok,1,2026-10-01T07:20:55Z,2026-10-01T07:20:55Z,
ADPT,ok,1,2026-10-01T07:20:55Z,2026-10-01T07:20:55Z,
ADRX,ok,1,2026-10-01T07:20:56Z,2026-10-01T07:20:56Z,
ADSE,ok,1,2026-10-01T07:20:56Z,2026-10-01T07:20:56Z,
ADSEW,ok,1,2026-10-01T07:20:57Z,2026-10-01T07:20:57Z,
ADSK,ok,1,2026-10-01T07:20:57Z,2026-10-01T07:20:57Z,
ADT,ok,1,2026-10-01T07:20:58Z,2026-10-01T07:20:58Z,
ADTN,ok,1,2026-10-01T07:20:59Z,2026-10-01T07:20:59Z,
ADUR,ok,1,2026-10-01T07:20:59Z,2026-10-01T07:20:59Z,
ADUS,ok,1,2026-10-01T07:21:00Z,2026-10-01T07:21:00Z,
ADV,ok,1,2026-10-01T07:21:00Z,2026-10-01T07:21:00Z,
ADVB,ok,1,2026-10-01T07:21:00Z,2026-10-01T07:21:00Z,
ADX,ok,1,2026-10-01T07:21:01Z,2026-10-01T07:21:01Z,
ADXN,ok,1,2026-10-01T07:21:01Z,2026-10-01T07:21:01Z,
AEAQ,ok,1,2026-10-01T07:21:02Z,2026-10-01T07:21:02Z,
AEBI,ok,1,2026-10-01T07:21:02Z,2026-10-01T07:21:02Z,
AEC,ok,1,2026-10-01T07:21:03Z,2026-10-01T07:21:03Z,
AEE,ok,1,2026-10-01T07:21:03Z,2026-10-01T07:21:03Z,
AEF,ok,1,2026-10-01T07:21:04Z,2026-10-01T07:21:04Z,
AEG,ok,1,2026-10-01T07:21:04Z,2026-10-01T07:21:04Z,
AEHL,ok,1,2026-10-01T07:21:05Z,2026-10-01T07:21:05Z,
AEHR,ok,1,2026-10-01T07:21:05Z,2026-10-01T07:21:05Z,
AEI,ok,1,2026-10-01T07:21:06Z,2026-10-01T07:21:06Z,
AEIS,ok,1,2026-10-01T07:21:06Z,2026-10-01T07:21:06Z,
AEM,ok,1,2026-10-01T07:21:07Z,2026-10-01T07:21:07Z,
AEMD,ok,1,2026-10-01T07:21:07Z,2026-10-01T07:21:07Z,
AENT,ok,1,2026-10-01T07:21:08Z,2026-10-01T07:21:08Z,
AEO,ok,1,2026-10-01T07:21:08Z,2026-10-01T07:21:08Z,
AEON,ok,1,2026-10-01T07:21:09Z,2026-10-01T07:21:09Z,
AEP,ok,1,2026-10-01T07:21:09Z,2026-10-01T07:21:09Z,
AER,ok,1,2026-10-01T07:21:10Z,2026-10-01T07:21:10Z,
AERO,ok,1,2026-10-01T07:21:11Z,2026-10-01T07:21:11Z,
AERT,ok,1,2026-10-01T07:21:11Z,2026-10-01T07:21:11Z,
AES,ok,1,2026-10-01T07:21:11Z,2026-10-01T07:21:11Z,
AESI,ok,1,2026-10-01T07:21:12Z,2026-10-01T07:21:12Z,
AESP,ok,1,2026-10-01T07:21:12Z,2026-10-01T07:21:12Z,
AEVA,ok,1,2026-10-01T07:21:13Z,2026-10-01T07:21:13Z,
AEXA,ok,1,2026-10-01T07:21:13Z,2026-10-01T07:21:13Z,
AEYE,ok,1,2026-10-01T07:21:14Z,2026-10-01T07:21:14Z,
AFB,ok,1,2026-10-01T07:21:14Z,2026-10-01T07:21:14Z,
AFCG,ok,1,2026-10-01T07:21:15Z,2026-10-01T07:21:15Z,
AFG,ok,1,2026-10-01T07:21:16Z,2026-10-01T07:21:16Z,
AFJK,ok,1,2026-10-01T07:21:16Z,2026-10-01T07:21:16Z,
AFL,ok,1,2026-10-01T07:21:16Z,2026-10-01T07:21:16Z,
AFRI,ok,1,2026-10-01T07:21:17Z,2026-10-01T07:21:17Z,
AFRM,ok,1,2026-10-01T07:21:17Z,2026-10-01T07:21:17Z,
AFYA,ok,1,2026-10-01T07:21:18Z,2026-10-01T07:21:18Z,
AG,ok,1,2026-10-01T07:21:18Z,2026-10-01T07:21:18Z,
AGBK,ok,1,2026-10-01T07:21:19Z,2026-10-01T07:21:19Z,
AGCC,ok,1,2026-10-01T07:21:20Z,2026-10-01T07:21:20Z,
AGCO,ok,1,2026-10-01T07:21:20Z,2026-10-01T07:21:20Z,
AGD,ok,1,2026-10-01T07:21:20Z,2026-10-01T07:21:20Z,
AGEN,ok,1,2026-10-01T07:21:21Z,2026-10-01T07:21:21Z,
AGI,ok,1,2026-10-01T07:21:21Z,2026-10-01T07:21:21Z,
AGIG,ok,1,2026-10-01T07:21:22Z,2026-10-01T07:21:22Z,
AGIO,ok,1,2026-10-01T07:21:22Z,2026-10-01T07:21:22Z,
AGL,ok,1,2026-10-01T07:21:23Z,2026-10-01T07:21:23Z,
AGM,ok,1,2026-10-01T07:21:24Z,2026-10-01T07:21:24Z,
AGM-A,ok,1,2026-10-01T07:21:24Z,2026-10-01T07:21:24Z,
AGMB,ok,1,2026-10-01T07:21:24Z,2026-10-01T07:21:24Z,
AGMH,ok,1,2026-10-01T07:21:25Z,2026-10-01T07:21:25Z,
AGNC,ok,1,2026-10-01T07:21:25Z,2026-10-01T07:21:25Z,
AGNT,ok,1,2026-10-01T07:21:26Z,2026-10-01T07:21:26Z,
AGO,ok,1,2026-10-01T07:21:27Z,2026-10-01T07:21:27Z,
AGPU,ok,1,2026-10-01T07:21:27Z,2026-10-01T07:21:27Z,
AGRO,ok,1,2026-10-01T07:21:27Z,2026-10-01T07:21:27Z,
AGRZ,ok,1,2026-10-01T07:21:28Z,2026-10-01T07:21:28Z,
AGX,ok,1,2026-10-01T07:21:28Z,2026-10-01T07:21:28Z,
AGYS,ok,1,2026-10-01T07:21:29Z,2026-10-01T07:21:29Z,
AHCO,ok,1,2026-10-01T07:21:30Z,2026-10-01T07:21:30Z,
AHG,ok,1,2026-10-01T07:21:30Z,2026-10-01T07:21:30Z,
AHMA,ok,1,2026-10-01T07:21:31Z,2026-10-01T07:21:31Z,
AHR,ok,1,2026-10-01T07:21:31Z,2026-10-01T07:21:31Z,
AHRT,ok,1,2026-10-01T07:21:31Z,2026-10-01T07:21:31Z,
AHT,ok,1,2026-10-01T07:21:32Z,2026-10-01T07:21:32Z,
AI,ok,1,2026-10-01T07:21:32Z,2026-10-01T07:21:32Z,
AIAI,ok,1,2026-10-01T07:21:33Z,2026-10-01T07:21:33Z,
AIB,ok,1,2026-10-01T07:21:33Z,2026-10-01T07:21:33Z,
AIBZ,ok,1,2026-10-01T07:21:34Z,2026-10-01T07:21:34Z,
AIDX,ok,1,2026-10-01T07:21:34Z,2026-10-01T07:21:34Z,
AIFA,ok,1,2026-10-01T07:21:35Z,2026-10-01T07:21:35Z,
AIFC,ok,1,2026-10-01T07:21:35Z,2026-10-01T07:21:35Z,
AIFF,ok,1,2026-10-01T07:21:36Z,2026-10-01T07:21:36Z,
AIFU,ok,1,2026-10-01T07:21:36Z,2026-10-01T07:21:36Z,
AIG,ok,1,2026-10-01T07:21:37Z,2026-10-01T07:21:37Z,
AII,ok,1,2026-10-01T07:21:37Z,2026-10-01T07:21:37Z,
AIIA,ok,1,2026-10-01T07:21:38Z,2026-10-01T07:21:38Z,
AIIO,ok,1,2026-10-01T07:21:39Z,2026-10-01T07:21:39Z,
AIIR,ok,1,2026-10-01T07:21:39Z,2026-10-01T07:21:39Z,
AIM,ok,1,2026-10-01T07:21:39Z,2026-10-01T07:21:39Z,
AIMD,ok,1,2026-10-01T07:21:40Z,2026-10-01T07:21:40Z,
AIN,ok,1,2026-10-01T07:21:40Z,2026-10-01T07:21:40Z,
AIO,ok,1,2026-10-01T07:21:41Z,2026-10-01T07:21:41Z,
AIOS,ok,1,2026-10-01T07:21:41Z,2026-10-01T07:21:41Z,
AIOT,ok,1,2026-10-01T07:21:42Z,2026-10-01T07:21:42Z,
AIP,ok,1,2026-10-01T07:21:42Z,2026-10-01T07:21:42Z,
AIR,ok,1,2026-10-01T07:21:43Z,2026-10-01T07:21:43Z,
AIRE,ok,1,2026-10-01T07:21:43Z,2026-10-01T07:21:43Z,
AIRG,ok,1,2026-10-01T07:21:44Z,2026-10-01T07:21:44Z,
AIRI,ok,1,2026-10-01T07:21:44Z,2026-10-01T07:21:44Z,
AIRJ,ok,1,2026-10-01T07:21:45Z,2026-10-01T07:21:45Z,
AIRO,ok,1,2026-10-01T07:21:45Z,2026-10-01T07:21:45Z,
AIRS,ok,1,2026-10-01T07:21:46Z,2026-10-01T07:21:46Z,
AIRT,ok,1,2026-10-01T07:21:46Z,2026-10-01T07:21:46Z,
AISP,ok,1,2026-10-01T07:21:47Z,2026-10-01T07:21:47Z,
AIT,ok,1,2026-10-01T07:21:47Z,2026-10-01T07:21:47Z,
AIV,ok,1,2026-10-01T07:21:48Z,2026-10-01T07:21:48Z,
AIXI,ok,1,2026-10-01T07:21:48Z,2026-10-01T07:21:48Z,
AIZ,ok,1,2026-10-01T07:21:49Z,2026-10-01T07:21:49Z,
AJG,ok,1,2026-10-01T07:21:49Z,2026-10-01T07:21:49Z,
AKA,ok,1,2026-10-01T07:21:50Z,2026-10-01T07:21:50Z,
AKAM,ok,1,2026-10-01T07:21:50Z,2026-10-01T07:21:50Z,
AKAN,ok,1,2026-10-01T07:21:51Z,2026-10-01T07:21:51Z,
AKBA,ok,1,2026-10-01T07:21:51Z,2026-10-01T07:21:51Z,
AKO-A,ok,1,2026-10-01T07:21:52Z,2026-10-01T07:21:52Z,
AKO-B,ok,1,2026-10-01T07:21:52Z,2026-10-01T07:21:52Z,
AKR,ok,1,2026-10-01T07:21:53Z,2026-10-01T07:21:53Z,
AKTS,ok,1,2026-10-01T07:21:53Z,2026-10-01T07:21:53Z,
AKTX,ok,1,2026-10-01T07:21:54Z,2026-10-01T07:21:54Z,
ALAB,ok,1,2026-10-01T07:21:54Z,2026-10-01T07:21:54Z,
ALAR,ok,1,2026-10-01T07:21:55Z,2026-10-01T07:21:55Z,
ALB,ok,1,2026-10-01T07:21:55Z,2026-10-01T07:21:55Z,
ALC,ok,1,2026-10-01T07:21:56Z,2026-10-01T07:21:56Z,
ALCO,ok,1,2026-10-01T07:21:56Z,2026-10-01T07:21:56Z,
ALDF,ok,1,2026-10-01T07:21:57Z,2026-10-01T07:21:57Z,
ALDX,ok,1,2026-10-01T07:21:57Z,2026-10-01T07:21:57Z,
ALEC,ok,1,2026-10-01T07:21:58Z,2026-10-01T07:21:58Z,
ALF,ok,1,2026-10-01T07:21:58Z,2026-10-01T07:21:58Z,
ALG,ok,1,2026-10-01T07:21:59Z,2026-10-01T07:21:59Z,
ALGM,ok,1,2026-10-01T07:21:59Z,2026-10-01T07:21:59Z,
ALGN,ok,1,2026-10-01T07:22:00Z,2026-10-01T07:22:00Z,
ALGS,ok,1,2026-10-01T07:22:00Z,2026-10-01T07:22:00Z,
ALGT,ok,1,2026-10-01T07:22:01Z,2026-10-01T07:22:01Z,
ALH,ok,1,2026-10-01T07:22:02Z,2026-10-01T07:22:02Z,
ALHC,ok,1,2026-10-01T07:22:02Z,2026-10-01T07:22:02Z,
ALIS,ok,1,2026-10-01T07:22:02Z,2026-10-01T07:22:02Z,
ALIT,ok,1,2026-10-01T07:22:03Z,2026-10-01T07:22:03Z,
ALK,ok,1,2026-10-01T07:22:03Z,2026-10-01T07:22:03Z,
ALKS,ok,1,2026-10-01T07:22:04Z,2026-10-01T07:22:04Z,
ALKT,ok,1,2026-10-01T07:22:04Z,2026-10-01T07:22:04Z,
ALL,ok,1,2026-10-01T07:22:05Z,2026-10-01T07:22:05Z,
ALLE,ok,1,2026-10-01T07:22:05Z,2026-10-01T07:22:05Z,
ALLO,ok,1,2026-10-01T07:22:06Z,2026-10-01T07:22:06Z,
ALLR,ok,1,2026-10-01T07:22:06Z,2026-10-01T07:22:06Z,
ALLT,ok,1,2026-10-01T07:22:07Z,2026-10-01T07:22:07Z,
ALLY,ok,1,2026-10-01T07:22:07Z,2026-10-01T07:22:07Z,
ALM,ok,1,2026-10-01T07:22:08Z,2026-10-01T07:22:08Z,
ALMR,ok,1,2026-10-01T07:22:08Z,2026-10-01T07:22:08Z,
ALMS,ok,1,2026-10-01T07:22:09Z,2026-10-01T07:22:09Z,
ALMU,ok,1,2026-10-01T07:22:09Z,2026-10-01T07:22:09Z,
ALNT,ok,1,2026-10-01T07:22:10Z,2026-10-01T07:22:10Z,
ALNY,ok,1,2026-10-01T07:22:10Z,2026-10-01T07:22:10Z,
ALOV,ok,1,2026-10-01T07:22:11Z,2026-10-01T07:22:11Z,
ALOY,ok,1,2026-10-01T07:22:11Z,2026-10-01T07:22:11Z,
ALP,ok,1,2026-10-01T07:22:12Z,2026-10-01T07:22:12Z,
ALPS,ok,1,2026-10-01T07:22:12Z,2026-10-01T07:22:12Z,
ALPX,ok,1,2026-10-01T07:22:13Z,2026-10-01T07:22:13Z,
ALRM,ok,1,2026-10-01T07:22:13Z,2026-10-01T07:22:13Z,
ALRS,ok,1,2026-10-01T07:22:14Z,2026-10-01T07:22:14Z,
ALSN,ok,1,2026-10-01T07:22:14Z,2026-10-01T07:22:14Z,
ALT,ok,1,2026-10-01T07:22:15Z,2026-10-01T07:22:15Z,
ALTG,ok,1,2026-10-01T07:22:15Z,2026-10-01T07:22:15Z,
ALTI,ok,1,2026-10-01T07:22:16Z,2026-10-01T07:22:16Z,
ALTO,ok,1,2026-10-01T07:22:16Z,2026-10-01T07:22:16Z,
ALUB,ok,1,2026-10-01T07:22:17Z,2026-10-01T07:22:17Z,
ALV,ok,1,2026-10-01T07:22:17Z,2026-10-01T07:22:17Z,
ALVO,ok,1,2026-10-01T07:22:18Z,2026-10-01T07:22:18Z,
ALX,ok,1,2026-10-01T07:22:19Z,2026-10-01T07:22:19Z,
ALXO,ok,1,2026-10-01T07:22:19Z,2026-10-01T07:22:19Z,
ALZN,ok,1,2026-10-01T07:22:19Z,2026-10-01T07:22:19Z,
AM,ok,1,2026-10-01T07:22:20Z,2026-10-01T07:22:20Z,
AMAC,ok,1,2026-10-01T07:22:20Z,2026-10-01T07:22:20Z,
AMAL,ok,1,2026-10-01T07:22:21Z,2026-10-01T07:22:21Z,
AMAN,ok,1,2026-10-01T07:22:21Z,2026-10-01T07:22:21Z,
AMAT,ok,1,2026-10-01T07:22:22Z,2026-10-01T07:22:22Z,
AMBA,ok,1,2026-10-01T07:22:22Z,2026-10-01T07:22:22Z,
AMBO,ok,1,2026-10-01T07:22:23Z,2026-10-01T07:22:23Z,
AMBP,ok,1,2026-10-01T07:22:23Z,2026-10-01T07:22:23Z,
AMBQ,ok,1,2026-10-01T07:22:24Z,2026-10-01T07:22:24Z,
AMBR,ok,1,2026-10-01T07:22:24Z,2026-10-01T07:22:24Z,
AMC,ok,1,2026-10-01T07:22:25Z,2026-10-01T07:22:25Z,
AMCI,ok,1,2026-10-01T07:22:26Z,2026-10-01T07:22:26Z,
AMCR,ok,1,2026-10-01T07:22:26Z,2026-10-01T07:22:26Z,
AMCX,ok,1,2026-10-01T07:22:27Z,2026-10-01T07:22:27Z,
AMD,ok,1,2026-10-01T07:22:27Z,2026-10-01T07:22:27Z,
AME,ok,1,2026-10-01T07:22:28Z,2026-10-01T07:22:28Z,
AMG,ok,1,2026-10-01T07:22:28Z,2026-10-01T07:22:28Z,
AMGN,ok,1,2026-10-01T07:22:28Z,2026-10-01T07:22:28Z,
AMH,ok,1,2026-10-01T07:22:29Z,2026-10-01T07:22:29Z,
AMIX,ok,1,2026-10-01T07:22:29Z,2026-10-01T07:22:29Z,
AMKR,ok,1,2026-10-01T07:22:30Z,2026-10-01T07:22:30Z,
AMLX,ok,1,2026-10-01T07:22:30Z,2026-10-01T07:22:30Z,
AMN,ok,1,2026-10-01T07:22:31Z,2026-10-01T07:22:31Z,
AMOD,ok,1,2026-10-01T07:22:31Z,2026-10-01T07:22:31Z,
AMP,ok,1,2026-10-01T07:22:32Z,2026-10-01T07:22:32Z,
AMPG,ok,1,2026-10-01T07:22:32Z,2026-10-01T07:22:32Z,
AMPH,ok,1,2026-10-01T07:22:33Z,2026-10-01T07:22:33Z,
AMPL,ok,1,2026-10-01T07:22:33Z,2026-10-01T07:22:33Z,
AMPX,ok,1,2026-10-01T07:22:34Z,2026-10-01T07:22:34Z,
AMPY,ok,1,2026-10-01T07:22:34Z,2026-10-01T07:22:34Z,
AMR,ok,1,2026-10-01T07:22:35Z,2026-10-01T07:22:35Z,
AMRC,ok,1,2026-10-01T07:22:36Z,2026-10-01T07:22:36Z,
AMRN,ok,1,2026-10-01T07:22:36Z,2026-10-01T07:22:36Z,
AMRX,ok,1,2026-10-01T07:22:36Z,2026-10-01T07:22:36Z,
AMRZ,ok,1,2026-10-01T07:22:37Z,2026-10-01T07:22:37Z,
AMS,ok,1,2026-10-01T07:22:37Z,2026-10-01T07:22:37Z,
AMSC,ok,1,2026-10-01T07:22:38Z,2026-10-01T07:22:38Z,
AMSF,ok,1,2026-10-01T07:22:38Z,2026-10-01T07:22:38Z,
AMSS,ok,1,2026-10-01T07:22:39Z,2026-10-01T07:22:39Z,
AMST,ok,1,2026-10-01T07:22:39Z,2026-10-01T07:22:39Z,
AMT,ok,1,2026-10-01T07:22:40Z,2026-10-01T07:22:40Z,
AMTB,ok,1,2026-10-01T07:22:40Z,2026-10-01T07:22:40Z,
AMTD,ok,1,2026-10-01T07:22:41Z,2026-10-01T07:22:41Z,
AMTM,ok,1,2026-10-01T07:22:42Z,2026-10-01T07:22:42Z,
AMTX,ok,1,2026-10-01T07:22:42Z,2026-10-01T07:22:42Z,
AMUB,ok,1,2026-10-01T07:22:43Z,2026-10-01T07:22:43Z,
AMWL,ok,1,2026-10-01T07:22:43Z,2026-10-01T07:22:43Z,
AMX,ok,1,2026-10-01T07:22:43Z,2026-10-01T07:22:43Z,
AMZN,ok,1,2026-10-01T07:22:44Z,2026-10-01T07:22:44Z,
AN,ok,1,2026-10-01T07:22:44Z,2026-10-01T07:22:44Z,
ANAB,ok,1,2026-10-01T07:22:45Z,2026-10-01T07:22:45Z,
ANDE,ok,1,2026-10-01T07:22:45Z,2026-10-01T07:22:45Z,
ANDG,ok,1,2026-10-01T07:22:46Z,2026-10-01T07:22:46Z,
ANET,ok,1,2026-10-01T07:22:46Z,2026-10-01T07:22:46Z,
ANF,ok,1,2026-10-01T07:22:47Z,2026-10-01T07:22:47Z,
ANGH,ok,1,2026-10-01T07:22:47Z,2026-10-01T07:22:47Z,
ANGI,ok,1,2026-10-01T07:22:48Z,2026-10-01T07:22:48Z,
ANGO,ok,1,2026-10-01T07:22:48Z,2026-10-01T07:22:48Z,
ANGX,ok,1,2026-10-01T07:22:49Z,2026-10-01T07:22:49Z,
ANIK,ok,1,2026-10-01T07:22:49Z,2026-10-01T07:22:49Z,
ANIP,ok,1,2026-10-01T07:22:50Z,2026-10-01T07:22:50Z,
ANIX,ok,1,2026-10-01T07:22:50Z,2026-10-01T07:22:50Z,
ANL,ok,1,2026-10-01T07:22:51Z,2026-10-01T07:22:51Z,
ANNA,ok,1,2026-10-01T07:22:51Z,2026-10-01T07:22:51Z,
ANNX,ok,1,2026-10-01T07:22:52Z,2026-10-01T07:22:52Z,
ANPA,ok,1,2026-10-01T07:22:52Z,2026-10-01T07:22:52Z,
ANRO,ok,1,2026-10-01T07:22:53Z,2026-10-01T07:22:53Z,
ANTA,ok,1,2026-10-01T07:22:53Z,2026-10-01T07:22:53Z,
ANTX,ok,1,2026-10-01T07:22:54Z,2026-10-01T07:22:54Z,
ANVS,ok,1,2026-10-01T07:22:54Z,2026-10-01T07:22:54Z,
AOD,ok,1,2026-10-01T07:22:55Z,2026-10-01T07:22:55Z,
AOMR,ok,1,2026-10-01T07:22:55Z,2026-10-01T07:22:55Z,
AON,ok,1,2026-10-01T07:22:56Z,2026-10-01T07:22:56Z,
AORT,ok,1,2026-10-01T07:22:56Z,2026-10-01T07:22:56Z,
AOS,ok,1,2026-10-01T07:22:57Z,2026-10-01T07:22:57Z,
AOSL,ok,1,2026-10-01T07:22:57Z,2026-10-01T07:22:57Z,
AOUT,ok,1,2026-10-01T07:22:58Z,2026-10-01T07:22:58Z,
AP,ok,1,2026-10-01T07:22:59Z,2026-10-01T07:22:59Z,
APA,ok,1,2026-10-01T07:22:59Z,2026-10-01T07:22:59Z,
APAC,ok,1,2026-10-01T07:22:59Z,2026-10-01T07:22:59Z,
APAM,ok,1,2026-10-01T07:23:00Z,2026-10-01T07:23:00Z,
APC,ok,1,2026-10-01T07:23:00Z,2026-10-01T07:23:00Z,
APD,ok,1,2026-10-01T07:23:01Z,2026-10-01T07:23:01Z,
APEI,ok,1,2026-10-01T07:23:01Z,2026-10-01T07:23:01Z,
APG,ok,1,2026-10-01T07:23:02Z,2026-10-01T07:23:02Z,
APH,ok,1,2026-10-01T07:23:02Z,2026-10-01T07:23:02Z,
API,ok,1,2026-10-01T07:23:03Z,2026-10-01T07:23:03Z,
APLD,ok,1,2026-10-01T07:23:03Z,2026-10-01T07:23:03Z,
APLE,ok,1,2026-10-01T07:23:04Z,2026-10-01T07:23:04Z,
APLM,ok,1,2026-10-01T07:23:04Z,2026-10-01T07:23:04Z,
APMC,ok,1,2026-10-01T07:23:05Z,2026-10-01T07:23:05Z,
APMD,ok,1,2026-10-01T07:23:05Z,2026-10-01T07:23:05Z,
APO,ok,1,2026-10-01T07:23:06Z,2026-10-01T07:23:06Z,
APOG,ok,1,2026-10-01T07:23:06Z,2026-10-01T07:23:06Z,
APP,ok,1,2026-10-01T07:23:07Z,2026-10-01T07:23:07Z,
APPF,ok,1,2026-10-01T07:23:08Z,2026-10-01T07:23:08Z,
APPN,ok,1,2026-10-01T07:23:08Z,2026-10-01T07:23:08Z,
APPS,ok,1,2026-10-01T07:23:09Z,2026-10-01T07:23:09Z,
APRE,ok,1,2026-10-01T07:23:09Z,2026-10-01T07:23:09Z,
APT,ok,1,2026-10-01T07:23:09Z,2026-10-01T07:23:09Z,
APTV,ok,1,2026-10-01T07:23:10Z,2026-10-01T07:23:10Z,
APUR,ok,1,2026-10-01T07:23:10Z,2026-10-01T07:23:10Z,
APUS,ok,1,2026-10-01T07:23:11Z,2026-10-01T07:23:11Z,
APVO,ok,1,2026-10-01T07:23:11Z,2026-10-01T07:23:11Z,
APWC,ok,1,2026-10-01T07:23:12Z,2026-10-01T07:23:12Z,
APXT,ok,1,2026-10-01T07:23:12Z,2026-10-01T07:23:12Z,
APYX,ok,1,2026-10-01T07:23:13Z,2026-10-01T07:23:13Z,
AQB,ok,1,2026-10-01T07:23:13Z,2026-10-01T07:23:13Z,
AQMS,ok,1,2026-10-01T07:23:14Z,2026-10-01T07:23:14Z,
AQN,ok,1,2026-10-01T07:23:14Z,2026-10-01T07:23:14Z,
AQST,ok,1,2026-10-01T07:23:15Z,2026-10-01T07:23:15Z,
AR,ok,1,2026-10-01T07:23:15Z,2026-10-01T07:23:15Z,
ARAI,ok,1,2026-10-01T07:23:16Z,2026-10-01T07:23:16Z,
ARAY,ok,1,2026-10-01T07:23:16Z,2026-10-01T07:23:16Z,
ARBB,ok,1,2026-10-01T07:23:17Z,2026-10-01T07:23:17Z,
ARBE,ok,1,2026-10-01T07:23:17Z,2026-10-01T07:23:17Z,
ARBK,ok,1,2026-10-01T07:23:18Z,2026-10-01T07:23:18Z,
ARCB,ok,1,2026-10-01T07:23:18Z,2026-10-01T07:23:18Z,
ARCC,ok,1,2026-10-01T07:23:19Z,2026-10-01T07:23:19Z,
ARCI,ok,1,2026-10-01T07:23:20Z,2026-10-01T07:23:20Z,
ARCL,ok,1,2026-10-01T07:23:20Z,2026-10-01T07:23:20Z,
ARCO,ok,1,2026-10-01T07:23:20Z,2026-10-01T07:23:20Z,
ARCT,ok,1,2026-10-01T07:23:21Z,2026-10-01T07:23:21Z,
ARDC,ok,1,2026-10-01T07:23:21Z,2026-10-01T07:23:21Z,
ARDT,ok,1,2026-10-01T07:23:22Z,2026-10-01T07:23:22Z,
ARDX,ok,1,2026-10-01T07:23:23Z,2026-10-01T07:23:23Z,
ARE,ok,1,2026-10-01T07:23:23Z,2026-10-01T07:23:23Z,
AREC,ok,1,2026-10-01T07:23:23Z,2026-10-01T07:23:23Z,
ARES,ok,1,2026-10-01T07:23:24Z,2026-10-01T07:23:24Z,
ARGX,ok,1,2026-10-01T07:23:24Z,2026-10-01T07:23:24Z,
ARHS,ok,1,2026-10-01T07:23:25Z,2026-10-01T07:23:25Z,
ARI,ok,1,2026-10-01T07:23:25Z,2026-10-01T07:23:25Z,
ARIS,ok,1,2026-10-01T07:23:26Z,2026-10-01T07:23:26Z,
ARKO,ok,1,2026-10-01T07:23:27Z,2026-10-01T07:23:27Z,
ARKR,ok,1,2026-10-01T07:23:27Z,2026-10-01T07:23:27Z,
ARL,ok,1,2026-10-01T07:23:28Z,2026-10-01T07:23:28Z,
ARLO,ok,1,2026-10-01T07:23:28Z,2026-10-01T07:23:28Z,
ARLP,ok,1,2026-10-01T07:23:28Z,2026-10-01T07:23:28Z,
ARM,ok,1,2026-10-01T07:23:29Z,2026-10-01T07:23:29Z,
ARMK,ok,1,2026-10-01T07:23:29Z,2026-10-01T07:23:29Z,
ARMP,ok,1,2026-10-01T07:23:30Z,2026-10-01T07:23:30Z,
AROC,ok,1,2026-10-01T07:23:30Z,2026-10-01T07:23:30Z,
AROW,ok,1,2026-10-01T07:23:31Z,2026-10-01T07:23:31Z,
ARQ,ok,1,2026-10-01T07:23:31Z,2026-10-01T07:23:31Z,
ARQQ,ok,1,2026-10-01T07:23:32Z,2026-10-01T07:23:32Z,
ARQT,ok,1,2026-10-01T07:23:32Z,2026-10-01T07:23:32Z,
ARR,ok,1,2026-10-01T07:23:33Z,2026-10-01T07:23:33Z,
ARRY,ok,1,2026-10-01T07:23:34Z,2026-10-01T07:23:34Z,
ARTC,ok,1,2026-10-01T07:23:34Z,2026-10-01T07:23:34Z,
ARTL,ok,1,2026-10-01T07:23:35Z,2026-10-01T07:23:35Z,
ARTNA,ok,1,2026-10-01T07:23:35Z,2026-10-01T07:23:35Z,
ARTV,ok,1,2026-10-01T07:23:35Z,2026-10-01T07:23:35Z,
ARTW,ok,1,2026-10-01T07:23:36Z,2026-10-01T07:23:36Z,
ARVN,ok,1,2026-10-01T07:23:36Z,2026-10-01T07:23:36Z,
ARW,ok,1,2026-10-01T07:23:37Z,2026-10-01T07:23:37Z,
ARWR,ok,1,2026-10-01T07:23:37Z,2026-10-01T07:23:37Z,
ARX,ok,1,2026-10-01T07:23:38Z,2026-10-01T07:23:38Z,
ARXS,ok,1,2026-10-01T07:23:38Z,2026-10-01T07:23:38Z,
AS,ok,1,2026-10-01T07:23:39Z,2026-10-01T07:23:39Z,
ASA,ok,1,2026-10-01T07:23:39Z,2026-10-01T07:23:39Z,
ASAN,ok,1,2026-10-01T07:23:40Z,2026-10-01T07:23:40Z,
ASB,ok,1,2026-10-01T07:23:40Z,2026-10-01T07:23:40Z,
ASBH,ok,1,2026-10-01T07:23:41Z,2026-10-01T07:23:41Z,
ASBP,ok,1,2026-10-01T07:23:42Z,2026-10-01T07:23:42Z,
ASC,ok,1,2026-10-01T07:23:42Z,2026-10-01T07:23:42Z,
ASG,ok,1,2026-10-01T07:23:42Z,2026-10-01T07:23:42Z,
ASGI,ok,1,2026-10-01T07:23:43Z,2026-10-01T07:23:43Z,
ASH,ok,1,2026-10-01T07:23:44Z,2026-10-01T07:23:44Z,
ASIC,ok,1,2026-10-01T07:23:44Z,2026-10-01T07:23:44Z,
ASIX,ok,1,2026-10-01T07:23:44Z,2026-10-01T07:23:44Z,
ASLE,ok,1,2026-10-01T07:23:45Z,2026-10-01T07:23:45Z,
ASM,ok,1,2026-10-01T07:23:45Z,2026-10-01T07:23:45Z,
ASMB,ok,1,2026-10-01T07:23:46Z,2026-10-01T07:23:46Z,
ASML,ok,1,2026-10-01T07:23:46Z,2026-10-01T07:23:46Z,
ASND,ok,1,2026-10-01T07:23:47Z,2026-10-01T07:23:47Z,
ASO,ok,1,2026-10-01T07:23:47Z,2026-10-01T07:23:47Z,
ASPC,ok,1,2026-10-01T07:23:48Z,2026-10-01T07:23:48Z,
ASPI,ok,1,2026-10-01T07:23:48Z,2026-10-01T07:23:48Z,
ASPN,ok,1,2026-10-01T07:23:49Z,2026-10-01T07:23:49Z,
ASPS,ok,1,2026-10-01T07:23:49Z,2026-10-01T07:23:49Z,
ASR,ok,1,2026-10-01T07:23:50Z,2026-10-01T07:23:50Z,
ASRV,ok,1,2026-10-01T07:23:50Z,2026-10-01T07:23:50Z,
ASST,ok,1,2026-10-01T07:23:51Z,2026-10-01T07:23:51Z,
ASTC,ok,1,2026-10-01T07:23:51Z,2026-10-01T07:23:51Z,
ASTE,ok,1,2026-10-01T07:23:52Z,2026-10-01T07:23:52Z,
ASTH,ok,1,2026-10-01T07:23:52Z,2026-10-01T07:23:52Z,
ASTI,ok,1,2026-10-01T07:23:53Z,2026-10-01T07:23:53Z,
ASTL,ok,1,2026-10-01T07:23:53Z,2026-10-01T07:23:53Z,
ASTS,ok,1,2026-10-01T07:23:54Z,2026-10-01T07:23:54Z,
ASUR,ok,1,2026-10-01T07:23:54Z,2026-10-01T07:23:54Z,
ASX,ok,1,2026-10-01T07:23:55Z,2026-10-01T07:23:55Z,
ASYS,ok,1,2026-10-01T07:23:55Z,2026-10-01T07:23:55Z,
ATAT,ok,1,2026-10-01T07:23:56Z,2026-10-01T07:23:56Z,
ATCH,ok,1,2026-10-01T07:23:56Z,2026-10-01T07:23:56Z,
ATCX,ok,1,2026-10-01T07:23:57Z,2026-10-01T07:23:57Z,
ATEC,ok,1,2026-10-01T07:23:57Z,2026-10-01T07:23:57Z,
ATEN,ok,1,2026-10-01T07:23:58Z,2026-10-01T07:23:58Z,
ATER,ok,1,2026-10-01T07:23:58Z,2026-10-01T07:23:58Z,
ATEX,ok,1,2026-10-01T07:23:59Z,2026-10-01T07:23:59Z,
ATGL,ok,1,2026-10-01T07:23:59Z,2026-10-01T07:23:59Z,
ATHE,ok,1,2026-10-01T07:24:00Z,2026-10-01T07:24:00Z,
ATHM,ok,1,2026-10-01T07:24:00Z,2026-10-01T07:24:00Z,
ATHR,ok,1,2026-10-01T07:24:01Z,2026-10-01T07:24:01Z,
ATI,ok,1,2026-10-01T07:24:01Z,2026-10-01T07:24:01Z,
ATII,ok,1,2026-10-01T07:24:02Z,2026-10-01T07:24:02Z,
ATKR,ok,1,2026-10-01T07:24:03Z,2026-10-01T07:24:03Z,
ATLC,ok,1,2026-10-01T07:24:03Z,2026-10-01T07:24:03Z,
ATLO,ok,1,2026-10-01T07:24:03Z,2026-10-01T07:24:03Z,
ATLQ,ok,1,2026-10-01T07:24:04Z,2026-10-01T07:24:04Z,
ATLX,ok,1,2026-10-01T07:24:04Z,2026-10-01T07:24:04Z,
ATMP,ok,1,2026-10-01T07:24:05Z,2026-10-01T07:24:05Z,
ATMU,ok,1,2026-10-01T07:24:06Z,2026-10-01T07:24:06Z,
ATNI,ok,1,2026-10-01T07:24:06Z,2026-10-01T07:24:06Z,
ATNM,ok,1,2026-10-01T07:24:06Z,2026-10-01T07:24:06Z,
ATO,ok,1,2026-10-01T07:24:07Z,2026-10-01T07:24:07Z,
ATOM,ok,1,2026-10-01T07:24:08Z,2026-10-01T07:24:08Z,
ATOS,ok,1,2026-10-01T07:24:08Z,2026-10-01T07:24:08Z,
ATPC,ok,1,2026-10-01T07:24:08Z,2026-10-01T07:24:08Z,
ATR,ok,1,2026-10-01T07:24:09Z,2026-10-01T07:24:09Z,
ATRA,ok,1,2026-10-01T07:24:09Z,2026-10-01T07:24:09Z,
ATRC,ok,1,2026-10-01T07:24:10Z,2026-10-01T07:24:10Z,
ATRO,ok,1,2026-10-01T07:24:10Z,2026-10-01T07:24:10Z,
ATS,ok,1,2026-10-01T07:24:11Z,2026-10-01T07:24:11Z,
ATTO,ok,1,2026-10-01T07:24:12Z,2026-10-01T07:24:12Z,
ATTT,ok,1,2026-10-01T07:24:12Z,2026-10-01T07:24:12Z,
ATXG,ok,1,2026-10-01T07:24:12Z,2026-10-01T07:24:12Z,
ATYR,ok,1,2026-10-01T07:24:13Z,2026-10-01T07:24:13Z,
AU,ok,1,2026-10-01T07:24:14Z,2026-10-01T07:24:14Z,
AUB,ok,1,2026-10-01T07:24:14Z,2026-10-01T07:24:14Z,
AUBN,ok,1,2026-10-01T07:24:15Z,2026-10-01T07:24:15Z,
AUC,ok,1,2026-10-01T07:24:15Z,2026-10-01T07:24:15Z,
AUDC,ok,1,2026-10-01T07:24:16Z,2026-10-01T07:24:16Z,
AUGO,ok,1,2026-10-01T07:24:16Z,2026-10-01T07:24:16Z,
AUID,ok,1,2026-10-01T07:24:16Z,2026-10-01T07:24:16Z,
AUNA,ok,1,2026-10-01T07:24:17Z,2026-10-01T07:24:17Z,
AUPH,ok,1,2026-10-01T07:24:17Z,2026-10-01T07:24:17Z,
AUR,ok,1,2026-10-01T07:24:18Z,2026-10-01T07:24:18Z,
AURA,ok,1,2026-10-01T07:24:19Z,2026-10-01T07:24:19Z,
AURE,ok,1,2026-10-01T07:24:19Z,2026-10-01T07:24:19Z,
AUST,ok,1,2026-10-01T07:24:19Z,2026-10-01T07:24:19Z,
AUTL,ok,1,2026-10-01T07:24:20Z,2026-10-01T07:24:20Z,
AUUD,ok,1,2026-10-01T07:24:20Z,2026-10-01T07:24:20Z,
AUXX,ok,1,2026-10-01T07:24:21Z,2026-10-01T07:24:21Z,
AVA,ok,1,2026-10-01T07:24:21Z,2026-10-01T07:24:21Z,
AVAH,ok,1,2026-10-01T07:24:22Z,2026-10-01T07:24:22Z,
AVAL,ok,1,2026-10-01T07:24:22Z,2026-10-01T07:24:22Z,
AVAT,ok,1,2026-10-01T07:24:23Z,2026-10-01T07:24:23Z,
AVAV,ok,1,2026-10-01T07:24:23Z,2026-10-01T07:24:23Z,
AVBC,ok,1,2026-10-01T07:24:24Z,2026-10-01T07:24:24Z,
AVBH,ok,1,2026-10-01T07:24:24Z,2026-10-01T07:24:24Z,
AVBP,ok,1,2026-10-01T07:24:25Z,2026-10-01T07:24:25Z,
AVD,ok,1,2026-10-01T07:24:25Z,2026-10-01T07:24:25Z,
AVEX,ok,1,2026-10-01T07:24:26Z,2026-10-01T07:24:26Z,
AVGO,ok,1,2026-10-01T07:24:27Z,2026-10-01T07:24:27Z,
AVIR,ok,1,2026-10-01T07:24:27Z,2026-10-01T07:24:27Z,
AVK,ok,1,2026-10-01T07:24:28Z,2026-10-01T07:24:28Z,
AVLN,ok,1,2026-10-01T07:24:28Z,2026-10-01T07:24:28Z,
AVNT,ok,1,2026-10-01T07:24:28Z,2026-10-01T07:24:28Z,
AVNW,ok,1,2026-10-01T07:24:29Z,2026-10-01T07:24:29Z,
AVO,ok,1,2026-10-01T07:24:29Z,2026-10-01T07:24:29Z,
AVPT,ok,1,2026-10-01T07:24:30Z,2026-10-01T07:24:30Z,
AVR,ok,1,2026-10-01T07:24:31Z,2026-10-01T07:24:31Z,
AVT,ok,1,2026-10-01T07:24:31Z,2026-10-01T07:24:31Z,
AVTR,ok,1,2026-10-01T07:24:31Z,2026-10-01T07:24:31Z,
AVTX,ok,1,2026-10-01T07:24:32Z,2026-10-01T07:24:32Z,
AVX,ok,1,2026-10-01T07:24:32Z,2026-10-01T07:24:32Z,
AVXL,ok,1,2026-10-01T07:24:33Z,2026-10-01T07:24:33Z,
AVY,ok,1,2026-10-01T07:24:33Z,2026-10-01T07:24:33Z,
AWF,ok,1,2026-10-01T07:24:34Z,2026-10-01T07:24:34Z,
AWI,ok,1,2026-10-01T07:24:35Z,2026-10-01T07:24:35Z,
AWK,ok,1,2026-10-01T07:24:35Z,2026-10-01T07:24:35Z,
AWP,ok,1,2026-10-01T07:24:36Z,2026-10-01T07:24:36Z,
AWR,ok,1,2026-10-01T07:24:36Z,2026-10-01T07:24:36Z,
AWRE,ok,1,2026-10-01T07:24:36Z,2026-10-01T07:24:36Z,
AWX,ok,1,2026-10-01T07:24:37Z,2026-10-01T07:24:37Z,
AX,ok,1,2026-10-01T07:24:37Z,2026-10-01T07:24:37Z,
AXG,ok,1,2026-10-01T07:24:38Z,2026-10-01T07:24:38Z,
AXGN,ok,1,2026-10-01T07:24:38Z,2026-10-01T07:24:38Z,
AXIL,ok,1,2026-10-01T07:24:39Z,2026-10-01T07:24:39Z,
AXIN,ok,1,2026-10-01T07:24:39Z,2026-10-01T07:24:39Z,
AXON,ok,1,2026-10-01T07:24:40Z,2026-10-01T07:24:40Z,
AXP,ok,1,2026-10-01T07:24:40Z,2026-10-01T07:24:40Z,
AXR,ok,1,2026-10-01T07:24:41Z,2026-10-01T07:24:41Z,
AXS,ok,1,2026-10-01T07:24:41Z,2026-10-01T07:24:41Z,
AXSM,ok,1,2026-10-01T07:24:42Z,2026-10-01T07:24:42Z,
AXTA,ok,1,2026-10-01T07:24:42Z,2026-10-01T07:24:42Z,
AXTI,ok,1,2026-10-01T07:24:43Z,2026-10-01T07:24:43Z,
AYA,ok,1,2026-10-01T07:24:43Z,2026-10-01T07:24:43Z,
AYI,ok,1,2026-10-01T07:24:44Z,2026-10-01T07:24:44Z,
AYTU,ok,1,2026-10-01T07:24:44Z,2026-10-01T07:24:44Z,
AZ,ok,1,2026-10-01T07:24:45Z,2026-10-01T07:24:45Z,
AZI,ok,1,2026-10-01T07:24:45Z,2026-10-01T07:24:45Z,
AZIO,ok,1,2026-10-01T07:24:46Z,2026-10-01T07:24:46Z,
AZN,ok,1,2026-10-01T07:24:47Z,2026-10-01T07:24:47Z,
AZO,ok,1,2026-10-01T07:24:47Z,2026-10-01T07:24:47Z,
AZTA,ok,1,2026-10-01T07:24:47Z,2026-10-01T07:24:47Z,
AZTR,ok,1,2026-10-01T07:24:48Z,2026-10-01T07:24:48Z,
AZUL,ok,1,2026-10-01T07:24:48Z,2026-10-01T07:24:48Z,
AZZ,ok,1,2026-10-01T07:24:49Z,2026-10-01T07:24:49Z,
B,ok,1,2026-10-01T07:24:49Z,2026-10-01T07:24:49Z,
BA,ok,1,2026-10-01T07:24:50Z,2026-10-01T07:24:50Z,
BABA,ok,1,2026-10-01T07:24:50Z,2026-10-01T07:24:50Z,
BAC,ok,1,2026-10-01T07:24:51Z,2026-10-01T07:24:51Z,
BACC,ok,1,2026-10-01T07:24:51Z,2026-10-01T07:24:51Z,
BAER,ok,1,2026-10-01T07:24:52Z,2026-10-01T07:24:52Z,
BAFN,ok,1,2026-10-01T07:24:52Z,2026-10-01T07:24:52Z,
BAH,ok,1,2026-10-01T07:24:53Z,2026-10-01T07:24:53Z,
BAK,ok,1,2026-10-01T07:24:53Z,2026-10-01T07:24:53Z,
BALL,ok,1,2026-10-01T07:24:54Z,2026-10-01T07:24:54Z,
BALY,ok,1,2026-10-01T07:24:54Z,2026-10-01T07:24:54Z,
BAM,ok,1,2026-10-01T07:24:55Z,2026-10-01T07:24:55Z,
BANC,ok,1,2026-10-01T07:24:55Z,2026-10-01T07:24:55Z,
BAND,ok,1,2026-10-01T07:24:56Z,2026-10-01T07:24:56Z,
BANF,ok,1,2026-10-01T07:24:56Z,2026-10-01T07:24:56Z,
BANL,ok,1,2026-10-01T07:24:57Z,2026-10-01T07:24:57Z,
BANR,ok,1,2026-10-01T07:24:57Z,2026-10-01T07:24:57Z,
BANX,ok,1,2026-10-01T07:24:58Z,2026-10-01T07:24:58Z,
BAOS,ok,1,2026-10-01T07:24:58Z,2026-10-01T07:24:58Z,
BAP,ok,1,2026-10-01T07:24:59Z,2026-10-01T07:24:59Z,
BAR,ok,1,2026-10-01T07:25:00Z,2026-10-01T07:25:00Z,
BARK,ok,1,2026-10-01T07:25:00Z,2026-10-01T07:25:00Z,
BATL,ok,1,2026-10-01T07:25:00Z,2026-10-01T07:25:00Z,
BATRA,ok,1,2026-10-01T07:25:01Z,2026-10-01T07:25:01Z,
BATRK,ok,1,2026-10-01T07:25:01Z,2026-10-01T07:25:01Z,
BAX,ok,1,2026-10-01T07:25:02Z,2026-10-01T07:25:02Z,
BB,ok,1,2026-10-01T07:25:02Z,2026-10-01T07:25:02Z,
BBAI,ok,1,2026-10-01T07:25:03Z,2026-10-01T07:25:03Z,
BBAR,ok,1,2026-10-01T07:25:03Z,2026-10-01T07:25:03Z,
BBCP,ok,1,2026-10-01T07:25:04Z,2026-10-01T07:25:04Z,
BBD,ok,1,2026-10-01T07:25:04Z,2026-10-01T07:25:04Z,
BBDC,ok,1,2026-10-01T07:25:05Z,2026-10-01T07:25:05Z,
BBDO,ok,1,2026-10-01T07:25:05Z,2026-10-01T07:25:05Z,
BBGI,ok,1,2026-10-01T07:25:06Z,2026-10-01T07:25:06Z,
BBIO,ok,1,2026-10-01T07:25:06Z,2026-10-01T07:25:06Z,
BBLG,ok,1,2026-10-01T07:25:07Z,2026-10-01T07:25:07Z,
BBN,ok,1,2026-10-01T07:25:08Z,2026-10-01T07:25:08Z,
BBNX,ok,1,2026-10-01T07:25:08Z,2026-10-01T07:25:08Z,
BBOT,ok,1,2026-10-01T07:25:08Z,2026-10-01T07:25:08Z,
BBSI,ok,1,2026-10-01T07:25:09Z,2026-10-01T07:25:09Z,
BBT,ok,1,2026-10-01T07:25:09Z,2026-10-01T07:25:09Z,
BBUC,ok,1,2026-10-01T07:25:10Z,2026-10-01T07:25:10Z,
BBVA,ok,1,2026-10-01T07:25:10Z,2026-10-01T07:25:10Z,
BBW,ok,1,2026-10-01T07:25:11Z,2026-10-01T07:25:11Z,
BBWI,ok,1,2026-10-01T07:25:12Z,2026-10-01T07:25:12Z,
BBY,ok,1,2026-10-01T07:25:12Z,2026-10-01T07:25:12Z,
BC,ok,1,2026-10-01T07:25:13Z,2026-10-01T07:25:13Z,
BCAL,ok,1,2026-10-01T07:25:13Z,2026-10-01T07:25:13Z,
BCAT,ok,1,2026-10-01T07:25:13Z,2026-10-01T07:25:13Z,
BCAX,ok,1,2026-10-01T07:25:14Z,2026-10-01T07:25:14Z,
BCBP,ok,1,2026-10-01T07:25:14Z,2026-10-01T07:25:14Z,
BCC,ok,1,2026-10-01T07:25:15Z,2026-10-01T07:25:15Z,
BCCQ,ok,1,2026-10-01T07:25:15Z,2026-10-01T07:25:15Z,
BCDA,ok,1,2026-10-01T07:25:16Z,2026-10-01T07:25:16Z,
BCE,ok,1,2026-10-01T07:25:16Z,2026-10-01T07:25:16Z,
BCG,ok,1,2026-10-01T07:25:17Z,2026-10-01T07:25:17Z,
BCH,ok,1,2026-10-01T07:25:17Z,2026-10-01T07:25:17Z,
BCHT,ok,1,2026-10-01T07:25:18Z,2026-10-01T07:25:18Z,
BCIC,ok,1,2026-10-01T07:25:18Z,2026-10-01T07:25:18Z,
BCML,ok,1,2026-10-01T07:25:19Z,2026-10-01T07:25:19Z,
BCO,ok,1,2026-10-01T07:25:19Z,2026-10-01T07:25:19Z,
BCPC,ok,1,2026-10-01T07:25:20Z,2026-10-01T07:25:20Z,
BCRX,ok,1,2026-10-01T07:25:20Z,2026-10-01T07:25:20Z,
BCS,ok,1,2026-10-01T07:25:21Z,2026-10-01T07:25:21Z,
BCSF,ok,1,2026-10-01T07:25:21Z,2026-10-01T07:25:21Z,
BCSS,ok,1,2026-10-01T07:25:22Z,2026-10-01T07:25:22Z,
BCTX,ok,1,2026-10-01T07:25:22Z,2026-10-01T07:25:22Z,
BCV,ok,1,2026-10-01T07:25:23Z,2026-10-01T07:25:23Z,
BCX,ok,1,2026-10-01T07:25:23Z,2026-10-01T07:25:23Z,
BCYC,ok,1,2026-10-01T07:25:24Z,2026-10-01T07:25:24Z,
BDC,ok,1,2026-10-01T07:25:24Z,2026-10-01T07:25:24Z,
BDCI,ok,1,2026-10-01T07:25:25Z,2026-10-01T07:25:25Z,
BDCZ,ok,1,2026-10-01T07:25:26Z,2026-10-01T07:25:26Z,
BDJ,ok,1,2026-10-01T07:25:26Z,2026-10-01T07:25:26Z,
BDL,ok,1,2026-10-01T07:25:26Z,2026-10-01T07:25:26Z,
BDMD,ok,1,2026-10-01T07:25:27Z,2026-10-01T07:25:27Z,
BDN,ok,1,2026-10-01T07:25:27Z,2026-10-01T07:25:27Z,
BDRX,ok,1,2026-10-01T07:25:28Z,2026-10-01T07:25:28Z,
BDSX,ok,1,2026-10-01T07:25:28Z,2026-10-01T07:25:28Z,
BDTX,ok,1,2026-10-01T07:25:29Z,2026-10-01T07:25:29Z,
BDX,ok,1,2026-10-01T07:25:30Z,2026-10-01T07:25:30Z,
BE,ok,1,2026-10-01T07:25:30Z,2026-10-01T07:25:30Z,
BEAG,ok,1,2026-10-01T07:25:31Z,2026-10-01T07:25:31Z,
BEAM,ok,1,2026-10-01T07:25:31Z,2026-10-01T07:25:31Z,
BEAT,ok,1,2026-10-01T07:25:32Z,2026-10-01T07:25:32Z,
BEBE,ok,1,2026-10-01T07:25:32Z,2026-10-01T07:25:32Z,
BEEM,ok,1,2026-10-01T07:25:32Z,2026-10-01T07:25:32Z,
BEEP,ok,1,2026-10-01T07:25:33Z,2026-10-01T07:25:33Z,
BEKE,ok,1,2026-10-01T07:25:33Z,2026-10-01T07:25:33Z,
BELFA,ok,1,2026-10-01T07:25:34Z,2026-10-01T07:25:34Z,
BELFB,ok,1,2026-10-01T07:25:35Z,2026-10-01T07:25:35Z,
BEN,ok,1,2026-10-01T07:25:35Z,2026-10-01T07:25:35Z,
BENF,ok,1,2026-10-01T07:25:35Z,2026-10-01T07:25:35Z,
BEP,ok,1,2026-10-01T07:25:36Z,2026-10-01T07:25:36Z,
BEPC,ok,1,2026-10-01T07:25:36Z,2026-10-01T07:25:36Z,
BESS,ok,1,2026-10-01T07:25:37Z,2026-10-01T07:25:37Z,
BETA,ok,1,2026-10-01T07:25:37Z,2026-10-01T07:25:37Z,
BETR,ok,1,2026-10-01T07:25:38Z,2026-10-01T07:25:38Z,
BF-A,ok,1,2026-10-01T07:25:39Z,2026-10-01T07:25:39Z,
BF-B,ok,1,2026-10-01T07:25:39Z,2026-10-01T07:25:39Z,
BFAM,ok,1,2026-10-01T07:25:40Z,2026-10-01T07:25:40Z,
BFC,ok,1,2026-10-01T07:25:40Z,2026-10-01T07:25:40Z,
BFH,ok,1,2026-10-01T07:25:40Z,2026-10-01T07:25:40Z,
BFLY,ok,1,2026-10-01T07:25:41Z,2026-10-01T07:25:41Z,
BFRG,ok,1,2026-10-01T07:25:41Z,2026-10-01T07:25:41Z,
BFRI,ok,1,2026-10-01T07:25:42Z,2026-10-01T07:25:42Z,
BFS,ok,1,2026-10-01T07:25:42Z,2026-10-01T07:25:42Z,
BFST,ok,1,2026-10-01T07:25:43Z,2026-10-01T07:25:43Z,
BG,ok,1,2026-10-01T07:25:43Z,2026-10-01T07:25:43Z,
BGB,ok,1,2026-10-01T07:25:44Z,2026-10-01T07:25:44Z,
BGC,ok,1,2026-10-01T07:25:44Z,2026-10-01T07:25:44Z,
BGDE,ok,1,2026-10-01T07:25:45Z,2026-10-01T07:25:45Z,
BGH,ok,1,2026-10-01T07:25:45Z,2026-10-01T07:25:45Z,
BGIN,ok,1,2026-10-01T07:25:46Z,2026-10-01T07:25:46Z,
BGL,ok,1,2026-10-01T07:25:46Z,2026-10-01T07:25:46Z,
BGLC,ok,1,2026-10-01T07:25:47Z,2026-10-01T07:25:47Z,
BGM,ok,1,2026-10-01T07:25:47Z,2026-10-01T07:25:47Z,
BGMS,ok,1,2026-10-01T07:25:48Z,2026-10-01T07:25:48Z,
BGR,ok,1,2026-10-01T07:25:48Z,2026-10-01T07:25:48Z,
BGS,ok,1,2026-10-01T07:25:49Z,2026-10-01T07:25:49Z,
BGSF,ok,1,2026-10-01T07:25:49Z,2026-10-01T07:25:49Z,
BGSI,ok,1,2026-10-01T07:25:50Z,2026-10-01T07:25:50Z,
BGT,ok,1,2026-10-01T07:25:50Z,2026-10-01T07:25:50Z,
BGX,ok,1,2026-10-01T07:25:51Z,2026-10-01T07:25:51Z,
BGY,ok,1,2026-10-01T07:25:51Z,2026-10-01T07:25:51Z,
BH,ok,1,2026-10-01T07:25:52Z,2026-10-01T07:25:52Z,
BH-A,ok,1,2026-10-01T07:25:52Z,2026-10-01T07:25:52Z,
BHAV,ok,1,2026-10-01T07:25:53Z,2026-10-01T07:25:53Z,
BHB,ok,1,2026-10-01T07:25:53Z,2026-10-01T07:25:53Z,
BHC,ok,1,2026-10-01T07:25:54Z,2026-10-01T07:25:54Z,
BHE,ok,1,2026-10-01T07:25:54Z,2026-10-01T07:25:54Z,
BHF,ok,1,2026-10-01T07:25:55Z,2026-10-01T07:25:55Z,
BHM,ok,1,2026-10-01T07:25:55Z,2026-10-01T07:25:55Z,
BHP,ok,1,2026-10-01T07:25:56Z,2026-10-01T07:25:56Z,
BHR,ok,1,2026-10-01T07:25:56Z,2026-10-01T07:25:56Z,
BHRB,ok,1,2026-10-01T07:25:57Z,2026-10-01T07:25:57Z,
BHST,ok,1,2026-10-01T07:25:57Z,2026-10-01T07:25:57Z,
BHVN,ok,1,2026-10-01T07:25:58Z,2026-10-01T07:25:58Z,
BIAF,ok,1,2026-10-01T07:25:59Z,2026-10-01T07:25:59Z,
BID,ok,1,2026-10-01T07:25:59Z,2026-10-01T07:25:59Z,
BIDU,ok,1,2026-10-01T07:25:59Z,2026-10-01T07:25:59Z,
BIIB,ok,1,2026-10-01T07:26:00Z,2026-10-01T07:26:00Z,
BIII,ok,1,2026-10-01T07:26:00Z,2026-10-01T07:26:00Z,
BILI,ok,1,2026-10-01T07:26:01Z,2026-10-01T07:26:01Z,
BILL,ok,1,2026-10-01T07:26:01Z,2026-10-01T07:26:01Z,
BIO,ok,1,2026-10-01T07:26:02Z,2026-10-01T07:26:02Z,
BIO-B,ok,1,2026-10-01T07:26:02Z,2026-10-01T07:26:02Z,
BIOA,ok,1,2026-10-01T07:26:03Z,2026-10-01T07:26:03Z,
BIOT,ok,1,2026-10-01T07:26:03Z,2026-10-01T07:26:03Z,
BIOX,ok,1,2026-10-01T07:26:04Z,2026-10-01T07:26:04Z,
BIP,ok,1,2026-10-01T07:26:04Z,2026-10-01T07:26:04Z,
BIPC,ok,1,2026-10-01T07:26:05Z,2026-10-01T07:26:05Z,
BIRD,ok,1,2026-10-01T07:26:05Z,2026-10-01T07:26:05Z,
BIRK,ok,1,2026-10-01T07:26:06Z,2026-10-01T07:26:06Z,
BIT,ok,1,2026-10-01T07:26:07Z,2026-10-01T07:26:07Z,
BIVI,ok,1,2026-10-01T07:26:07Z,2026-10-01T07:26:07Z,
BIXI,ok,1,2026-10-01T07:26:07Z,2026-10-01T07:26:07Z,
BIYA,ok,1,2026-10-01T07:26:08Z,2026-10-01T07:26:08Z,
BJ,ok,1,2026-10-01T07:26:08Z,2026-10-01T07:26:08Z,
BJDX,ok,1,2026-10-01T07:26:09Z,2026-10-01T07:26:09Z,
BJRI,ok,1,2026-10-01T07:26:09Z,2026-10-01T07:26:09Z,
BKD,ok,1,2026-10-01T07:26:10Z,2026-10-01T07:26:10Z,
BKE,ok,1,2026-10-01T07:26:11Z,2026-10-01T07:26:11Z,
BKH,ok,1,2026-10-01T07:26:11Z,2026-10-01T07:26:11Z,
BKHA,ok,1,2026-10-01T07:26:11Z,2026-10-01T07:26:11Z,
BKKT,ok,1,2026-10-01T07:26:12Z,2026-10-01T07:26:12Z,
BKNG,ok,1,2026-10-01T07:26:12Z,2026-10-01T07:26:12Z,
BKR,ok,1,2026-10-01T07:26:13Z,2026-10-01T07:26:13Z,
BKSY,ok,1,2026-10-01T07:26:13Z,2026-10-01T07:26:13Z,
BKT,ok,1,2026-10-01T07:26:14Z,2026-10-01T07:26:14Z,
BKTI,ok,1,2026-10-01T07:26:14Z,2026-10-01T07:26:14Z,
BKU,ok,1,2026-10-01T07:26:15Z,2026-10-01T07:26:15Z,
BKV,ok,1,2026-10-01T07:26:15Z,2026-10-01T07:26:15Z,
BKYI,ok,1,2026-10-01T07:26:16Z,2026-10-01T07:26:16Z,
BL,ok,1,2026-10-01T07:26:16Z,2026-10-01T07:26:16Z,
BLBD,ok,1,2026-10-01T07:26:17Z,2026-10-01T07:26:17Z,
BLCO,ok,1,2026-10-01T07:26:17Z,2026-10-01T07:26:17Z,
BLDP,ok,1,2026-10-01T07:26:18Z,2026-10-01T07:26:18Z,
BLDR,ok,1,2026-10-01T07:26:18Z,2026-10-01T07:26:18Z,
BLFS,ok,1,2026-10-01T07:26:19Z,2026-10-01T07:26:19Z,
BLIN,ok,1,2026-10-01T07:26:19Z,2026-10-01T07:26:19Z,
BLIV,ok,1,2026-10-01T07:26:20Z,2026-10-01T07:26:20Z,
BLK,ok,1,2026-10-01T07:26:20Z,2026-10-01T07:26:20Z,
BLKB,ok,1,2026-10-01T07:26:21Z,2026-10-01T07:26:21Z,
BLLN,ok,1,2026-10-01T07:26:22Z,2026-10-01T07:26:22Z,
BLMN,ok,1,2026-10-01T07:26:22Z,2026-10-01T07:26:22Z,
BLND,ok,1,2026-10-01T07:26:22Z,2026-10-01T07:26:22Z,
BLNE,ok,1,2026-10-01T07:26:23Z,2026-10-01T07:26:23Z,
BLNK,ok,1,2026-10-01T07:26:23Z,2026-10-01T07:26:23Z,
BLRK,ok,1,2026-10-01T07:26:24Z,2026-10-01T07:26:24Z,
BLRX,ok,1,2026-10-01T07:26:24Z,2026-10-01T07:26:24Z,
BLSH,ok,1,2026-10-01T07:26:25Z,2026-10-01T07:26:25Z,
BLSM,ok,1,2026-10-01T07:26:25Z,2026-10-01T07:26:25Z,
BLTE,ok,1,2026-10-01T07:26:26Z,2026-10-01T07:26:26Z,
BLUW,ok,1,2026-10-01T07:26:26Z,2026-10-01T07:26:26Z,
BLW,ok,1,2026-10-01T07:26:27Z,2026-10-01T07:26:27Z,
BLX,ok,1,2026-10-01T07:26:27Z,2026-10-01T07:26:27Z,
BLZE,ok,1,2026-10-01T07:26:28Z,2026-10-01T07:26:28Z,
BLZR,ok,1,2026-10-01T07:26:28Z,2026-10-01T07:26:28Z,
BMA,ok,1,2026-10-01T07:26:29Z,2026-10-01T07:26:29Z,
BMBL,ok,1,2026-10-01T07:26:29Z,2026-10-01T07:26:29Z,
BME,ok,1,2026-10-01T07:26:30Z,2026-10-01T07:26:30Z,
BMEA,ok,1,2026-10-01T07:26:31Z,2026-10-01T07:26:31Z,
BMEZ,ok,1,2026-10-01T07:26:31Z,2026-10-01T07:26:31Z,
BMGL,ok,1,2026-10-01T07:26:31Z,2026-10-01T07:26:31Z,
BMHL,ok,1,2026-10-01T07:26:32Z,2026-10-01T07:26:32Z,
BMI,ok,1,2026-10-01T07:26:32Z,2026-10-01T07:26:32Z,
BMM,ok,1,2026-10-01T07:26:33Z,2026-10-01T07:26:33Z,
BMN,ok,1,2026-10-01T07:26:33Z,2026-10-01T07:26:33Z,
BMNR,ok,1,2026-10-01T07:26:34Z,2026-10-01T07:26:34Z,
BMO,ok,1,2026-10-01T07:26:34Z,2026-10-01T07:26:34Z,
BMR,ok,1,2026-10-01T07:26:35Z,2026-10-01T07:26:35Z,
BMRA,ok,1,2026-10-01T07:26:35Z,2026-10-01T07:26:35Z,
BMRC,ok,1,2026-10-01T07:26:36Z,2026-10-01T07:26:36Z,
BMRN,ok,1,2026-10-01T07:26:36Z,2026-10-01T07:26:36Z,
BMY,ok,1,2026-10-01T07:26:37Z,2026-10-01T07:26:37Z,
BN,ok,1,2026-10-01T07:26:37Z,2026-10-01T07:26:37Z,
BNAI,ok,1,2026-10-01T07:26:38Z,2026-10-01T07:26:38Z,
BNC,ok,1,2026-10-01T07:26:38Z,2026-10-01T07:26:38Z,
BNED,ok,1,2026-10-01T07:26:39Z,2026-10-01T07:26:39Z,
BNGO,ok,1,2026-10-01T07:26:40Z,2026-10-01T07:26:40Z,
BNKK,ok,1,2026-10-01T07:26:40Z,2026-10-01T07:26:40Z,
BNL,ok,1,2026-10-01T07:26:40Z,2026-10-01T07:26:40Z,
BNR,ok,1,2026-10-01T07:26:41Z,2026-10-01T07:26:41Z,
BNS,ok,1,2026-10-01T07:26:41Z,2026-10-01T07:26:41Z,
BNT,ok,1,2026-10-01T07:26:42Z,2026-10-01T07:26:42Z,
BNTC,ok,1,2026-10-01T07:26:42Z,2026-10-01T07:26:42Z,
BNTX,ok,1,2026-10-01T07:26:43Z,2026-10-01T07:26:43Z,
BNY,ok,1,2026-10-01T07:26:43Z,2026-10-01T07:26:43Z,
BOBS,ok,1,2026-10-01T07:26:44Z,2026-10-01T07:26:44Z,
BOC,ok,1,2026-10-01T07:26:44Z,2026-10-01T07:26:44Z,
BODI,ok,1,2026-10-01T07:26:45Z,2026-10-01T07:26:45Z,
BOE,ok,1,2026-10-01T07:26:45Z,2026-10-01T07:26:45Z,
BOF,ok,1,2026-10-01T07:26:46Z,2026-10-01T07:26:46Z,
BOH,ok,1,2026-10-01T07:26:46Z,2026-10-01T07:26:46Z,
BOKF,ok,1,2026-10-01T07:26:47Z,2026-10-01T07:26:47Z,
BOLD,ok,1,2026-10-01T07:26:47Z,2026-10-01T07:26:47Z,
BOLT,ok,1,2026-10-01T07:26:48Z,2026-10-01T07:26:48Z,
BON,ok,1,2026-10-01T07:26:48Z,2026-10-01T07:26:48Z,
BOOM,ok,1,2026-10-01T07:26:49Z,2026-10-01T07:26:49Z,
BOOT,ok,1,2026-10-01T07:26:49Z,2026-10-01T07:26:49Z,
BORR,ok,1,2026-10-01T07:26:50Z,2026-10-01T07:26:50Z,
BOSC,ok,1,2026-10-01T07:26:50Z,2026-10-01T07:26:50Z,
BOT,ok,1,2026-10-01T07:26:51Z,2026-10-01T07:26:51Z,
BOTJ,ok,1,2026-10-01T07:26:51Z,2026-10-01T07:26:51Z,
BOW,ok,1,2026-10-01T07:26:52Z,2026-10-01T07:26:52Z,
BOX,ok,1,2026-10-01T07:26:52Z,2026-10-01T07:26:52Z,
BOXL,ok,1,2026-10-01T07:26:53Z,2026-10-01T07:26:53Z,
BP,ok,1,2026-10-01T07:26:53Z,2026-10-01T07:26:53Z,
BPAC,ok,1,2026-10-01T07:26:54Z,2026-10-01T07:26:54Z,
BPOP,ok,1,2026-10-01T07:26:55Z,2026-10-01T07:26:55Z,
BPRE,ok,1,2026-10-01T07:26:55Z,2026-10-01T07:26:55Z,
BPRN,ok,1,2026-10-01T07:26:55Z,2026-10-01T07:26:55Z,
BPYPM,ok,1,2026-10-01T07:26:56Z,2026-10-01T07:26:56Z,
BPYPN,ok,1,2026-10-01T07:26:56Z,2026-10-01T07:26:56Z,
BPYPO,ok,1,2026-10-01T07:26:57Z,2026-10-01T07:26:57Z,
BPYPP,ok,1,2026-10-01T07:26:57Z,2026-10-01T07:26:57Z,
BQ,ok,1,2026-10-01T07:26:58Z,2026-10-01T07:26:58Z,
BR,ok,1,2026-10-01T07:26:58Z,2026-10-01T07:26:58Z,
BRAG,ok,1,2026-10-01T07:26:59Z,2026-10-01T07:26:59Z,
BRAI,ok,1,2026-10-01T07:26:59Z,2026-10-01T07:26:59Z,
BRBI,ok,1,2026-10-01T07:27:00Z,2026-10-01T07:27:00Z,
BRBR,ok,1,2026-10-01T07:27:00Z,2026-10-01T07:27:00Z,
BRBS,ok,1,2026-10-01T07:27:01Z,2026-10-01T07:27:01Z,
BRC,ok,1,2026-10-01T07:27:01Z,2026-10-01T07:27:01Z,
BRCB,ok,1,2026-10-01T07:27:02Z,2026-10-01T07:27:02Z,
BRCC,ok,1,2026-10-01T07:27:02Z,2026-10-01T07:27:02Z,
BREZ,ok,1,2026-10-01T07:27:03Z,2026-10-01T07:27:03Z,
BRFH,ok,1,2026-10-01T07:27:03Z,2026-10-01T07:27:03Z,
BRIA,ok,1,2026-10-01T07:27:04Z,2026-10-01T07:27:04Z,
BRID,ok,1,2026-10-01T07:27:04Z,2026-10-01T07:27:04Z,
BRK-A,ok,1,2026-10-01T07:27:05Z,2026-10-01T07:27:05Z,
BRK-B,ok,1,2026-10-01T07:27:05Z,2026-10-01T07:27:05Z,
BRKH,ok,1,2026-10-01T07:27:06Z,2026-10-01T07:27:06Z,
BRKR,ok,1,2026-10-01T07:27:06Z,2026-10-01T07:27:06Z,
BRLS,ok,1,2026-10-01T07:27:07Z,2026-10-01T07:27:07Z,
BRLT,ok,1,2026-10-01T07:27:07Z,2026-10-01T07:27:07Z,
BRN,ok,1,2026-10-01T07:27:08Z,2026-10-01T07:27:08Z,
BRNX,ok,1,2026-10-01T07:27:08Z,2026-10-01T07:27:08Z,
BRO,ok,1,2026-10-01T07:27:09Z,2026-10-01T07:27:09Z,
BROS,ok,1,2026-10-01T07:27:09Z,2026-10-01T07:27:09Z,
BRSL,ok,1,2026-10-01T07:27:10Z,2026-10-01T07:27:10Z,
BRSP,ok,1,2026-10-01T07:27:11Z,2026-10-01T07:27:11Z,
BRT,ok,1,2026-10-01T07:27:11Z,2026-10-01T07:27:11Z,
BRTM,ok,1,2026-10-01T07:27:12Z,2026-10-01T07:27:12Z,
BRTX,ok,1,2026-10-01T07:27:12Z,2026-10-01T07:27:12Z,
BRUN,ok,1,2026-10-01T07:27:12Z,2026-10-01T07:27:12Z,
BRVE,ok,1,2026-10-01T07:27:13Z,2026-10-01T07:27:13Z,
BRW,ok,1,2026-10-01T07:27:13Z,2026-10-01T07:27:13Z,
BRX,ok,1,2026-10-01T07:27:14Z,2026-10-01T07:27:14Z,
BRZE,ok,1,2026-10-01T07:27:15Z,2026-10-01T07:27:15Z,
BSAA,ok,1,2026-10-01T07:27:15Z,2026-10-01T07:27:15Z,
BSAC,ok,1,2026-10-01T07:27:16Z,2026-10-01T07:27:16Z,
BSBK,ok,1,2026-10-01T07:27:16Z,2026-10-01T07:27:16Z,
BSBR,ok,1,2026-10-01T07:27:16Z,2026-10-01T07:27:16Z,
BSEM,ok,1,2026-10-01T07:27:17Z,2026-10-01T07:27:17Z,
BSET,ok,1,2026-10-01T07:27:17Z,2026-10-01T07:27:17Z,
BSIN,ok,1,2026-10-01T07:27:18Z,2026-10-01T07:27:18Z,
BSL,ok,1,2026-10-01T07:27:19Z,2026-10-01T07:27:19Z,
BSM,ok,1,2026-10-01T07:27:19Z,2026-10-01T07:27:19Z,
BSP,ok,1,2026-10-01T07:27:20Z,2026-10-01T07:27:20Z,
BSRR,ok,1,2026-10-01T07:27:20Z,2026-10-01T07:27:20Z,
BST,ok,1,2026-10-01T07:27:20Z,2026-10-01T07:27:20Z,
BSTZ,ok,1,2026-10-01T07:27:21Z,2026-10-01T07:27:21Z,
BSVN,ok,1,2026-10-01T07:27:22Z,2026-10-01T07:27:22Z,
BSX,ok,1,2026-10-01T07:27:22Z,2026-10-01T07:27:22Z,
BSY,ok,1,2026-10-01T07:27:22Z,2026-10-01T07:27:22Z,
BTBD,ok,1,2026-10-01T07:27:23Z,2026-10-01T07:27:23Z,
BTBT,ok,1,2026-10-01T07:27:23Z,2026-10-01T07:27:23Z,
BTCS,ok,1,2026-10-01T07:27:24Z,2026-10-01T07:27:24Z,
BTCT,ok,1,2026-10-01T07:27:24Z,2026-10-01T07:27:24Z,
BTDR,ok,1,2026-10-01T07:27:25Z,2026-10-01T07:27:25Z,
BTE,ok,1,2026-10-01T07:27:25Z,2026-10-01T07:27:25Z,
BTG,ok,1,2026-10-01T07:27:26Z,2026-10-01T07:27:26Z,
BTGO,ok,1,2026-10-01T07:27:26Z,2026-10-01T07:27:26Z,
BTI,ok,1,2026-10-01T07:27:27Z,2026-10-01T07:27:27Z,
BTLN,ok,1,2026-10-01T07:27:27Z,2026-10-01T07:27:27Z,
BTMD,ok,1,2026-10-01T07:27:28Z,2026-10-01T07:27:28Z,
BTO,ok,1,2026-10-01T07:27:28Z,2026-10-01T07:27:28Z,
BTOC,ok,1,2026-10-01T07:27:29Z,2026-10-01T07:27:29Z,
BTQ,ok,1,2026-10-01T07:27:29Z,2026-10-01T07:27:29Z,
BTSG,ok,1,2026-10-01T07:27:30Z,2026-10-01T07:27:30Z,
BTT,ok,1,2026-10-01T07:27:31Z,2026-10-01T07:27:31Z,
BTTC,ok,1,2026-10-01T07:27:31Z,2026-10-01T07:27:31Z,
BTU,ok,1,2026-10-01T07:27:31Z,2026-10-01T07:27:31Z,
BTX,ok,1,2026-10-01T07:27:32Z,2026-10-01T07:27:32Z,
BTZ,ok,1,2026-10-01T07:27:32Z,2026-10-01T07:27:32Z,
BUD,ok,1,2026-10-01T07:27:33Z,2026-10-01T07:27:33Z,
BUDA,ok,1,2026-10-01T07:27:33Z,2026-10-01T07:27:33Z,
BUI,ok,1,2026-10-01T07:27:34Z,2026-10-01T07:27:34Z,
BULL,ok,1,2026-10-01T07:27:34Z,2026-10-01T07:27:34Z,
BUR,ok,1,2026-10-01T07:27:35Z,2026-10-01T07:27:35Z,
BURL,ok,1,2026-10-01T07:27:35Z,2026-10-01T07:27:35Z,
BURU,ok,1,2026-10-01T07:27:36Z,2026-10-01T07:27:36Z,
BUSE,ok,1,2026-10-01T07:27:36Z,2026-10-01T07:27:36Z,
BUUU,ok,1,2026-10-01T07:27:37Z,2026-10-01T07:27:37Z,
BV,ok,1,2026-10-01T07:27:37Z,2026-10-01T07:27:37Z,
BVC,ok,1,2026-10-01T07:27:38Z,2026-10-01T07:27:38Z,
BVFL,ok,1,2026-10-01T07:27:38Z,2026-10-01T07:27:38Z,
BVN,ok,1,2026-10-01T07:27:39Z,2026-10-01T07:27:39Z,
BVS,ok,1,2026-10-01T07:27:39Z,2026-10-01T07:27:39Z,
BW,ok,1,2026-10-01T07:27:40Z,2026-10-01T07:27:40Z,
BWA,ok,1,2026-10-01T07:27:40Z,2026-10-01T07:27:40Z,
BWAY,ok,1,2026-10-01T07:27:41Z,2026-10-01T07:27:41Z,
BWB,ok,1,2026-10-01T07:27:41Z,2026-10-01T07:27:41Z,
BWEN,ok,1,2026-10-01T07:27:42Z,2026-10-01T07:27:42Z,
BWFG,ok,1,2026-10-01T07:27:42Z,2026-10-01T07:27:42Z,
BWG,ok,1,2026-10-01T07:27:43Z,2026-10-01T07:27:43Z,
BWIN,ok,1,2026-10-01T07:27:43Z,2026-10-01T07:27:43Z,
BWIV,ok,1,2026-10-01T07:27:44Z,2026-10-01T07:27:44Z,
BWLP,ok,1,2026-10-01T07:27:44Z,2026-10-01T07:27:44Z,
BWMN,ok,1,2026-10-01T07:27:45Z,2026-10-01T07:27:45Z,
BWMX,ok,1,2026-10-01T07:27:45Z,2026-10-01T07:27:45Z,
BWXT,ok,1,2026-10-01T07:27:46Z,2026-10-01T07:27:46Z,
BX,ok,1,2026-10-01T07:27:46Z,2026-10-01T07:27:46Z,
BXBL,ok,1,2026-10-01T07:27:47Z,2026-10-01T07:27:47Z,
BXC,ok,1,2026-10-01T07:27:47Z,2026-10-01T07:27:47Z,
BXDC,ok,1,2026-10-01T07:27:48Z,2026-10-01T07:27:48Z,
BXMT,ok,1,2026-10-01T07:27:48Z,2026-10-01T07:27:48Z,
BXP,ok,1,2026-10-01T07:27:49Z,2026-10-01T07:27:49Z,
BXSL,ok,1,2026-10-01T07:27:49Z,2026-10-01T07:27:49Z,
BY,ok,1,2026-10-01T07:27:50Z,2026-10-01T07:27:50Z,
BYAH,ok,1,2026-10-01T07:27:51Z,2026-10-01T07:27:51Z,
BYD,ok,1,2026-10-01T07:27:51Z,2026-10-01T07:27:51Z,
BYFC,ok,1,2026-10-01T07:27:51Z,2026-10-01T07:27:51Z,
BYND,ok,1,2026-10-01T07:27:52Z,2026-10-01T07:27:52Z,
BYRN,ok,1,2026-10-01T07:27:52Z,2026-10-01T07:27:52Z,
BYSI,ok,1,2026-10-01T07:27:53Z,2026-10-01T07:27:53Z,
BZ,ok,1,2026-10-01T07:27:53Z,2026-10-01T07:27:53Z,
BZAI,ok,1,2026-10-01T07:27:54Z,2026-10-01T07:27:54Z,
BZFD,ok,1,2026-10-01T07:27:54Z,2026-10-01T07:27:54Z,
BZH,ok,1,2026-10-01T07:27:55Z,2026-10-01T07:27:55Z,
BZUN,ok,1,2026-10-01T07:27:55Z,2026-10-01T07:27:55Z,
C,ok,1,2026-10-01T07:27:56Z,2026-10-01T07:27:56Z,
CAAP,ok,1,2026-10-01T07:27:56Z,2026-10-01T07:27:56Z,
CAAS,ok,1,2026-10-01T07:27:57Z,2026-10-01T07:27:57Z,
CABA,ok,1,2026-10-01T07:27:57Z,2026-10-01T07:27:57Z,
CABO,ok,1,2026-10-01T07:27:58Z,2026-10-01T07:27:58Z,
CABR,ok,1,2026-10-01T07:27:58Z,2026-10-01T07:27:58Z,
CAC,ok,1,2026-10-01T07:27:59Z,2026-10-01T07:27:59Z,
CACC,ok,1,2026-10-01T07:27:59Z,2026-10-01T07:27:59Z,
CACI,ok,1,2026-10-01T07:28:00Z,2026-10-01T07:28:00Z,
CADL,ok,1,2026-10-01T07:28:00Z,2026-10-01T07:28:00Z,
CAE,ok,1,2026-10-01T07:28:11Z,2026-10-01T07:28:11Z,
CAES,ok,1,2026-10-01T07:28:01Z,2026-10-01T07:28:01Z,
CAF,ok,1,2026-10-01T07:28:02Z,2026-10-01T07:28:02Z,
CAG,ok,1,2026-10-01T07:28:02Z,2026-10-01T07:28:02Z,
CAH,ok,1,2026-10-01T07:28:03Z,2026-10-01T07:28:03Z,
CAI,ok,1,2026-10-01T07:28:03Z,2026-10-01T07:28:03Z,
CAII,ok,1,2026-10-01T07:28:04Z,2026-10-01T07:28:04Z,
CAKE,ok,1,2026-10-01T07:28:04Z,2026-10-01T07:28:04Z,
CAL,ok,1,2026-10-01T07:28:05Z,2026-10-01T07:28:05Z,
CALC,ok,1,2026-10-01T07:28:05Z,2026-10-01T07:28:05Z,
CALM,ok,1,2026-10-01T07:28:06Z,2026-10-01T07:28:06Z,
CALX,ok,1,2026-10-01T07:28:06Z,2026-10-01T07:28:06Z,
CALY,ok,1,2026-10-01T07:28:07Z,2026-10-01T07:28:07Z,
CAMP,ok,1,2026-10-01T07:28:07Z,2026-10-01T07:28:07Z,
CAMT,ok,1,2026-10-01T07:28:08Z,2026-10-01T07:28:08Z,
CAN,ok,1,2026-10-01T07:28:09Z,2026-10-01T07:28:09Z,
CANF,ok,1,2026-10-01T07:28:09Z,2026-10-01T07:28:09Z,
CANG,ok,1,2026-10-01T07:28:10Z,2026-10-01T07:28:10Z,
CAPL,ok,1,2026-10-01T07:28:10Z,2026-10-01T07:28:10Z,
CAPN,ok,1,2026-10-01T07:28:10Z,2026-10-01T07:28:10Z,
CAPR,ok,1,2026-10-01T07:28:11Z,2026-10-01T07:28:11Z,
CAPS,ok,1,2026-10-01T07:28:11Z,2026-10-01T07:28:11Z,
CAQ,ok,1,2026-10-01T07:28:12Z,2026-10-01T07:28:12Z,
CAR,ok,1,2026-10-01T07:28:12Z,2026-10-01T07:28:12Z,
CARE,ok,1,2026-10-01T07:28:13Z,2026-10-01T07:28:13Z,
CARG,ok,1,2026-10-01T07:28:13Z,2026-10-01T07:28:13Z,
CARL,ok,1,2026-10-01T07:28:14Z,2026-10-01T07:28:14Z,
CARR,ok,1,2026-10-01T07:28:14Z,2026-10-01T07:28:14Z,
CARS,ok,1,2026-10-01T07:28:15Z,2026-10-01T07:28:15Z,
CART,ok,1,2026-10-01T07:28:15Z,2026-10-01T07:28:15Z,
CASH,ok,1,2026-10-01T07:28:16Z,2026-10-01T07:28:16Z,
CASS,ok,1,2026-10-01T07:28:16Z,2026-10-01T07:28:16Z,
CAST,ok,1,2026-10-01T07:28:17Z,2026-10-01T07:28:17Z,
CASY,ok,1,2026-10-01T07:28:18Z,2026-10-01T07:28:18Z,
CAT,ok,1,2026-10-01T07:28:18Z,2026-10-01T07:28:18Z,
CATL,ok,1,2026-10-01T07:28:18Z,2026-10-01T07:28:18Z,
CATO,ok,1,2026-10-01T07:28:19Z,2026-10-01T07:28:19Z,
CATX,ok,1,2026-10-01T07:28:19Z,2026-10-01T07:28:19Z,
CATY,ok,1,2026-10-01T07:28:20Z,2026-10-01T07:28:20Z,
CAVA,ok,1,2026-10-01T07:28:20Z,2026-10-01T07:28:20Z,
CB,ok,1,2026-10-01T07:28:21Z,2026-10-01T07:28:21Z,
CBAN,ok,1,2026-10-01T07:28:22Z,2026-10-01T07:28:22Z,
CBAT,ok,1,2026-10-01T07:28:22Z,2026-10-01T07:28:22Z,
CBC,ok,1,2026-10-01T07:28:22Z,2026-10-01T07:28:22Z,
CBFV,ok,1,2026-10-01T07:28:23Z,2026-10-01T07:28:23Z,
CBIO,ok,1,2026-10-01T07:28:23Z,2026-10-01T07:28:23Z,
CBK,ok,1,2026-10-01T07:28:24Z,2026-10-01T07:28:24Z,
CBL,ok,1,2026-10-01T07:28:24Z,2026-10-01T07:28:24Z,
CBLL,ok,1,2026-10-01T07:28:25Z,2026-10-01T07:28:25Z,
CBNA,ok,1,2026-10-01T07:28:26Z,2026-10-01T07:28:26Z,
CBNK,ok,1,2026-10-01T07:28:26Z,2026-10-01T07:28:26Z,
CBOE,ok,1,2026-10-01T07:28:26Z,2026-10-01T07:28:26Z,
CBRE,ok,1,2026-10-01T07:28:27Z,2026-10-01T07:28:27Z,
CBRL,ok,1,2026-10-01T07:28:27Z,2026-10-01T07:28:27Z,
CBRS,ok,1,2026-10-01T07:28:28Z,2026-10-01T07:28:28Z,
CBSH,ok,1,2026-10-01T07:28:28Z,2026-10-01T07:28:28Z,
CBT,ok,1,2026-10-01T07:28:29Z,2026-10-01T07:28:29Z,
CBU,ok,1,2026-10-01T07:28:29Z,2026-10-01T07:28:29Z,
CBUS,ok,1,2026-10-01T07:28:30Z,2026-10-01T07:28:30Z,
CBZ,ok,1,2026-10-01T07:28:30Z,2026-10-01T07:28:30Z,
CC,ok,1,2026-10-01T07:28:31Z,2026-10-01T07:28:31Z,
CCAP,ok,1,2026-10-01T07:28:31Z,2026-10-01T07:28:31Z,
CCAQ,ok,1,2026-10-01T07:28:32Z,2026-10-01T07:28:32Z,
CCB,ok,1,2026-10-01T07:28:32Z,2026-10-01T07:28:32Z,
CCBG,ok,1,2026-10-01T07:28:33Z,2026-10-01T07:28:33Z,
CCC,ok,1,2026-10-01T07:28:34Z,2026-10-01T07:28:34Z,
CCCC,ok,1,2026-10-01T07:28:34Z,2026-10-01T07:28:34Z,
CCCT,ok,1,2026-10-01T07:28:35Z,2026-10-01T07:28:35Z,
CCD,ok,1,2026-10-01T07:28:35Z,2026-10-01T07:28:35Z,
CCEC,ok,1,2026-10-01T07:28:35Z,2026-10-01T07:28:35Z,
CCEL,ok,1,2026-10-01T07:28:36Z,2026-10-01T07:28:36Z,
CCEP,ok,1,2026-10-01T07:28:36Z,2026-10-01T07:28:36Z,
CCG,ok,1,2026-10-01T07:28:37Z,2026-10-01T07:28:37Z,
CCHH,ok,1,2026-10-01T07:28:37Z,2026-10-01T07:28:37Z,
CCI,ok,1,2026-10-01T07:28:38Z,2026-10-01T07:28:38Z,
CCIF,ok,1,2026-10-01T07:28:38Z,2026-10-01T07:28:38Z,
CCII,ok,1,2026-10-01T07:28:39Z,2026-10-01T07:28:39Z,
CCJ,ok,1,2026-10-01T07:28:39Z,2026-10-01T07:28:39Z,
CCK,ok,1,2026-10-01T07:28:40Z,2026-10-01T07:28:40Z,
CCL,ok,1,2026-10-01T07:28:40Z,2026-10-01T07:28:40Z,
CCLD,ok,1,2026-10-01T07:28:41Z,2026-10-01T07:28:41Z,
CCM,ok,1,2026-10-01T07:28:41Z,2026-10-01T07:28:41Z,
CCNE,ok,1,2026-10-01T07:28:42Z,2026-10-01T07:28:42Z,
CCO,ok,1,2026-10-01T07:28:43Z,2026-10-01T07:28:43Z,
CCOI,ok,1,2026-10-01T07:28:43Z,2026-10-01T07:28:43Z,
CCS,ok,1,2026-10-01T07:28:43Z,2026-10-01T07:28:43Z,
CCSI,ok,1,2026-10-01T07:28:44Z,2026-10-01T07:28:44Z,
CCTG,ok,1,2026-10-01T07:28:44Z,2026-10-01T07:28:44Z,
CCU,ok,1,2026-10-01T07:28:45Z,2026-10-01T07:28:45Z,
CCXI,ok,1,2026-10-01T07:28:45Z,2026-10-01T07:28:45Z,
CCZ,ok,1,2026-10-01T07:28:46Z,2026-10-01T07:28:46Z,
CD,ok,1,2026-10-01T07:28:46Z,2026-10-01T07:28:46Z,
CDE,ok,1,2026-10-01T07:28:47Z,2026-10-01T07:28:47Z,
CDIO,ok,1,2026-10-01T07:28:47Z,2026-10-01T07:28:47Z,
CDLR,ok,1,2026-10-01T07:28:48Z,2026-10-01T07:28:48Z,
CDLX,ok,1,2026-10-01T07:28:48Z,2026-10-01T07:28:48Z,
CDNA,ok,1,2026-10-01T07:28:49Z,2026-10-01T07:28:49Z,
CDNL,ok,1,2026-10-01T07:28:50Z,2026-10-01T07:28:50Z,
CDNS,ok,1,2026-10-01T07:28:50Z,2026-10-01T07:28:50Z,
CDP,ok,1,2026-10-01T07:28:50Z,2026-10-01T07:28:50Z,
CDRE,ok,1,2026-10-01T07:28:51Z,2026-10-01T07:28:51Z,
CDRO,ok,1,2026-10-01T07:28:51Z,2026-10-01T07:28:51Z,
CDT,ok,1,2026-10-01T07:28:52Z,2026-10-01T07:28:52Z,
CDTG,ok,1,2026-10-01T07:28:52Z,2026-10-01T07:28:52Z,
CDW,ok,1,2026-10-01T07:28:53Z,2026-10-01T07:28:53Z,
CDXS,ok,1,2026-10-01T07:28:53Z,2026-10-01T07:28:53Z,
CDZI,ok,1,2026-10-01T07:28:54Z,2026-10-01T07:28:54Z,
CE,ok,1,2026-10-01T07:28:54Z,2026-10-01T07:28:54Z,
CECO,ok,1,2026-10-01T07:28:55Z,2026-10-01T07:28:55Z,
CEE,ok,1,2026-10-01T07:28:55Z,2026-10-01T07:28:55Z,
CEG,ok,1,2026-10-01T07:28:56Z,2026-10-01T07:28:56Z,
CELC,ok,1,2026-10-01T07:28:56Z,2026-10-01T07:28:56Z,
CELH,ok,1,2026-10-01T07:28:57Z,2026-10-01T07:28:57Z,
CELU,ok,1,2026-10-01T07:28:58Z,2026-10-01T07:28:58Z,
CELZ,ok,1,2026-10-01T07:28:58Z,2026-10-01T07:28:58Z,
CENN,ok,1,2026-10-01T07:28:58Z,2026-10-01T07:28:58Z,
CENT,ok,1,2026-10-01T07:28:59Z,2026-10-01T07:28:59Z,
CENTA,ok,1,2026-10-01T07:28:59Z,2026-10-01T07:28:59Z,
CENX,ok,1,2026-10-01T07:29:00Z,2026-10-01T07:29:00Z,
CEPF,ok,1,2026-10-01T07:29:00Z,2026-10-01T07:29:00Z,
CEPL,ok,1,2026-10-01T07:29:01Z,2026-10-01T07:29:01Z,
CEPO,ok,1,2026-10-01T07:29:01Z,2026-10-01T07:29:01Z,
CEPS,ok,1,2026-10-01T07:29:02Z,2026-10-01T07:29:02Z,
CEPU,ok,1,2026-10-01T07:29:02Z,2026-10-01T07:29:02Z,
CEPV,ok,1,2026-10-01T07:29:03Z,2026-10-01T07:29:03Z,
CERS,ok,1,2026-10-01T07:29:03Z,2026-10-01T07:29:03Z,
CERT,ok,1,2026-10-01T07:29:04Z,2026-10-01T07:29:04Z,
CET,ok,1,2026-10-01T07:29:04Z,2026-10-01T07:29:04Z,
CETX,ok,1,2026-10-01T07:29:05Z,2026-10-01T07:29:05Z,
CETY,ok,1,2026-10-01T07:29:06Z,2026-10-01T07:29:06Z,
CEV,ok,1,2026-10-01T07:29:06Z,2026-10-01T07:29:06Z,
CEVA,ok,1,2026-10-01T07:29:06Z,2026-10-01T07:29:06Z,
CF,ok,1,2026-10-01T07:29:07Z,2026-10-01T07:29:07Z,
CFBK,ok,1,2026-10-01T07:29:07Z,2026-10-01T07:29:07Z,
CFFI,ok,1,2026-10-01T07:29:08Z,2026-10-01T07:29:08Z,
CFFN,ok,1,2026-10-01T07:29:08Z,2026-10-01T07:29:08Z,
CFG,ok,1,2026-10-01T07:29:09Z,2026-10-01T07:29:09Z,
CFND,ok,1,2026-10-01T07:29:09Z,2026-10-01T07:29:09Z,
CFR,ok,1,2026-10-01T07:29:10Z,2026-10-01T07:29:10Z,
CG,ok,1,2026-10-01T07:29:10Z,2026-10-01T07:29:10Z,
CGAU,ok,1,2026-10-01T07:29:11Z,2026-10-01T07:29:11Z,
CGBD,ok,1,2026-10-01T07:29:12Z,2026-10-01T07:29:12Z,
CGC,ok,1,2026-10-01T07:29:12Z,2026-10-01T07:29:12Z,
CGCF,ok,1,2026-10-01T07:29:12Z,2026-10-01T07:29:12Z,
CGEM,ok,1,2026-10-01T07:29:13Z,2026-10-01T07:29:13Z,
CGEN,ok,1,2026-10-01T07:29:13Z,2026-10-01T07:29:13Z,
CGNT,ok,1,2026-10-01T07:29:14Z,2026-10-01T07:29:14Z,
CGNX,ok,1,2026-10-01T07:29:14Z,2026-10-01T07:29:14Z,
CGO,ok,1,2026-10-01T07:29:15Z,2026-10-01T07:29:15Z,
CGON,ok,1,2026-10-01T07:29:16Z,2026-10-01T07:29:16Z,
CGTL,ok,1,2026-10-01T07:29:16Z,2026-10-01T07:29:16Z,
CGTX,ok,1,2026-10-01T07:29:16Z,2026-10-01T07:29:16Z,
CHA,ok,1,2026-10-01T07:29:17Z,2026-10-01T07:29:17Z,
CHAI,ok,1,2026-10-01T07:29:17Z,2026-10-01T07:29:17Z,
CHAR,ok,1,2026-10-01T07:29:18Z,2026-10-01T07:29:18Z,
CHCI,ok,1,2026-10-01T07:29:18Z,2026-10-01T07:29:18Z,
CHCO,ok,1,2026-10-01T07:29:19Z,2026-10-01T07:29:19Z,
CHCT,ok,1,2026-10-01T07:29:19Z,2026-10-01T07:29:19Z,
CHD,ok,1,2026-10-01T07:29:20Z,2026-10-01T07:29:20Z,
CHDN,ok,1,2026-10-01T07:29:20Z,2026-10-01T07:29:20Z,
CHE,ok,1,2026-10-01T07:29:21Z,2026-10-01T07:29:21Z,
CHEC,ok,1,2026-10-01T07:29:21Z,2026-10-01T07:29:21Z,
CHEF,ok,1,2026-10-01T07:29:22Z,2026-10-01T07:29:22Z,
CHGA,ok,1,2026-10-01T07:29:22Z,2026-10-01T07:29:22Z,
CHGG,ok,1,2026-10-01T07:29:23Z,2026-10-01T07:29:23Z,
CHH,ok,1,2026-10-01T07:29:23Z,2026-10-01T07:29:23Z,
CHI,ok,1,2026-10-01T07:29:24Z,2026-10-01T07:29:24Z,
CHKP,ok,1,2026-10-01T07:29:24Z,2026-10-01T07:29:24Z,
CHMG,ok,1,2026-10-01T07:29:25Z,2026-10-01T07:29:25Z,
CHMI,ok,1,2026-10-01T07:29:25Z,2026-10-01T07:29:25Z,
CHNR,ok,1,2026-10-01T07:29:26Z,2026-10-01T07:29:26Z,
CHOW,ok,1,2026-10-01T07:29:26Z,2026-10-01T07:29:26Z,
CHPG,ok,1,2026-10-01T07:29:27Z,2026-10-01T07:29:27Z,
CHPT,ok,1,2026-10-01T07:29:27Z,2026-10-01T07:29:27Z,
CHR,ok,1,2026-10-01T07:29:28Z,2026-10-01T07:29:28Z,
CHRD,ok,1,2026-10-01T07:29:28Z,2026-10-01T07:29:28Z,
CHRN,ok,1,2026-10-01T07:29:29Z,2026-10-01T07:29:29Z,
CHRS,ok,1,2026-10-01T07:29:29Z,2026-10-01T07:29:29Z,
CHRW,ok,1,2026-10-01T07:29:30Z,2026-10-01T07:29:30Z,
CHSN,ok,1,2026-10-01T07:29:30Z,2026-10-01T07:29:30Z,
CHT,ok,1,2026-10-01T07:29:31Z,2026-10-01T07:29:31Z,
CHTR,ok,1,2026-10-01T07:29:31Z,2026-10-01T07:29:31Z,
CHW,ok,1,2026-10-01T07:29:32Z,2026-10-01T07:29:32Z,
CHWY,ok,1,2026-10-01T07:29:32Z,2026-10-01T07:29:32Z,
CHY,ok,1,2026-10-01T07:29:33Z,2026-10-01T07:29:33Z,
CHYM,ok,1,2026-10-01T07:29:33Z,2026-10-01T07:29:33Z,
CI,ok,1,2026-10-01T07:29:34Z,2026-10-01T07:29:34Z,
CIA,ok,1,2026-10-01T07:29:34Z,2026-10-01T07:29:34Z,
CIB,ok,1,2026-10-01T07:29:35Z,2026-10-01T07:29:35Z,
CIEN,ok,1,2026-10-01T07:29:35Z,2026-10-01T07:29:35Z,
CIFR,ok,1,2026-10-01T07:29:36Z,2026-10-01T07:29:36Z,
CIG,ok,1,2026-10-01T07:29:36Z,2026-10-01T07:29:36Z,
CIG-C,ok,1,2026-10-01T07:29:37Z,2026-10-01T07:29:37Z,
CIGI,ok,1,2026-10-01T07:29:37Z,2026-10-01T07:29:37Z,
CIGL,ok,1,2026-10-01T07:29:38Z,2026-10-01T07:29:38Z,
CII,ok,1,2026-10-01T07:29:38Z,2026-10-01T07:29:38Z,
CIIT,ok,1,2026-10-01T07:29:39Z,2026-10-01T07:29:39Z,
CIK,ok,1,2026-10-01T07:29:39Z,2026-10-01T07:29:39Z,
CIM,ok,1,2026-10-01T07:29:40Z,2026-10-01T07:29:40Z,
CINF,ok,1,2026-10-01T07:29:40Z,2026-10-01T07:29:40Z,
CING,ok,1,2026-10-01T07:29:41Z,2026-10-01T07:29:41Z,
CINT,ok,1,2026-10-01T07:29:41Z,2026-10-01T07:29:41Z,
CION,ok,1,2026-10-01T07:29:42Z,2026-10-01T07:29:42Z,
CIRC,ok,1,2026-10-01T07:29:42Z,2026-10-01T07:29:42Z,
CISO,ok,1,2026-10-01T07:29:43Z,2026-10-01T07:29:43Z,
CISS,ok,1,2026-10-01T07:29:43Z,2026-10-01T07:29:43Z,
CITR,ok,1,2026-10-01T07:29:44Z,2026-10-01T07:29:44Z,
CIVB,ok,1,2026-10-01T07:29:44Z,2026-10-01T07:29:44Z,
CIX,ok,1,2026-10-01T07:29:45Z,2026-10-01T07:29:45Z,
CJMB,ok,1,2026-10-01T07:29:45Z,2026-10-01T07:29:45Z,
CKX,ok,1,2026-10-01T07:29:46Z,2026-10-01T07:29:46Z,
CL,ok,1,2026-10-01T07:29:46Z,2026-10-01T07:29:46Z,
CLAR,ok,1,2026-10-01T07:29:47Z,2026-10-01T07:29:47Z,
CLB,ok,1,2026-10-01T07:29:47Z,2026-10-01T07:29:47Z,
CLBK,ok,1,2026-10-01T07:29:48Z,2026-10-01T07:29:48Z,
CLBR,ok,1,2026-10-01T07:29:48Z,2026-10-01T07:29:48Z,
CLBT,ok,1,2026-10-01T07:29:49Z,2026-10-01T07:29:49Z,
CLDI,ok,1,2026-10-01T07:29:49Z,2026-10-01T07:29:49Z,
CLDT,ok,1,2026-10-01T07:29:50Z,2026-10-01T07:29:50Z,
CLDX,ok,1,2026-10-01T07:29:50Z,2026-10-01T07:29:50Z,
CLF,ok,1,2026-10-01T07:29:51Z,2026-10-01T07:29:51Z,
CLFD,ok,1,2026-10-01T07:29:51Z,2026-10-01T07:29:51Z,
CLGN,ok,1,2026-10-01T07:29:52Z,2026-10-01T07:29:52Z,
CLH,ok,1,2026-10-01T07:29:52Z,2026-10-01T07:29:52Z,
CLIK,ok,1,2026-10-01T07:29:53Z,2026-10-01T07:29:53Z,
CLIR,ok,1,2026-10-01T07:29:53Z,2026-10-01T07:29:53Z,
CLLS,ok,1,2026-10-01T07:29:54Z,2026-10-01T07:29:54Z,
CLM,ok,1,2026-10-01T07:29:54Z,2026-10-01T07:29:54Z,
CLMB,ok,1,2026-10-01T07:29:55Z,2026-10-01T07:29:55Z,
CLMT,ok,1,2026-10-01T07:29:55Z,2026-10-01T07:29:55Z,
CLNE,ok,1,2026-10-01T07:29:56Z,2026-10-01T07:29:56Z,
CLNN,ok,1,2026-10-01T07:29:56Z,2026-10-01T07:29:56Z,
CLOV,ok,1,2026-10-01T07:29:57Z,2026-10-01T07:29:57Z,
CLPR,ok,1,2026-10-01T07:29:57Z,2026-10-01T07:29:57Z,
CLPS,ok,1,2026-10-01T07:29:58Z,2026-10-01T07:29:58Z,
CLPT,ok,1,2026-10-01T07:29:58Z,2026-10-01T07:29:58Z,
CLRB,ok,1,2026-10-01T07:29:59Z,2026-10-01T07:29:59Z,
CLRO,ok,1,2026-10-01T07:29:59Z,2026-10-01T07:29:59Z,
CLS,ok,1,2026-10-01T07:30:00Z,2026-10-01T07:30:00Z,
CLSK,ok,1,2026-10-01T07:30:00Z,2026-10-01T07:30:00Z,
CLST,ok,1,2026-10-01T07:30:01Z,2026-10-01T07:30:01Z,
CLVT,ok,1,2026-10-01T07:30:02Z,2026-10-01T07:30:02Z,
CLW,ok,1,2026-10-01T07:30:02Z,2026-10-01T07:30:02Z,
CLWT,ok,1,2026-10-01T07:30:02Z,2026-10-01T07:30:02Z,
CLX,ok,1,2026-10-01T07:30:03Z,2026-10-01T07:30:03Z,
CLYM,ok,1,2026-10-01T07:30:04Z,2026-10-01T07:30:04Z,
CM,ok,1,2026-10-01T07:30:04Z,2026-10-01T07:30:04Z,
CMBT,ok,1,2026-10-01T07:30:05Z,2026-10-01T07:30:05Z,
CMC,ok,1,2026-10-01T07:30:05Z,2026-10-01T07:30:05Z,
CMCL,ok,1,2026-10-01T07:30:06Z,2026-10-01T07:30:06Z,
CMCM,ok,1,2026-10-01T07:30:06Z,2026-10-01T07:30:06Z,
CMCO,ok,1,2026-10-01T07:30:06Z,2026-10-01T07:30:06Z,
CMCSA,ok,1,2026-10-01T07:30:07Z,2026-10-01T07:30:07Z,
CMCT,ok,1,2026-10-01T07:30:08Z,2026-10-01T07:30:08Z,
CMDB,ok,1,2026-10-01T07:30:08Z,2026-10-01T07:30:08Z,
CME,ok,1,2026-10-01T07:30:09Z,2026-10-01T07:30:09Z,
CMG,ok,1,2026-10-01T07:30:09Z,2026-10-01T07:30:09Z,
CMI,ok,1,2026-10-01T07:30:09Z,2026-10-01T07:30:09Z,
CMMB,ok,1,2026-10-01T07:30:10Z,2026-10-01T07:30:10Z,
CMND,ok,1,2026-10-01T07:30:10Z,2026-10-01T07:30:10Z,
CMP,ok,1,2026-10-01T07:30:11Z,2026-10-01T07:30:11Z,
CMPR,ok,1,2026-10-01T07:30:11Z,2026-10-01T07:30:11Z,
CMPS,ok,1,2026-10-01T07:30:12Z,2026-10-01T07:30:12Z,
CMPX,ok,1,2026-10-01T07:30:12Z,2026-10-01T07:30:12Z,
CMRC,ok,1,2026-10-01T07:30:13Z,2026-10-01T07:30:13Z,
CMRE,ok,1,2026-10-01T07:30:13Z,2026-10-01T07:30:13Z,
CMS,ok,1,2026-10-01T07:30:14Z,2026-10-01T07:30:14Z,
CMT,ok,1,2026-10-01T07:30:14Z,2026-10-01T07:30:14Z,
CMTG,ok,1,2026-10-01T07:30:15Z,2026-10-01T07:30:15Z,
CMTL,ok,1,2026-10-01T07:30:15Z,2026-10-01T07:30:15Z,
CMTV,ok,1,2026-10-01T07:30:16Z,2026-10-01T07:30:16Z,
CNA,ok,1,2026-10-01T07:30:16Z,2026-10-01T07:30:16Z,
CNC,ok,1,2026-10-01T07:30:17Z,2026-10-01T07:30:17Z,
CNCK,ok,1,2026-10-01T07:30:17Z,2026-10-01T07:30:17Z,
CNDT,ok,1,2026-10-01T07:30:18Z,2026-10-01T07:30:18Z,
CNET,ok,1,2026-10-01T07:30:18Z,2026-10-01T07:30:18Z,
CNEY,ok,1,2026-10-01T07:30:19Z,2026-10-01T07:30:19Z,
CNF,ok,1,2026-10-01T07:30:19Z,2026-10-01T07:30:19Z,
CNH,ok,1,2026-10-01T07:30:20Z,2026-10-01T07:30:20Z,
CNI,ok,1,2026-10-01T07:30:20Z,2026-10-01T07:30:20Z,
CNK,ok,1,2026-10-01T07:30:21Z,2026-10-01T07:30:21Z,
CNL,ok,1,2026-10-01T07:30:21Z,2026-10-01T07:30:21Z,
CNM,ok,1,2026-10-01T07:30:22Z,2026-10-01T07:30:22Z,
CNMD,ok,1,2026-10-01T07:30:22Z,2026-10-01T07:30:22Z,
CNNE,ok,1,2026-10-01T07:30:23Z,2026-10-01T07:30:23Z,
CNO,ok,1,2026-10-01T07:30:23Z,2026-10-01T07:30:23Z,
CNOB,ok,1,2026-10-01T07:30:24Z,2026-10-01T07:30:24Z,
CNP,ok,1,2026-10-01T07:30:24Z,2026-10-01T07:30:24Z,
CNQ,ok,1,2026-10-01T07:30:25Z,2026-10-01T07:30:25Z,
CNR,ok,1,2026-10-01T07:30:25Z,2026-10-01T07:30:25Z,
CNS,ok,1,2026-10-01T07:30:26Z,2026-10-01T07:30:26Z,
CNSP,ok,1,2026-10-01T07:30:26Z,2026-10-01T07:30:26Z,
CNSY,ok,1,2026-10-01T07:30:27Z,2026-10-01T07:30:27Z,
CNTB,ok,1,2026-10-01T07:30:27Z,2026-10-01T07:30:27Z,
CNTN,ok,1,2026-10-01T07:30:28Z,2026-10-01T07:30:28Z,
CNTX,ok,1,2026-10-01T07:30:28Z,2026-10-01T07:30:28Z,
CNTY,ok,1,2026-10-01T07:30:29Z,2026-10-01T07:30:29Z,
CNVS,ok,1,2026-10-01T07:30:29Z,2026-10-01T07:30:29Z,
CNX,ok,1,2026-10-01T07:30:30Z,2026-10-01T07:30:30Z,
CNXC,ok,1,2026-10-01T07:30:30Z,2026-10-01T07:30:30Z,
CNXN,ok,1,2026-10-01T07:30:31Z,2026-10-01T07:30:31Z,
CNXU,ok,1,2026-10-01T07:30:31Z,2026-10-01T07:30:31Z,
COAG,ok,1,2026-10-01T07:30:32Z,2026-10-01T07:30:32Z,
COCH,ok,1,2026-10-01T07:30:32Z,2026-10-01T07:30:32Z,
COCO,ok,1,2026-10-01T07:30:33Z,2026-10-01T07:30:33Z,
COCP,ok,1,2026-10-01T07:30:33Z,2026-10-01T07:30:33Z,
CODA,ok,1,2026-10-01T07:30:34Z,2026-10-01T07:30:34Z,
CODI,ok,1,2026-10-01T07:30:34Z,2026-10-01T07:30:34Z,
CODX,ok,1,2026-10-01T07:30:35Z,2026-10-01T07:30:35Z,
COE,ok,1,2026-10-01T07:30:35Z,2026-10-01T07:30:35Z,
COF,ok,1,2026-10-01T07:30:36Z,2026-10-01T07:30:36Z,
COFS,ok,1,2026-10-01T07:30:36Z,2026-10-01T07:30:36Z,
COGT,ok,1,2026-10-01T07:30:37Z,2026-10-01T07:30:37Z,
COHN,ok,1,2026-10-01T07:30:37Z,2026-10-01T07:30:37Z,
COHR,ok,1,2026-10-01T07:30:38Z,2026-10-01T07:30:38Z,
COHU,ok,1,2026-10-01T07:30:38Z,2026-10-01T07:30:38Z,
COIN,ok,1,2026-10-01T07:30:39Z,2026-10-01T07:30:39Z,
COKE,ok,1,2026-10-01T07:30:39Z,2026-10-01T07:30:39Z,
COLA,ok,1,2026-10-01T07:30:40Z,2026-10-01T07:30:40Z,
COLB,ok,1,2026-10-01T07:30:40Z,2026-10-01T07:30:40Z,
COLD,ok,1,2026-10-01T07:30:41Z,2026-10-01T07:30:41Z,
COLL,ok,1,2026-10-01T07:30:41Z,2026-10-01T07:30:41Z,
COLM,ok,1,2026-10-01T07:30:42Z,2026-10-01T07:30:42Z,
COMP,ok,1,2026-10-01T07:30:42Z,2026-10-01T07:30:42Z,
CON,ok,1,2026-10-01T07:30:43Z,2026-10-01T07:30:43Z,
COO,ok,1,2026-10-01T07:30:44Z,2026-10-01T07:30:44Z,
COOK,ok,1,2026-10-01T07:30:44Z,2026-10-01T07:30:44Z,
COOT,ok,1,2026-10-01T07:30:44Z,2026-10-01T07:30:44Z,
COP,ok,1,2026-10-01T07:30:45Z,2026-10-01T07:30:45Z,
COPL,ok,1,2026-10-01T07:30:45Z,2026-10-01T07:30:45Z,
COPR,ok,1,2026-10-01T07:30:46Z,2026-10-01T07:30:46Z,
COR,ok,1,2026-10-01T07:30:46Z,2026-10-01T07:30:46Z,
CORT,ok,1,2026-10-01T07:30:47Z,2026-10-01T07:30:47Z,
CORZ,ok,1,2026-10-01T07:30:47Z,2026-10-01T07:30:47Z,
COSM,ok,1,2026-10-01T07:30:48Z,2026-10-01T07:30:48Z,
COSO,ok,1,2026-10-01T07:30:48Z,2026-10-01T07:30:48Z,
COST,ok,1,2026-10-01T07:30:49Z,2026-10-01T07:30:49Z,
COTY,ok,1,2026-10-01T07:30:49Z,2026-10-01T07:30:49Z,
COUR,ok,1,2026-10-01T07:30:50Z,2026-10-01T07:30:50Z,
COYA,ok,1,2026-10-01T07:30:50Z,2026-10-01T07:30:50Z,
CP,ok,1,2026-10-01T07:30:51Z,2026-10-01T07:30:51Z,
CPA,ok,1,2026-10-01T07:30:51Z,2026-10-01T07:30:51Z,
CPAC,ok,1,2026-10-01T07:30:52Z,2026-10-01T07:30:52Z,
CPAY,ok,1,2026-10-01T07:30:52Z,2026-10-01T07:30:52Z,
CPB,ok,1,2026-10-01T07:30:53Z,2026-10-01T07:30:53Z,
CPBI,ok,1,2026-10-01T07:30:53Z,2026-10-01T07:30:53Z,
CPF,ok,1,2026-10-01T07:30:54Z,2026-10-01T07:30:54Z,
CPHC,ok,1,2026-10-01T07:30:54Z,2026-10-01T07:30:54Z,
CPHI,ok,1,2026-10-01T07:30:55Z,2026-10-01T07:30:55Z,
CPIX,ok,1,2026-10-01T07:30:55Z,2026-10-01T07:30:55Z,
CPK,ok,1,2026-10-01T07:30:56Z,2026-10-01T07:30:56Z,
CPNG,ok,1,2026-10-01T07:30:56Z,2026-10-01T07:30:56Z,
CPOP,ok,1,2026-10-01T07:30:57Z,2026-10-01T07:30:57Z,
CPRI,ok,1,2026-10-01T07:30:57Z,2026-10-01T07:30:57Z,
CPRT,ok,1,2026-10-01T07:30:58Z,2026-10-01T07:30:58Z,
CPS,ok,1,2026-10-01T07:30:58Z,2026-10-01T07:30:58Z,
CPSH,ok,1,2026-10-01T07:30:59Z,2026-10-01T07:30:59Z,
CPSS,ok,1,2026-10-01T07:30:59Z,2026-10-01T07:30:59Z,
CPT,ok,1,2026-10-01T07:31:00Z,2026-10-01T07:31:00Z,
CPZ,ok,1,2026-10-01T07:31:00Z,2026-10-01T07:31:00Z,
CQP,ok,1,2026-10-01T07:31:01Z,2026-10-01T07:31:01Z,
CR,ok,1,2026-10-01T07:31:01Z,2026-10-01T07:31:01Z,
CRAC,ok,1,2026-10-01T07:31:02Z,2026-10-01T07:31:02Z,
CRAI,ok,1,2026-10-01T07:31:02Z,2026-10-01T07:31:02Z,
CRAN,ok,1,2026-10-01T07:31:03Z,2026-10-01T07:31:03Z,
CRAQ,ok,1,2026-10-01T07:31:03Z,2026-10-01T07:31:03Z,
CRBG,ok,1,2026-10-01T07:31:04Z,2026-10-01T07:31:04Z,
CRBP,ok,1,2026-10-01T07:31:04Z,2026-10-01T07:31:04Z,
CRBU,ok,1,2026-10-01T07:31:05Z,2026-10-01T07:31:05Z,
CRC,ok,1,2026-10-01T07:31:05Z,2026-10-01T07:31:05Z,
CRCL,ok,1,2026-10-01T07:31:06Z,2026-10-01T07:31:06Z,
CRCT,ok,1,2026-10-01T07:31:06Z,2026-10-01T07:31:06Z,
CRD-A,ok,1,2026-10-01T07:31:07Z,2026-10-01T07:31:07Z,
CRD-B,ok,1,2026-10-01T07:31:07Z,2026-10-01T07:31:07Z,
CRDF,ok,1,2026-10-01T07:31:08Z,2026-10-01T07:31:08Z,
CRDL,ok,1,2026-10-01T07:31:08Z,2026-10-01T07:31:08Z,
CRDO,ok,1,2026-10-01T07:31:09Z,2026-10-01T07:31:09Z,
CRE,ok,1,2026-10-01T07:31:09Z,2026-10-01T07:31:09Z,
CRESY,ok,1,2026-10-01T07:31:10Z,2026-10-01T07:31:10Z,
CREX,ok,1,2026-10-01T07:31:10Z,2026-10-01T07:31:10Z,
CRF,ok,1,2026-10-01T07:31:11Z,2026-10-01T07:31:11Z,
CRGO,ok,1,2026-10-01T07:31:11Z,2026-10-01T07:31:11Z,
CRGY,ok,1,2026-10-01T07:31:12Z,2026-10-01T07:31:12Z,
CRH,ok,1,2026-10-01T07:31:12Z,2026-10-01T07:31:12Z,
CRI,ok,1,2026-10-01T07:31:13Z,2026-10-01T07:31:13Z,
CRIS,ok,1,2026-10-01T07:31:13Z,2026-10-01T07:31:13Z,
CRK,ok,1,2026-10-01T07:31:14Z,2026-10-01T07:31:14Z,
CRL,ok,1,2026-10-01T07:31:14Z,2026-10-01T07:31:14Z,
CRM,ok,1,2026-10-01T07:31:15Z,2026-10-01T07:31:15Z,
CRMD,ok,1,2026-10-01T07:31:15Z,2026-10-01T07:31:15Z,
CRML,ok,1,2026-10-01T07:31:16Z,2026-10-01T07:31:16Z,
CRMT,ok,1,2026-10-01T07:31:16Z,2026-10-01T07:31:16Z,
CRNC,ok,1,2026-10-01T07:31:17Z,2026-10-01T07:31:17Z,
CRNT,ok,1,2026-10-01T07:31:17Z,2026-10-01T07:31:17Z,
CRON,ok,1,2026-10-01T07:31:18Z,2026-10-01T07:31:18Z,
CROX,ok,1,2026-10-01T07:31:18Z,2026-10-01T07:31:18Z,
CRS,ok,1,2026-10-01T07:31:19Z,2026-10-01T07:31:19Z,
CRSP,ok,1,2026-10-01T07:31:19Z,2026-10-01T07:31:19Z,
CRSR,ok,1,2026-10-01T07:31:20Z,2026-10-01T07:31:20Z,
CRT,ok,1,2026-10-01T07:31:20Z,2026-10-01T07:31:20Z,
CRTO,ok,1,2026-10-01T07:31:21Z,2026-10-01T07:31:21Z,
CRUS,ok,1,2026-10-01T07:31:21Z,2026-10-01T07:31:21Z,
CRVL,ok,1,2026-10-01T07:31:22Z,2026-10-01T07:31:22Z,
CRVO,ok,1,2026-10-01T07:31:22Z,2026-10-01T07:31:22Z,
CRVS,ok,1,2026-10-01T07:31:23Z,2026-10-01T07:31:23Z,
CRWD,ok,1,2026-10-01T07:31:23Z,2026-10-01T07:31:23Z,
CRWS,ok,1,2026-10-01T07:31:24Z,2026-10-01T07:31:24Z,
CRWV,ok,1,2026-10-01T07:31:25Z,2026-10-01T07:31:25Z,
CSAI,ok,1,2026-10-01T07:31:25Z,2026-10-01T07:31:25Z,
CSBR,ok,1,2026-10-01T07:31:25Z,2026-10-01T07:31:25Z,
CSCO,ok,1,2026-10-01T07:31:26Z,2026-10-01T07:31:26Z,
CSGP,ok,1,2026-10-01T07:31:26Z,2026-10-01T07:31:26Z,
CSHR,ok,1,2026-10-01T07:31:27Z,2026-10-01T07:31:27Z,
CSIQ,ok,1,2026-10-01T07:31:28Z,2026-10-01T07:31:28Z,
CSL,ok,1,2026-10-01T07:31:28Z,2026-10-01T07:31:28Z,
CSPI,ok,1,2026-10-01T07:31:28Z,2026-10-01T07:31:28Z,
CSQ,ok,1,2026-10-01T07:31:29Z,2026-10-01T07:31:29Z,
CSQR,ok,1,2026-10-01T07:31:29Z,2026-10-01T07:31:29Z,
CSR,ok,1,2026-10-01T07:31:30Z,2026-10-01T07:31:30Z,
CSTE,ok,1,2026-10-01T07:31:30Z,2026-10-01T07:31:30Z,
CSTL,ok,1,2026-10-01T07:31:31Z,2026-10-01T07:31:31Z,
CSTM,ok,1,2026-10-01T07:31:31Z,2026-10-01T07:31:31Z,
CSV,ok,1,2026-10-01T07:31:32Z,2026-10-01T07:31:32Z,
CSW,ok,1,2026-10-01T07:31:32Z,2026-10-01T07:31:32Z,
CSWC,ok,1,2026-10-01T07:31:33Z,2026-10-01T07:31:33Z,
CSX,ok,1,2026-10-01T07:31:33Z,2026-10-01T07:31:33Z,
CTAA,ok,1,2026-10-01T07:31:34Z,2026-10-01T07:31:34Z,
CTAS,ok,1,2026-10-01T07:31:34Z,2026-10-01T07:31:34Z,
CTBI,ok,1,2026-10-01T07:31:35Z,2026-10-01T07:31:35Z,
CTEV,ok,1,2026-10-01T07:31:35Z,2026-10-01T07:31:35Z,
CTGO,ok,1,2026-10-01T07:31:36Z,2026-10-01T07:31:36Z,
CTKB,ok,1,2026-10-01T07:31:36Z,2026-10-01T07:31:36Z,
CTM,ok,1,2026-10-01T07:31:37Z,2026-10-01T07:31:37Z,
CTMX,ok,1,2026-10-01T07:31:38Z,2026-10-01T07:31:38Z,
CTNM,ok,1,2026-10-01T07:31:38Z,2026-10-01T07:31:38Z,
CTNT,ok,1,2026-10-01T07:31:38Z,2026-10-01T07:31:38Z,
CTO,ok,1,2026-10-01T07:31:39Z,2026-10-01T07:31:39Z,
CTOR,ok,1,2026-10-01T07:31:39Z,2026-10-01T07:31:39Z,
CTOS,ok,1,2026-10-01T07:31:40Z,2026-10-01T07:31:40Z,
CTRE,ok,1,2026-10-01T07:31:40Z,2026-10-01T07:31:40Z,
CTRI,ok,1,2026-10-01T07:31:41Z,2026-10-01T07:31:41Z,
CTRM,ok,1,2026-10-01T07:31:41Z,2026-10-01T07:31:41Z,
CTRN,ok,1,2026-10-01T07:31:42Z,2026-10-01T07:31:42Z,
CTS,ok,1,2026-10-01T07:31:42Z,2026-10-01T07:31:42Z,
CTSH,ok,1,2026-10-01T07:31:43Z,2026-10-01T07:31:43Z,
CTSO,ok,1,2026-10-01T07:31:43Z,2026-10-01T07:31:43Z,
CTVA,ok,1,2026-10-01T07:31:44Z,2026-10-01T07:31:44Z,
CTW,ok,1,2026-10-01T07:31:44Z,2026-10-01T07:31:44Z,
CTXR,ok,1,2026-10-01T07:31:45Z,2026-10-01T07:31:45Z,
CUB,ok,1,2026-10-01T07:31:45Z,2026-10-01T07:31:45Z,
CUBE,ok,1,2026-10-01T07:31:46Z,2026-10-01T07:31:46Z,
CUBI,ok,1,2026-10-01T07:31:46Z,2026-10-01T07:31:46Z,
CUE,ok,1,2026-10-01T07:31:47Z,2026-10-01T07:31:47Z,
CULP,ok,1,2026-10-01T07:31:47Z,2026-10-01T07:31:47Z,
CUPR,ok,1,2026-10-01T07:31:48Z,2026-10-01T07:31:48Z,
CURB,ok,1,2026-10-01T07:31:48Z,2026-10-01T07:31:48Z,
CURI,ok,1,2026-10-01T07:31:49Z,2026-10-01T07:31:49Z,
CURR,ok,1,2026-10-01T07:31:49Z,2026-10-01T07:31:49Z,
CURV,ok,1,2026-10-01T07:31:50Z,2026-10-01T07:31:50Z,
CURX,ok,1,2026-10-01T07:31:50Z,2026-10-01T07:31:50Z,
CUVL,ok,1,2026-10-01T07:31:51Z,2026-10-01T07:31:51Z,
CUZ,ok,1,2026-10-01T07:31:51Z,2026-10-01T07:31:51Z,
CV,ok,1,2026-10-01T07:31:52Z,2026-10-01T07:31:52Z,
CVBF,ok,1,2026-10-01T07:31:52Z,2026-10-01T07:31:52Z,
CVCO,ok,1,2026-10-01T07:31:53Z,2026-10-01T07:31:53Z,
CVE,ok,1,2026-10-01T07:31:53Z,2026-10-01T07:31:53Z,
CVEO,ok,1,2026-10-01T07:31:54Z,2026-10-01T07:31:54Z,
CVGI,ok,1,2026-10-01T07:31:54Z,2026-10-01T07:31:54Z,
CVI,ok,1,2026-10-01T07:31:55Z,2026-10-01T07:31:55Z,
CVKD,ok,1,2026-10-01T07:31:55Z,2026-10-01T07:31:55Z,
CVLG,ok,1,2026-10-01T07:31:56Z,2026-10-01T07:31:56Z,
CVLT,ok,1,2026-10-01T07:31:56Z,2026-10-01T07:31:56Z,
CVM,ok,1,2026-10-01T07:31:57Z,2026-10-01T07:31:57Z,
CVNA,ok,1,2026-10-01T07:31:57Z,2026-10-01T07:31:57Z,
CVR,ok,1,2026-10-01T07:31:58Z,2026-10-01T07:31:58Z,
CVRX,ok,1,2026-10-01T07:31:58Z,2026-10-01T07:31:58Z,
CVS,ok,1,2026-10-01T07:31:59Z,2026-10-01T07:31:59Z,
CVSA,ok,1,2026-10-01T07:31:59Z,2026-10-01T07:31:59Z,
CVU,ok,1,2026-10-01T07:32:00Z,2026-10-01T07:32:00Z,
CVV,ok,1,2026-10-01T07:32:00Z,2026-10-01T07:32:00Z,
CVX,ok,1,2026-10-01T07:32:01Z,2026-10-01T07:32:01Z,
CW,ok,1,2026-10-01T07:32:02Z,2026-10-01T07:32:02Z,
CWBC,ok,1,2026-10-01T07:32:02Z,2026-10-01T07:32:02Z,
CWCO,ok,1,2026-10-01T07:32:02Z,2026-10-01T07:32:02Z,
CWD,ok,1,2026-10-01T07:32:03Z,2026-10-01T07:32:03Z,
CWEN,ok,1,2026-10-01T07:32:03Z,2026-10-01T07:32:03Z,
CWH,ok,1,2026-10-01T07:32:04Z,2026-10-01T07:32:04Z,
CWK,ok,1,2026-10-01T07:32:04Z,2026-10-01T07:32:04Z,
CWST,ok,1,2026-10-01T07:32:05Z,2026-10-01T07:32:05Z,
CWT,ok,1,2026-10-01T07:32:06Z,2026-10-01T07:32:06Z,
CX,ok,1,2026-10-01T07:32:06Z,2026-10-01T07:32:06Z,
CXAI,ok,1,2026-10-01T07:32:07Z,2026-10-01T07:32:07Z,
CXDO,ok,1,2026-10-01T07:32:07Z,2026-10-01T07:32:07Z,
CXII,ok,1,2026-10-01T07:32:07Z,2026-10-01T07:32:07Z,
CXM,ok,1,2026-10-01T07:32:08Z,2026-10-01T07:32:08Z,
CXT,ok,1,2026-10-01T07:32:08Z,2026-10-01T07:32:08Z,
CXW,ok,1,2026-10-01T07:32:09Z,2026-10-01T07:32:09Z,
CYAB,ok,1,2026-10-01T07:32:09Z,2026-10-01T07:32:09Z,
CYCU,ok,1,2026-10-01T07:32:10Z,2026-10-01T07:32:10Z,
CYD,ok,1,2026-10-01T07:32:10Z,2026-10-01T07:32:10Z,
CYH,ok,1,2026-10-01T07:32:11Z,2026-10-01T07:32:11Z,
CYN,ok,1,2026-10-01T07:32:11Z,2026-10-01T07:32:11Z,
CYPH,ok,1,2026-10-01T07:32:12Z,2026-10-01T07:32:12Z,
CYRX,ok,1,2026-10-01T07:32:12Z,2026-10-01T07:32:12Z,
CYTK,ok,1,2026-10-01T07:32:13Z,2026-10-01T07:32:13Z,
CZFS,ok,1,2026-10-01T07:32:13Z,2026-10-01T07:32:13Z,
CZNC,ok,1,2026-10-01T07:32:14Z,2026-10-01T07:32:14Z,
CZR,ok,1,2026-10-01T07:32:14Z,2026-10-01T07:32:14Z,
CZWI,ok,1,2026-10-01T07:32:15Z,2026-10-01T07:32:15Z,
D,ok,1,2026-10-01T07:32:16Z,2026-10-01T07:32:16Z,
DAAQ,ok,1,2026-10-01T07:32:16Z,2026-10-01T07:32:16Z,
DAC,ok,1,2026-10-01T07:32:16Z,2026-10-01T07:32:16Z,
DAIC,ok,1,2026-10-01T07:32:17Z,2026-10-01T07:32:17Z,
DAIO,ok,1,2026-10-01T07:32:17Z,2026-10-01T07:32:17Z,
DAKT,ok,1,2026-10-01T07:32:18Z,2026-10-01T07:32:18Z,
DAL,ok,1,2026-10-01T07:32:18Z,2026-10-01T07:32:18Z,
DAN,ok,1,2026-10-01T07:32:19Z,2026-10-01T07:32:19Z,
DAO,ok,1,2026-10-01T07:32:19Z,2026-10-01T07:32:19Z,
DAR,ok,1,2026-10-01T07:32:20Z,2026-10-01T07:32:20Z,
DARE,ok,1,2026-10-01T07:32:20Z,2026-10-01T07:32:20Z,
DASH,ok,1,2026-10-01T07:32:21Z,2026-10-01T07:32:21Z,
DAVA,ok,1,2026-10-01T07:32:21Z,2026-10-01T07:32:21Z,
DAVE,ok,1,2026-10-01T07:32:22Z,2026-10-01T07:32:22Z,
DB,ok,1,2026-10-01T07:32:22Z,2026-10-01T07:32:22Z,
DBCA,ok,1,2026-10-01T07:32:23Z,2026-10-01T07:32:23Z,
DBD,ok,1,2026-10-01T07:32:23Z,2026-10-01T07:32:23Z,
DBGI,ok,1,2026-10-01T07:32:24Z,2026-10-01T07:32:24Z,
DBI,ok,1,2026-10-01T07:32:24Z,2026-10-01T07:32:24Z,
DBL,ok,1,2026-10-01T07:32:32Z,2026-10-01T07:32:32Z,
DBVT,ok,1,2026-10-01T07:32:26Z,2026-10-01T07:32:26Z,
DBX,ok,1,2026-10-01T07:32:26Z,2026-10-01T07:32:26Z,
DC,ok,1,2026-10-01T07:32:26Z,2026-10-01T07:32:26Z,
DCBO,ok,1,2026-10-01T07:32:27Z,2026-10-01T07:32:27Z,
DCGO,ok,1,2026-10-01T07:32:27Z,2026-10-01T07:32:27Z,
DCH,ok,1,2026-10-01T07:32:28Z,2026-10-01T07:32:28Z,
DCI,ok,1,2026-10-01T07:32:28Z,2026-10-01T07:32:28Z,
DCO,ok,1,2026-10-01T07:32:29Z,2026-10-01T07:32:29Z,
DCOM,ok,1,2026-10-01T07:32:29Z,2026-10-01T07:32:29Z,
DCOY,ok,1,2026-10-01T07:32:30Z,2026-10-01T07:32:30Z,
DCTH,ok,1,2026-10-01T07:32:30Z,2026-10-01T07:32:30Z,
DCX,ok,1,2026-10-01T07:32:31Z,2026-10-01T07:32:31Z,
DD,ok,1,2026-10-01T07:32:31Z,2026-10-01T07:32:31Z,
DDC,ok,1,2026-10-01T07:32:32Z,2026-10-01T07:32:32Z,
DDD,ok,1,2026-10-01T07:32:32Z,2026-10-01T07:32:32Z,
DDI,ok,1,2026-10-01T07:32:33Z,2026-10-01T07:32:33Z,
DDL,ok,1,2026-10-01T07:32:33Z,2026-10-01T07:32:33Z,
DDOG,ok,1,2026-10-01T07:32:34Z,2026-10-01T07:32:34Z,
DDS,ok,1,2026-10-01T07:32:34Z,2026-10-01T07:32:34Z,
DDT,ok,1,2026-10-01T07:32:35Z,2026-10-01T07:32:35Z,
DE,ok,1,2026-10-01T07:32:36Z,2026-10-01T07:32:36Z,
DEA,ok,1,2026-10-01T11:12:17Z,2026-10-01T11:12:17Z,
DEC,ok,1,2026-10-01T11:12:17Z,2026-10-01T11:12:17Z,
DECK,ok,1,2026-10-01T11:12:18Z,2026-10-01T11:12:18Z,
DEFT,ok,1,2026-10-01T11:12:19Z,2026-10-01T11:12:19Z,
DEI,ok,1,2026-10-01T11:12:20Z,2026-10-01T11:12:20Z,
DELL,ok,1,2026-10-01T11:12:22Z,2026-10-01T11:12:22Z,
DEO,ok,1,2026-10-01T11:12:23Z,2026-10-01T11:12:23Z,
DERM,ok,1,2026-10-01T11:12:24Z,2026-10-01T11:12:24Z,
DETX,ok,1,2026-10-01T11:12:25Z,2026-10-01T11:12:25Z,
DFDV,ok,1,2026-10-01T11:12:26Z,2026-10-01T11:12:26Z,
DFH,ok,1,2026-10-01T11:12:21Z,2026-10-01T11:12:21Z,
DFIN,ok,1,2026-10-01T11:12:21Z,2026-10-01T11:12:21Z,
DFLI,ok,1,2026-10-01T11:12:22Z,2026-10-01T11:12:22Z,
DFNS,ok,1,2026-10-01T11:12:22Z,2026-10-01T11:12:22Z,
DFP,ok,1,2026-10-01T11:12:23Z,2026-10-01T11:12:23Z,
DFSC,ok,1,2026-10-01T11:12:23Z,2026-10-01T11:12:23Z,
DFTX,ok,1,2026-10-01T11:12:24Z,2026-10-01T11:12:24Z,
DG,ok,1,2026-10-01T11:12:24Z,2026-10-01T11:12:24Z,
DGAC,ok,1,2026-10-01T11:12:25Z,2026-10-01T11:12:25Z,
DGICA,ok,1,2026-10-01T11:12:25Z,2026-10-01T11:12:25Z,
DGICB,ok,1,2026-10-01T11:12:26Z,2026-10-01T11:12:26Z,
DGII,ok,1,2026-10-01T11:12:26Z,2026-10-01T11:12:26Z,
DGNX,ok,1,2026-10-01T11:12:27Z,2026-10-01T11:12:27Z,
DGP,ok,1,2026-10-01T11:12:28Z,2026-10-01T11:12:28Z,
DGX,ok,1,2026-10-01T11:12:28Z,2026-10-01T11:12:28Z,
DGXX,ok,1,2026-10-01T11:12:28Z,2026-10-01T11:12:28Z,
DGZ,ok,1,2026-10-01T11:12:29Z,2026-10-01T11:12:29Z,
DH,ok,1,2026-10-01T11:12:29Z,2026-10-01T11:12:29Z,
DHC,ok,1,2026-10-01T11:12:30Z,2026-10-01T11:12:30Z,
DHF,ok,1,2026-10-01T11:12:30Z,2026-10-01T11:12:30Z,
DHI,ok,1,2026-10-01T11:12:31Z,2026-10-01T11:12:31Z,
DHR,ok,1,2026-10-01T11:12:31Z,2026-10-01T11:12:31Z,
DHT,ok,1,2026-10-01T11:12:32Z,2026-10-01T11:12:32Z,
DHX,ok,1,2026-10-01T11:12:32Z,2026-10-01T11:12:32Z,
DHY,ok,1,2026-10-01T11:12:33Z,2026-10-01T11:12:33Z,
DIBS,ok,1,2026-10-01T11:12:33Z,2026-10-01T11:12:33Z,
DIN,ok,1,2026-10-01T11:12:34Z,2026-10-01T11:12:34Z,
DINO,ok,1,2026-10-01T11:12:34Z,2026-10-01T11:12:34Z,
DIOD,ok,1,2026-10-01T11:12:35Z,2026-10-01T11:12:35Z,
DIS,ok,1,2026-10-01T11:12:35Z,2026-10-01T11:12:35Z,
DIT,ok,1,2026-10-01T11:12:36Z,2026-10-01T11:12:36Z,
DJCO,ok,1,2026-10-01T11:12:36Z,2026-10-01T11:12:36Z,
DJP,ok,1,2026-10-01T11:12:37Z,2026-10-01T11:12:37Z,
DJT,ok,1,2026-10-01T11:12:37Z,2026-10-01T11:12:37Z,
DK,ok,1,2026-10-01T11:12:38Z,2026-10-01T11:12:38Z,
DKI,ok,1,2026-10-01T11:12:39Z,2026-10-01T11:12:39Z,
DKL,ok,1,2026-10-01T11:12:39Z,2026-10-01T11:12:39Z,
DKNG,ok,1,2026-10-01T11:12:39Z,2026-10-01T11:12:39Z,
DKS,ok,1,2026-10-01T11:12:40Z,2026-10-01T11:12:40Z,
DLB,ok,1,2026-10-01T11:12:40Z,2026-10-01T11:12:40Z,
DLHC,ok,1,2026-10-01T11:12:41Z,2026-10-01T11:12:41Z,
DLNG,ok,1,2026-10-01T11:12:41Z,2026-10-01T11:12:41Z,
DLO,ok,1,2026-10-01T11:12:42Z,2026-10-01T11:12:42Z,
DLPN,ok,1,2026-10-01T11:12:42Z,2026-10-01T11:12:42Z,
DLR,ok,1,2026-10-01T11:12:43Z,2026-10-01T11:12:43Z,
DLTH,ok,1,2026-10-01T11:12:43Z,2026-10-01T11:12:43Z,
DLTR,ok,1,2026-10-01T11:12:44Z,2026-10-01T11:12:44Z,
DLX,ok,1,2026-10-01T11:12:44Z,2026-10-01T11:12:44Z,
DLXY,ok,1,2026-10-01T11:12:45Z,2026-10-01T11:12:45Z,
DLY,ok,1,2026-10-01T11:12:45Z,2026-10-01T11:12:45Z,
DMA,ok,1,2026-10-01T11:12:46Z,2026-10-01T11:12:46Z,
DMAA,ok,1,2026-10-01T11:12:46Z,2026-10-01T11:12:46Z,
DMAC,ok,1,2026-10-01T11:12:47Z,2026-10-01T11:12:47Z,
DMB,ok,1,2026-10-01T11:12:47Z,2026-10-01T11:12:47Z,
DMC,ok,1,2026-10-01T11:12:48Z,2026-10-01T11:12:48Z,
DMII,ok,1,2026-10-01T11:12:48Z,2026-10-01T11:12:48Z,
DMLP,ok,1,2026-10-01T11:12:49Z,2026-10-01T11:12:49Z,
DMO,ok,1,2026-10-01T11:12:49Z,2026-10-01T11:12:49Z,
DMRA,ok,1,2026-10-01T11:12:50Z,2026-10-01T11:12:50Z,
DMRC,ok,1,2026-10-01T11:12:50Z,2026-10-01T11:12:50Z,
DNA,ok,1,2026-10-01T11:12:51Z,2026-10-01T11:12:51Z,
DNLI,ok,1,2026-10-01T11:12:51Z,2026-10-01T11:12:51Z,
DNMX,ok,1,2026-10-01T11:12:52Z,2026-10-01T11:12:52Z,
DNN,ok,1,2026-10-01T11:12:52Z,2026-10-01T11:12:52Z,
DNOW,ok,1,2026-10-01T11:12:53Z,2026-10-01T11:12:53Z,
DNP,ok,1,2026-10-01T11:12:53Z,2026-10-01T11:12:53Z,
DNTH,ok,1,2026-10-01T11:12:54Z,2026-10-01T11:12:54Z,
DNUT,ok,1,2026-10-01T11:12:54Z,2026-10-01T11:12:54Z,
DOC,ok,1,2026-10-01T11:12:55Z,2026-10-01T11:12:55Z,
DOCN,ok,1,2026-10-01T11:12:55Z,2026-10-01T11:12:55Z,
DOCS,ok,1,2026-10-01T11:12:56Z,2026-10-01T11:12:56Z,
DOCU,ok,1,2026-10-01T11:12:56Z,2026-10-01T11:12:56Z,
DOGZ,ok,1,2026-10-01T11:12:57Z,2026-10-01T11:12:57Z,
DOLE,ok,1,2026-10-01T11:12:57Z,2026-10-01T11:12:57Z,
DOMH,ok,1,2026-10-01T11:12:58Z,2026-10-01T11:12:58Z,
DOO,ok,1,2026-10-01T11:12:58Z,2026-10-01T11:12:58Z,
DORM,ok,1,2026-10-01T11:12:59Z,2026-10-01T11:12:59Z,
DOUG,ok,1,2026-10-01T11:12:59Z,2026-10-01T11:12:59Z,
DOV,ok,1,2026-10-01T11:13:00Z,2026-10-01T11:13:00Z,
DOW,ok,1,2026-10-01T11:13:00Z,2026-10-01T11:13:00Z,
DOX,ok,1,2026-10-01T11:13:01Z,2026-10-01T11:13:01Z,
DOYU,ok,1,2026-10-01T11:13:01Z,2026-10-01T11:13:01Z,
DPC,ok,1,2026-10-01T11:13:02Z,2026-10-01T11:13:02Z,
DPG,ok,1,2026-10-01T11:13:02Z,2026-10-01T11:13:02Z,
DPRO,ok,1,2026-10-01T11:13:03Z,2026-10-01T11:13:03Z,
DPU,ok,1,2026-10-01T11:13:03Z,2026-10-01T11:13:03Z,
DPZ,ok,1,2026-10-01T11:13:04Z,2026-10-01T11:13:04Z,
DQ,ok,1,2026-10-01T11:13:04Z,2026-10-01T11:13:04Z,
DRCT,ok,1,2026-10-01T11:13:05Z,2026-10-01T11:13:05Z,
DRD,ok,1,2026-10-01T11:13:05Z,2026-10-01T11:13:05Z,
DRDB,ok,1,2026-10-01T11:13:06Z,2026-10-01T11:13:06Z,
DRH,ok,1,2026-10-01T11:13:06Z,2026-10-01T11:13:06Z,
DRI,ok,1,2026-10-01T11:13:07Z,2026-10-01T11:13:07Z,
DRIO,ok,1,2026-10-01T11:13:07Z,2026-10-01T11:13:07Z,
DRK,ok,1,2026-10-01T11:13:08Z,2026-10-01T11:13:08Z,
DRMA,ok,1,2026-10-01T11:13:08Z,2026-10-01T11:13:08Z,
DRS,ok,1,2026-10-01T11:13:09Z,2026-10-01T11:13:09Z,
DRTS,ok,1,2026-10-01T11:13:09Z,2026-10-01T11:13:09Z,
DRUG,ok,1,2026-10-01T11:13:10Z,2026-10-01T11:13:10Z,
DRVN,ok,1,2026-10-01T11:13:10Z,2026-10-01T11:13:10Z,
DSAC,ok,1,2026-10-01T11:13:11Z,2026-10-01T11:13:11Z,
DSC,ok,1,2026-10-01T11:13:11Z,2026-10-01T11:13:11Z,
DSGN,ok,1,2026-10-01T11:13:12Z,2026-10-01T11:13:12Z,
DSGR,ok,1,2026-10-01T11:13:12Z,2026-10-01T11:13:12Z,
DSGX,ok,1,2026-10-01T11:13:13Z,2026-10-01T11:13:13Z,
DSL,ok,1,2026-10-01T11:13:13Z,2026-10-01T11:13:13Z,
DSM,ok,1,2026-10-01T11:13:14Z,2026-10-01T11:13:14Z,
DSP,ok,1,2026-10-01T11:13:14Z,2026-10-01T11:13:14Z,
DSS,ok,1,2026-10-01T11:13:15Z,2026-10-01T11:13:15Z,
DSU,ok,1,2026-10-01T11:13:15Z,2026-10-01T11:13:15Z,
DSWL,ok,1,2026-10-01T11:13:16Z,2026-10-01T11:13:16Z,
DSX,ok,1,2026-10-01T11:13:16Z,2026-10-01T11:13:16Z,
DSY,ok,1,2026-10-01T11:13:17Z,2026-10-01T11:13:17Z,
DT,ok,1,2026-10-01T11:13:17Z,2026-10-01T11:13:17Z,
DTCX,ok,1,2026-10-01T11:13:18Z,2026-10-01T11:13:18Z,
DTE,ok,1,2026-10-01T11:13:18Z,2026-10-01T11:13:18Z,
DTF,ok,1,2026-10-01T11:13:19Z,2026-10-01T11:13:19Z,
DTI,ok,1,2026-10-01T11:13:19Z,2026-10-01T11:13:19Z,
DTIL,ok,1,2026-10-01T11:13:20Z,2026-10-01T11:13:20Z,
DTM,ok,1,2026-10-01T11:13:20Z,2026-10-01T11:13:20Z,
DTSQ,ok,1,2026-10-01T11:13:21Z,2026-10-01T11:13:21Z,
DTSS,ok,1,2026-10-01T11:13:21Z,2026-10-01T11:13:21Z,
DTST,ok,1,2026-10-01T11:13:22Z,2026-10-01T11:13:22Z,
DUK,ok,1,2026-10-01T11:13:22Z,2026-10-01T11:13:22Z,
DUKR,ok,1,2026-10-01T11:13:23Z,2026-10-01T11:13:23Z,
DUO,ok,1,2026-10-01T11:13:23Z,2026-10-01T11:13:23Z,
DUOL,ok,1,2026-10-01T11:13:24Z,2026-10-01T11:13:24Z,
DUOT,ok,1,2026-10-01T11:13:24Z,2026-10-01T11:13:24Z,
DV,ok,1,2026-10-01T11:13:25Z,2026-10-01T11:13:25Z,
DVA,ok,1,2026-10-01T11:13:25Z,2026-10-01T11:13:25Z,
DVLT,ok,1,2026-10-01T11:13:26Z,2026-10-01T11:13:26Z,
DVN,ok,1,2026-10-01T11:13:26Z,2026-10-01T11:13:26Z,
DWSN,ok,1,2026-10-01T11:13:27Z,2026-10-01T11:13:27Z,
DWTX,ok,1,2026-10-01T11:13:27Z,2026-10-01T11:13:27Z,
DX,ok,1,2026-10-01T11:13:28Z,2026-10-01T11:13:28Z,
DXC,ok,1,2026-10-01T11:13:28Z,2026-10-01T11:13:28Z,
DXCM,ok,1,2026-10-01T11:13:29Z,2026-10-01T11:13:29Z,
DXF,ok,1,2026-10-01T11:13:29Z,2026-10-01T11:13:29Z,
DXLG,ok,1,2026-10-01T11:13:30Z,2026-10-01T11:13:30Z,
DXPE,ok,1,2026-10-01T11:13:30Z,2026-10-01T11:13:30Z,
DXR,ok,1,2026-10-01T11:13:31Z,2026-10-01T11:13:31Z,
DXST,ok,1,2026-10-01T11:13:31Z,2026-10-01T11:13:31Z,
DXYZ,ok,1,2026-10-01T11:13:32Z,2026-10-01T11:13:32Z,
DY,ok,1,2026-10-01T11:13:32Z,2026-10-01T11:13:32Z,
DYAI,ok,1,2026-10-01T11:13:33Z,2026-10-01T11:13:33Z,
DYN,ok,1,2026-10-01T11:13:33Z,2026-10-01T11:13:33Z,
DYNC,ok,1,2026-10-01T11:13:34Z,2026-10-01T11:13:34Z,
DYOR,ok,1,2026-10-01T11:13:34Z,2026-10-01T11:13:34Z,
DZZ,ok,1,2026-10-01T11:13:35Z,2026-10-01T11:13:35Z,
E,ok,1,2026-10-01T11:13:35Z,2026-10-01T11:13:35Z,
EAD,ok,1,2026-10-01T11:13:36Z,2026-10-01T11:13:36Z,
EAF,ok,1,2026-10-01T11:13:36Z,2026-10-01T11:13:36Z,
EARN,ok,1,2026-10-01T11:13:37Z,2026-10-01T11:13:37Z,
EAT,ok,1,2026-10-01T11:13:37Z,2026-10-01T11:13:37Z,
EBAY,ok,1,2026-10-01T11:13:38Z,2026-10-01T11:13:38Z,
EBC,ok,1,2026-10-01T11:13:38Z,2026-10-01T11:13:38Z,
EBF,ok,1,2026-10-01T11:13:39Z,2026-10-01T11:13:39Z,
EBMT,ok,1,2026-10-01T11:13:39Z,2026-10-01T11:13:39Z,
EBON,ok,1,2026-10-01T11:13:40Z,2026-10-01T11:13:40Z,
EBS,ok,1,2026-10-01T11:13:40Z,2026-10-01T11:13:40Z,
EC,ok,1,2026-10-01T11:13:41Z,2026-10-01T11:13:41Z,
ECAT,ok,1,2026-10-01T11:13:41Z,2026-10-01T11:13:41Z,
ECBK,ok,1,2026-10-01T11:13:42Z,2026-10-01T11:13:42Z,
ECC,ok,1,2026-10-01T11:13:42Z,2026-10-01T11:13:42Z,
ECF,ok,1,2026-10-01T11:13:43Z,2026-10-01T11:13:43Z,
ECG,ok,1,2026-10-01T11:13:43Z,2026-10-01T11:13:43Z,
ECHO,ok,1,2026-10-01T11:13:44Z,2026-10-01T11:13:44Z,
ECL,ok,1,2026-10-01T11:13:44Z,2026-10-01T11:13:44Z,
ECO,ok,1,2026-10-01T11:13:45Z,2026-10-01T11:13:45Z,
ECOR,ok,1,2026-10-01T11:13:45Z,2026-10-01T11:13:45Z,
ECPG,ok,1,2026-10-01T11:13:46Z,2026-10-01T11:13:46Z,
ECVT,ok,1,2026-10-01T11:13:46Z,2026-10-01T11:13:46Z,
ECX,ok,1,2026-10-01T11:13:47Z,2026-10-01T11:13:47Z,
ED,ok,1,2026-10-01T11:13:47Z,2026-10-01T11:13:47Z,
EDBL,ok,1,2026-10-01T11:13:48Z,2026-10-01T11:13:48Z,
EDD,ok,1,2026-10-01T11:13:48Z,2026-10-01T11:13:48Z,
EDF,ok,1,2026-10-01T11:13:49Z,2026-10-01T11:13:49Z,
EDHL,ok,1,2026-10-01T11:13:49Z,2026-10-01T11:13:49Z,
EDIT,ok,1,2026-10-01T11:13:50Z,2026-10-01T11:13:50Z,
EDN,ok,1,2026-10-01T11:13:50Z,2026-10-01T11:13:50Z,
EDRY,ok,1,2026-10-01T11:13:51Z,2026-10-01T11:13:51Z,
EDSA,ok,1,2026-10-01T11:13:51Z,2026-10-01T11:13:51Z,
EDTK,ok,1,2026-10-01T11:13:52Z,2026-10-01T11:13:52Z,
EDU,ok,1,2026-10-01T11:13:52Z,2026-10-01T11:13:52Z,
EDUC,ok,1,2026-10-01T11:13:53Z,2026-10-01T11:13:53Z,
EDVA,ok,1,2026-10-01T11:13:53Z,2026-10-01T11:13:53Z,
EE,ok,1,2026-10-01T11:13:54Z,2026-10-01T11:13:54Z,
EEA,ok,1,2026-10-01T11:13:54Z,2026-10-01T11:13:54Z,
EEFT,ok,1,2026-10-01T11:13:55Z,2026-10-01T11:13:55Z,
EEIQ,ok,1,2026-10-01T11:13:55Z,2026-10-01T11:13:55Z,
EFC,ok,1,2026-10-01T11:13:56Z,2026-10-01T11:13:56Z,
EFOI,ok,1,2026-10-01T11:13:56Z,2026-10-01T11:13:56Z,
EFOR,ok,1,2026-10-01T11:13:57Z,2026-10-01T11:13:57Z,
EFR,ok,1,2026-10-01T11:13:57Z,2026-10-01T11:13:57Z,
EFSC,ok,1,2026-10-01T11:13:58Z,2026-10-01T11:13:58Z,
EFSI,ok,1,2026-10-01T11:13:58Z,2026-10-01T11:13:58Z,
EFT,ok,1,2026-10-01T11:13:59Z,2026-10-01T11:13:59Z,
EFTY,ok,1,2026-10-01T11:13:59Z,2026-10-01T11:13:59Z,
EFX,ok,1,2026-10-01T11:14:00Z,2026-10-01T11:14:00Z,
EFXT,ok,1,2026-10-01T11:14:00Z,2026-10-01T11:14:00Z,
EG,ok,1,2026-10-01T11:14:01Z,2026-10-01T11:14:01Z,
EGAN,ok,1,2026-10-01T11:14:01Z,2026-10-01T11:14:01Z,
EGBN,ok,1,2026-10-01T11:14:02Z,2026-10-01T11:14:02Z,
EGG,ok,1,2026-10-01T11:14:02Z,2026-10-01T11:14:02Z,
EGHA,ok,1,2026-10-01T11:14:03Z,2026-10-01T11:14:03Z,
EGHT,ok,1,2026-10-01T11:14:03Z,2026-10-01T11:14:03Z,
EGO,ok,1,2026-10-01T11:14:04Z,2026-10-01T11:14:04Z,
EGP,ok,1,2026-10-01T11:14:04Z,2026-10-01T11:14:04Z,
EGY,ok,1,2026-10-01T11:14:05Z,2026-10-01T11:14:05Z,
EH,ok,1,2026-10-01T11:14:05Z,2026-10-01T11:14:05Z,
EHC,ok,1,2026-10-01T11:14:06Z,2026-10-01T11:14:06Z,
EHGO,ok,1,2026-10-01T11:14:06Z,2026-10-01T11:14:06Z,
EHI,ok,1,2026-10-01T11:14:07Z,2026-10-01T11:14:07Z,
EHLD,ok,1,2026-10-01T11:14:07Z,2026-10-01T11:14:07Z,
EHTH,ok,1,2026-10-01T11:14:08Z,2026-10-01T11:14:08Z,
EIC,ok,1,2026-10-01T11:14:08Z,2026-10-01T11:14:08Z,
EIG,ok,1,2026-10-01T11:14:09Z,2026-10-01T11:14:09Z,
EIKN,ok,1,2026-10-01T11:14:09Z,2026-10-01T11:14:09Z,
EIM,ok,1,2026-10-01T11:14:10Z,2026-10-01T11:14:10Z,
EIX,ok,1,2026-10-01T11:14:10Z,2026-10-01T11:14:10Z,
EJH,ok,1,2026-10-01T11:14:11Z,2026-10-01T11:14:11Z,
EL,ok,1,2026-10-01T11:14:11Z,2026-10-01T11:14:11Z,
ELA,ok,1,2026-10-01T11:14:12Z,2026-10-01T11:14:12Z,
ELAB,ok,1,2026-10-01T11:14:12Z,2026-10-01T11:14:12Z,
ELAN,ok,1,2026-10-01T11:14:13Z,2026-10-01T11:14:13Z,
ELBM,ok,1,2026-10-01T11:14:13Z,2026-10-01T11:14:13Z,
ELDN,ok,1,2026-10-01T11:14:14Z,2026-10-01T11:14:14Z,
ELE,ok,1,2026-10-01T11:14:14Z,2026-10-01T11:14:14Z,
ELF,ok,1,2026-10-01T11:14:15Z,2026-10-01T11:14:15Z,
ELLO,ok,1,2026-10-01T11:14:15Z,2026-10-01T11:14:15Z,
ELMD,ok,1,2026-10-01T11:14:16Z,2026-10-01T11:14:16Z,
ELME,ok,1,2026-10-01T11:14:16Z,2026-10-01T11:14:16Z,
ELMT,ok,1,2026-10-01T11:14:17Z,2026-10-01T11:14:17Z,
ELOG,ok,1,2026-10-01T11:14:17Z,2026-10-01T11:14:17Z,
ELOX,ok,1,2026-10-01T11:14:18Z,2026-10-01T11:14:18Z,
ELPC,ok,1,2026-10-01T11:14:18Z,2026-10-01T11:14:18Z,
ELPW,ok,1,2026-10-01T11:14:19Z,2026-10-01T11:14:19Z,
ELS,ok,1,2026-10-01T11:14:19Z,2026-10-01T11:14:19Z,
ELTK,ok,1,2026-10-01T11:14:20Z,2026-10-01T11:14:20Z,
ELTX,ok,1,2026-10-01T11:14:20Z,2026-10-01T11:14:20Z,
ELUT,ok,1,2026-10-01T11:14:21Z,2026-10-01T11:14:21Z,
ELV,ok,1,2026-10-01T11:14:21Z,2026-10-01T11:14:21Z,
ELVA,ok,1,2026-10-01T11:14:22Z,2026-10-01T11:14:22Z,
ELVN,ok,1,2026-10-01T11:14:22Z,2026-10-01T11:14:22Z,
ELVR,ok,1,2026-10-01T11:14:23Z,2026-10-01T11:14:23Z,
ELWT,ok,1,2026-10-01T11:14:23Z,2026-10-01T11:14:23Z,
EMA,ok,1,2026-10-01T11:14:24Z,2026-10-01T11:14:24Z,
EMAT,ok,1,2026-10-01T11:14:24Z,2026-10-01T11:14:24Z,
EMBC,ok,1,2026-10-01T11:14:25Z,2026-10-01T11:14:25Z,
EMBJ,ok,1,2026-10-01T11:14:25Z,2026-10-01T11:14:25Z,
EMD,ok,1,2026-10-01T11:14:26Z,2026-10-01T11:14:26Z,
EME,ok,1,2026-10-01T11:14:26Z,2026-10-01T11:14:26Z,
EMF,ok,1,2026-10-01T11:14:27Z,2026-10-01T11:14:27Z,
EMIS,ok,1,2026-10-01T11:14:27Z,2026-10-01T11:14:27Z,
EML,ok,1,2026-10-01T11:14:28Z,2026-10-01T11:14:28Z,
EMN,ok,1,2026-10-01T11:14:28Z,2026-10-01T11:14:28Z,
EMO,ok,1,2026-10-01T11:14:29Z,2026-10-01T11:14:29Z,
EMPD,ok,1,2026-10-01T11:14:29Z,2026-10-01T11:14:29Z,
EMR,ok,1,2026-10-01T11:14:30Z,2026-10-01T11:14:30Z,
ENB,ok,1,2026-10-01T11:14:30Z,2026-10-01T11:14:30Z,
ENGN,ok,1,2026-10-01T11:14:31Z,2026-10-01T11:14:31Z,
ENGS,ok,1,2026-10-01T11:14:31Z,2026-10-01T11:14:31Z,
ENHA,ok,1,2026-10-01T11:14:32Z,2026-10-01T11:14:32Z,
ENIC,ok,1,2026-10-01T11:14:32Z,2026-10-01T11:14:32Z,
ENLT,ok,1,2026-10-01T11:14:33Z,2026-10-01T11:14:33Z,
ENLV,ok,1,2026-10-01T11:14:33Z,2026-10-01T11:14:33Z,
ENOV,ok,1,2026-10-01T11:14:34Z,2026-10-01T11:14:34Z,
ENPH,ok,1,2026-10-01T11:14:34Z,2026-10-01T11:14:34Z,
ENR,ok,1,2026-10-01T11:14:35Z,2026-10-01T11:14:35Z,
ENRD,ok,1,2026-10-01T11:14:35Z,2026-10-01T11:14:35Z,
ENS,ok,1,2026-10-01T11:14:36Z,2026-10-01T11:14:36Z,
ENSC,ok,1,2026-10-01T11:14:36Z,2026-10-01T11:14:36Z,
ENSG,ok,1,2026-10-01T11:14:37Z,2026-10-01T11:14:37Z,
ENTA,ok,1,2026-10-01T11:14:37Z,2026-10-01T11:14:37Z,
ENTG,ok,1,2026-10-01T11:14:38Z,2026-10-01T11:14:38Z,
ENTX,ok,1,2026-10-01T11:14:38Z,2026-10-01T11:14:38Z,
ENVA,ok,1,2026-10-01T11:14:39Z,2026-10-01T11:14:39Z,
ENVB,ok,1,2026-10-01T11:14:39Z,2026-10-01T11:14:39Z,
ENVX,ok,1,2026-10-01T11:14:40Z,2026-10-01T11:14:40Z,
EOCN,ok,1,2026-10-01T11:14:40Z,2026-10-01T11:14:40Z,
EOD,ok,1,2026-10-01T11:14:41Z,2026-10-01T11:14:41Z,
EOG,ok,1,2026-10-01T11:14:41Z,2026-10-01T11:14:41Z,
EOI,ok,1,2026-10-01T11:14:42Z,2026-10-01T11:14:42Z,
EOLS,ok,1,2026-10-01T11:14:42Z,2026-10-01T11:14:42Z,
EONR,ok,1,2026-10-01T11:14:43Z,2026-10-01T11:14:43Z,
EOS,ok,1,2026-10-01T11:14:43Z,2026-10-01T11:14:43Z,
EOSE,ok,1,2026-10-01T11:14:44Z,2026-10-01T11:14:44Z,
EOT,ok,1,2026-10-01T11:14:44Z,2026-10-01T11:14:44Z,
EP,ok,1,2026-10-01T11:14:45Z,2026-10-01T11:14:45Z,
EPAC,ok,1,2026-10-01T11:14:45Z,2026-10-01T11:14:45Z,
EPAM,ok,1,2026-10-01T11:14:46Z,2026-10-01T11:14:46Z,
EPC,ok,1,2026-10-01T11:14:46Z,2026-10-01T11:14:46Z,
EPD,ok,1,2026-10-01T11:14:47Z,2026-10-01T11:14:47Z,
EPM,ok,1,2026-10-01T11:14:47Z,2026-10-01T11:14:47Z,
EPOW,ok,1,2026-10-01T11:14:48Z,2026-10-01T11:14:48Z,
EPR,ok,1,2026-10-01T11:14:48Z,2026-10-01T11:14:48Z,
EPRT,ok,1,2026-10-01T11:14:49Z,2026-10-01T11:14:49Z,
EPRX,ok,1,2026-10-01T11:14:49Z,2026-10-01T11:14:49Z,
EPSM,ok,1,2026-10-01T11:14:50Z,2026-10-01T11:14:50Z,
EPSN,ok,1,2026-10-01T11:14:50Z,2026-10-01T11:14:50Z,
EQ,ok,1,2026-10-01T11:14:51Z,2026-10-01T11:14:51Z,
EQBK,ok,1,2026-10-01T11:14:51Z,2026-10-01T11:14:51Z,
EQH,ok,1,2026-10-01T11:14:52Z,2026-10-01T11:14:52Z,
EQIX,ok,1,2026-10-01T11:14:52Z,2026-10-01T11:14:52Z,
EQNR,ok,1,2026-10-01T11:14:53Z,2026-10-01T11:14:53Z,
EQPT,ok,1,2026-10-01T11:14:53Z,2026-10-01T11:14:53Z,
EQS,ok,1,2026-10-01T11:14:54Z,2026-10-01T11:14:54Z,
EQT,ok,1,2026-10-01T11:14:54Z,2026-10-01T11:14:54Z,
EQX,ok,1,2026-10-01T11:14:55Z,2026-10-01T11:14:55Z,
ERAS,ok,1,2026-10-01T11:14:55Z,2026-10-01T11:14:55Z,
ERC,ok,1,2026-10-01T11:14:56Z,2026-10-01T11:14:56Z,
ERH,ok,1,2026-10-01T11:14:56Z,2026-10-01T11:14:56Z,
ERIC,ok,1,2026-10-01T11:14:57Z,2026-10-01T11:14:57Z,
ERIE,ok,1,2026-10-01T11:14:57Z,2026-10-01T11:14:57Z,
ERII,ok,1,2026-10-01T11:14:58Z,2026-10-01T11:14:58Z,
ERNA,ok,1,2026-10-01T11:14:58Z,2026-10-01T11:14:58Z,
ERO,ok,1,2026-10-01T11:14:59Z,2026-10-01T11:14:59Z,
EROC,ok,1,2026-10-01T11:14:59Z,2026-10-01T11:14:59Z,
EROK,ok,1,2026-10-01T11:15:00Z,2026-10-01T11:15:00Z,
ES,ok,1,2026-10-01T11:15:00Z,2026-10-01T11:15:00Z,
ESAB,ok,1,2026-10-01T11:15:01Z,2026-10-01T11:15:01Z,
ESBA,ok,1,2026-10-01T11:15:01Z,2026-10-01T11:15:01Z,
ESCA,ok,1,2026-10-01T11:15:02Z,2026-10-01T11:15:02Z,
ESE,ok,1,2026-10-01T11:15:02Z,2026-10-01T11:15:02Z,
ESEA,ok,1,2026-10-01T11:15:03Z,2026-10-01T11:15:03Z,
ESI,ok,1,2026-10-01T11:15:03Z,2026-10-01T11:15:03Z,
ESLA,ok,1,2026-10-01T11:15:04Z,2026-10-01T11:15:04Z,
ESLT,ok,1,2026-10-01T11:15:04Z,2026-10-01T11:15:04Z,
ESNT,ok,1,2026-10-01T11:15:05Z,2026-10-01T11:15:05Z,
ESOA,ok,1,2026-10-01T11:15:05Z,2026-10-01T11:15:05Z,
ESP,ok,1,2026-10-01T11:15:06Z,2026-10-01T11:15:06Z,
ESQ,ok,1,2026-10-01T11:15:06Z,2026-10-01T11:15:06Z,
ESRT,ok,1,2026-10-01T11:15:07Z,2026-10-01T11:15:07Z,
ESS,ok,1,2026-10-01T11:15:07Z,2026-10-01T11:15:07Z,
ESTA,ok,1,2026-10-01T11:15:08Z,2026-10-01T11:15:08Z,
ESTC,ok,1,2026-10-01T11:15:08Z,2026-10-01T11:15:08Z,
ESYN,ok,1,2026-10-01T11:15:09Z,2026-10-01T11:15:09Z,
ET,ok,1,2026-10-01T11:15:09Z,2026-10-01T11:15:09Z,
ETB,ok,1,2026-10-01T11:15:10Z,2026-10-01T11:15:10Z,
ETD,ok,1,2026-10-01T11:15:10Z,2026-10-01T11:15:10Z,
ETG,ok,1,2026-10-01T11:15:11Z,2026-10-01T11:15:11Z,
ETJ,ok,1,2026-10-01T11:15:11Z,2026-10-01T11:15:11Z,
ETN,ok,1,2026-10-01T11:15:12Z,2026-10-01T11:15:12Z,
ETO,ok,1,2026-10-01T11:15:12Z,2026-10-01T11:15:12Z,
ETON,ok,1,2026-10-01T11:15:13Z,2026-10-01T11:15:13Z,
ETOR,ok,1,2026-10-01T11:15:13Z,2026-10-01T11:15:13Z,
ETR,ok,1,2026-10-01T11:15:14Z,2026-10-01T11:15:14Z,
ETRA,ok,1,2026-10-01T11:15:14Z,2026-10-01T11:15:14Z,
ETS,ok,1,2026-10-01T11:15:15Z,2026-10-01T11:15:15Z,
ETSS,ok,1,2026-10-01T11:15:15Z,2026-10-01T11:15:15Z,
ETSY,ok,1,2026-10-01T11:15:16Z,2026-10-01T11:15:16Z,
ETV,ok,1,2026-10-01T11:15:16Z,2026-10-01T11:15:16Z,
ETW,ok,1,2026-10-01T11:15:17Z,2026-10-01T11:15:17Z,
ETX,ok,1,2026-10-01T11:15:17Z,2026-10-01T11:15:17Z,
ETY,ok,1,2026-10-01T11:15:18Z,2026-10-01T11:15:18Z,
EU,ok,1,2026-10-01T11:15:18Z,2026-10-01T11:15:18Z,
EUDA,ok,1,2026-10-01T11:15:19Z,2026-10-01T11:15:19Z,
EURK,ok,1,2026-10-01T11:15:19Z,2026-10-01T11:15:19Z,
EVAC,ok,1,2026-10-01T11:15:20Z,2026-10-01T11:15:20Z,
EVAX,ok,1,2026-10-01T11:15:20Z,2026-10-01T11:15:20Z,
EVC,ok,1,2026-10-01T11:15:21Z,2026-10-01T11:15:21Z,
EVCM,ok,1,2026-10-01T11:15:21Z,2026-10-01T11:15:21Z,
EVER,ok,1,2026-10-01T11:15:22Z,2026-10-01T11:15:22Z,
EVEX,ok,1,2026-10-01T11:15:22Z,2026-10-01T11:15:22Z,
EVF,ok,1,2026-10-01T11:15:23Z,2026-10-01T11:15:23Z,
EVG,ok,1,2026-10-01T11:15:23Z,2026-10-01T11:15:23Z,
EVGN,ok,1,2026-10-01T11:15:24Z,2026-10-01T11:15:24Z,
EVGO,ok,1,2026-10-01T11:15:24Z,2026-10-01T11:15:24Z,
EVH,ok,1,2026-10-01T11:15:25Z,2026-10-01T11:15:25Z,
EVI,ok,1,2026-10-01T11:15:25Z,2026-10-01T11:15:25Z,
EVLV,ok,1,2026-10-01T11:15:26Z,2026-10-01T11:15:26Z,
EVMN,ok,1,2026-10-01T11:15:26Z,2026-10-01T11:15:26Z,
EVN,ok,1,2026-10-01T11:15:27Z,2026-10-01T11:15:27Z,
EVO,ok,1,2026-10-01T11:15:27Z,2026-10-01T11:15:27Z,
EVOX,ok,1,2026-10-01T11:15:28Z,2026-10-01T11:15:28Z,
EVR,ok,1,2026-10-01T11:15:28Z,2026-10-01T11:15:28Z,
EVRG,ok,1,2026-10-01T11:15:29Z,2026-10-01T11:15:29Z,
EVT,ok,1,2026-10-01T11:15:29Z,2026-10-01T11:15:29Z,
EVTC,ok,1,2026-10-01T11:15:30Z,2026-10-01T11:15:30Z,
EVTL,ok,1,2026-10-01T11:15:30Z,2026-10-01T11:15:30Z,
EVV,ok,1,2026-10-01T11:15:31Z,2026-10-01T11:15:31Z,
EW,ok,1,2026-10-01T11:15:31Z,2026-10-01T11:15:31Z,
EWAV,ok,1,2026-10-01T11:15:32Z,2026-10-01T11:15:32Z,
EWBC,ok,1,2026-10-01T11:15:32Z,2026-10-01T11:15:32Z,
EWTX,ok,1,2026-10-01T11:15:33Z,2026-10-01T11:15:33Z,
EXC,ok,1,2026-10-01T11:15:33Z,2026-10-01T11:15:33Z,
EXE,ok,1,2026-10-01T11:15:34Z,2026-10-01T11:15:34Z,
EXEL,ok,1,2026-10-01T11:15:34Z,2026-10-01T11:15:34Z,
EXFY,ok,1,2026-10-01T11:15:35Z,2026-10-01T11:15:35Z,
EXG,ok,1,2026-10-01T11:15:35Z,2026-10-01T11:15:35Z,
EXK,ok,1,2026-10-01T11:15:36Z,2026-10-01T11:15:36Z,
EXLS,ok,1,2026-10-01T11:15:36Z,2026-10-01T11:15:36Z,
EXOD,ok,1,2026-10-01T11:15:37Z,2026-10-01T11:15:37Z,
EXOZ,ok,1,2026-10-01T11:15:37Z,2026-10-01T11:15:37Z,
EXP,ok,1,2026-10-01T11:15:38Z,2026-10-01T11:15:38Z,
EXPD,ok,1,2026-10-01T11:15:38Z,2026-10-01T11:15:38Z,
EXPE,ok,1,2026-10-01T11:15:39Z,2026-10-01T11:15:39Z,
EXPO,ok,1,2026-10-01T11:15:39Z,2026-10-01T11:15:39Z,
EXR,ok,1,2026-10-01T11:15:40Z,2026-10-01T11:15:40Z,
EXTR,ok,1,2026-10-01T11:15:40Z,2026-10-01T11:15:40Z,
EXYN,ok,1,2026-10-01T11:15:41Z,2026-10-01T11:15:41Z,
EYE,ok,1,2026-10-01T11:15:41Z,2026-10-01T11:15:41Z,
EYPT,ok,1,2026-10-01T11:15:42Z,2026-10-01T11:15:42Z,
EZGO,ok,1,2026-10-01T11:15:42Z,2026-10-01T11:15:42Z,
EZPW,ok,1,2026-10-01T11:15:43Z,2026-10-01T11:15:43Z,
EZRA,ok,1,2026-10-01T11:15:43Z,2026-10-01T11:15:43Z,
F,ok,1,2026-10-01T11:15:44Z,2026-10-01T11:15:44Z,
FA,ok,1,2026-10-01T11:15:44Z,2026-10-01T11:15:44Z,
FABC,ok,1,2026-10-01T11:15:45Z,2026-10-01T11:15:45Z,
FAC,ok,1,2026-10-01T11:15:45Z,2026-10-01T11:15:45Z,
FACT,ok,1,2026-10-01T11:15:46Z,2026-10-01T11:15:46Z,
FAF,ok,1,2026-10-01T11:15:46Z,2026-10-01T11:15:46Z,
FAMI,ok,1,2026-10-01T11:15:47Z,2026-10-01T11:15:47Z,
FANG,ok,1,2026-10-01T11:15:47Z,2026-10-01T11:15:47Z,
FAST,ok,1,2026-10-01T11:15:48Z,2026-10-01T11:15:48Z,
FATE,ok,1,2026-10-01T11:15:48Z,2026-10-01T11:15:48Z,
FATN,ok,1,2026-10-01T11:15:49Z,2026-10-01T11:15:49Z,
FAX,ok,1,2026-10-01T11:15:49Z,2026-10-01T11:15:49Z,
FBDT,ok,1,2026-10-01T11:15:50Z,2026-10-01T11:15:50Z,
FBGL,ok,1,2026-10-01T11:15:50Z,2026-10-01T11:15:50Z,
FBIN,ok,1,2026-10-01T11:15:51Z,2026-10-01T11:15:51Z,
FBIO,ok,1,2026-10-01T11:15:51Z,2026-10-01T11:15:51Z,
FBIZ,ok,1,2026-10-01T11:15:52Z,2026-10-01T11:15:52Z,
FBK,ok,1,2026-10-01T11:15:52Z,2026-10-01T11:15:52Z,
FBLA,ok,1,2026-10-01T11:15:53Z,2026-10-01T11:15:53Z,
FBLG,ok,1,2026-10-01T11:15:53Z,2026-10-01T11:15:53Z,
FBNC,ok,1,2026-10-01T11:15:54Z,2026-10-01T11:15:54Z,
FBP,ok,1,2026-10-01T11:15:54Z,2026-10-01T11:15:54Z,
FBRT,ok,1,2026-10-01T11:15:55Z,2026-10-01T11:15:55Z,
FBYD,ok,1,2026-10-01T11:15:55Z,2026-10-01T11:15:55Z,
FC,ok,1,2026-10-01T11:15:56Z,2026-10-01T11:15:56Z,
FCAP,ok,1,2026-10-01T11:15:56Z,2026-10-01T11:15:56Z,
FCBC,ok,1,2026-10-01T11:15:57Z,2026-10-01T11:15:57Z,
FCBM,ok,1,2026-10-01T11:15:57Z,2026-10-01T11:15:57Z,
FCCO,ok,1,2026-10-01T11:15:58Z,2026-10-01T11:15:58Z,
FCEL,ok,1,2026-10-01T11:15:58Z,2026-10-01T11:15:58Z,
FCF,ok,1,2026-10-01T11:15:59Z,2026-10-01T11:15:59Z,
FCFS,ok,1,2026-10-01T11:15:59Z,2026-10-01T11:15:59Z,
FCHL,ok,1,2026-10-01T11:16:00Z,2026-10-01T11:16:00Z,
FCN,ok,1,2026-10-01T11:16:00Z,2026-10-01T11:16:00Z,
FCNCA,ok,1,2026-10-01T11:16:01Z,2026-10-01T11:16:01Z,
FCPT,ok,1,2026-10-01T11:16:01Z,2026-10-01T11:16:01Z,
FCRS,ok,1,2026-10-01T11:16:02Z,2026-10-01T11:16:02Z,
FCUV,ok,1,2026-10-01T11:16:02Z,2026-10-01T11:16:02Z,
FCX,ok,1,2026-10-01T11:16:03Z,2026-10-01T11:16:03Z,
FDBC,ok,1,2026-10-01T11:16:03Z,2026-10-01T11:16:03Z,
FDMM,ok,1,2026-10-01T11:16:04Z,2026-10-01T11:16:04Z,
FDMT,ok,1,2026-10-01T11:16:04Z,2026-10-01T11:16:04Z,
FDS,ok,1,2026-10-01T11:16:05Z,2026-10-01T11:16:05Z,
FDSB,ok,1,2026-10-01T11:16:05Z,2026-10-01T11:16:05Z,
FDUS,ok,1,2026-10-01T11:16:06Z,2026-10-01T11:16:06Z,
FDX,ok,1,2026-10-01T11:16:06Z,2026-10-01T11:16:06Z,
FDXF,ok,1,2026-10-01T11:16:07Z,2026-10-01T11:16:07Z,
FE,ok,1,2026-10-01T11:16:07Z,2026-10-01T11:16:07Z,
FEAM,ok,1,2026-10-01T11:16:08Z,2026-10-01T11:16:08Z,
FEBO,ok,1,2026-10-01T11:16:08Z,2026-10-01T11:16:08Z,
FEDU,ok,1,2026-10-01T11:16:09Z,2026-10-01T11:16:09Z,
FEIM,ok,1,2026-10-01T11:16:09Z,2026-10-01T11:16:09Z,
FELE,ok,1,2026-10-01T11:16:10Z,2026-10-01T11:16:10Z,
FEMY,ok,1,2026-10-01T11:16:10Z,2026-10-01T11:16:10Z,
FENC,ok,1,2026-10-01T11:16:11Z,2026-10-01T11:16:11Z,
FENG,ok,1,2026-10-01T11:16:11Z,2026-10-01T11:16:11Z,
FER,ok,1,2026-10-01T11:16:12Z,2026-10-01T11:16:12Z,
FERA,ok,1,2026-10-01T11:16:12Z,2026-10-01T11:16:12Z,
FERG,ok,1,2026-10-01T11:16:13Z,2026-10-01T11:16:13Z,
FET,ok,1,2026-10-01T11:16:13Z,2026-10-01T11:16:13Z,
FF,ok,1,2026-10-01T11:16:14Z,2026-10-01T11:16:14Z,
FFA,ok,1,2026-10-01T11:16:14Z,2026-10-01T11:16:14Z,
FFAI,ok,1,2026-10-01T11:16:15Z,2026-10-01T11:16:15Z,
FFBC,ok,1,2026-10-01T11:16:15Z,2026-10-01T11:16:15Z,
FFIN,ok,1,2026-10-01T11:16:16Z,2026-10-01T11:16:16Z,
FFIV,ok,1,2026-10-01T11:16:16Z,2026-10-01T11:16:16Z,
FFR,ok,1,2026-10-01T11:16:17Z,2026-10-01T11:16:17Z,
FG,ok,1,2026-10-01T11:16:17Z,2026-10-01T11:16:17Z,
FGBI,ok,1,2026-10-01T11:16:18Z,2026-10-01T11:16:18Z,
FGC,ok,1,2026-10-01T11:16:18Z,2026-10-01T11:16:18Z,
FGI,ok,1,2026-10-01T11:16:19Z,2026-10-01T11:16:19Z,
FGII,ok,1,2026-10-01T11:16:19Z,2026-10-01T11:16:19Z,
FGL,ok,1,2026-10-01T11:16:20Z,2026-10-01T11:16:20Z,
FHB,ok,1,2026-10-01T11:16:20Z,2026-10-01T11:16:20Z,
FHI,ok,1,2026-10-01T11:16:21Z,2026-10-01T11:16:21Z,
FHN,ok,1,2026-10-01T11:16:21Z,2026-10-01T11:16:21Z,
FHTX,ok,1,2026-10-01T11:16:22Z,2026-10-01T11:16:22Z,
FIBK,ok,1,2026-10-01T11:16:22Z,2026-10-01T11:16:22Z,
FICO,ok,1,2026-10-01T11:16:23Z,2026-10-01T11:16:23Z,
FIEE,ok,1,2026-10-01T11:16:23Z,2026-10-01T11:16:23Z,
FIG,ok,1,2026-10-01T11:16:24Z,2026-10-01T11:16:24Z,
FIGR,ok,1,2026-10-01T11:16:24Z,2026-10-01T11:16:24Z,
FIGS,ok,1,2026-10-01T11:16:25Z,2026-10-01T11:16:25Z,
FIGX,ok,1,2026-10-01T11:16:25Z,2026-10-01T11:16:25Z,
FINS,ok,1,2026-10-01T11:16:26Z,2026-10-01T11:16:26Z,
FINV,ok,1,2026-10-01T11:16:26Z,2026-10-01T11:16:26Z,
FINW,ok,1,2026-10-01T11:16:27Z,2026-10-01T11:16:27Z,
FIP,ok,1,2026-10-01T11:16:27Z,2026-10-01T11:16:27Z,
FIRY,ok,1,2026-10-01T11:16:28Z,2026-10-01T11:16:28Z,
FIS,ok,1,2026-10-01T11:16:28Z,2026-10-01T11:16:28Z,
FISI,ok,1,2026-10-01T11:16:29Z,2026-10-01T11:16:29Z,
FISK,ok,1,2026-10-01T11:16:29Z,2026-10-01T11:16:29Z,
FISN,ok,1,2026-10-01T11:16:30Z,2026-10-01T11:16:30Z,
FISV,ok,1,2026-10-01T11:16:30Z,2026-10-01T11:16:30Z,
FITB,ok,1,2026-10-01T11:16:31Z,2026-10-01T11:16:31Z,
FIVE,ok,1,2026-10-01T11:16:31Z,2026-10-01T11:16:31Z,
FIVN,ok,1,2026-10-01T11:16:32Z,2026-10-01T11:16:32Z,
FIX,ok,1,2026-10-01T11:16:32Z,2026-10-01T11:16:32Z,
FIZZ,ok,1,2026-10-01T11:16:33Z,2026-10-01T11:16:33Z,
FJDI,ok,1,2026-10-01T11:16:33Z,2026-10-01T11:16:33Z,
FJET,ok,1,2026-10-01T11:16:34Z,2026-10-01T11:16:34Z,
FKWL,ok,1,2026-10-01T11:16:34Z,2026-10-01T11:16:34Z,
FLC,ok,1,2026-10-01T11:16:35Z,2026-10-01T11:16:35Z,
FLD,ok,1,2026-10-01T11:16:35Z,2026-10-01T11:16:35Z,
FLEX,ok,1,2026-10-01T11:16:36Z,2026-10-01T11:16:36Z,
FLG,ok,1,2026-10-01T11:16:36Z,2026-10-01T11:16:36Z,
FLGT,ok,1,2026-10-01T11:16:37Z,2026-10-01T11:16:37Z,
FLL,ok,1,2026-10-01T11:16:37Z,2026-10-01T11:16:37Z,
FLNA,ok,1,2026-10-01T11:16:38Z,2026-10-01T11:16:38Z,
FLNC,ok,1,2026-10-01T11:16:38Z,2026-10-01T11:16:38Z,
FLNG,ok,1,2026-10-01T11:16:39Z,2026-10-01T11:16:39Z,
FLNT,ok,1,2026-10-01T11:16:39Z,2026-10-01T11:16:39Z,
FLO,ok,1,2026-10-01T11:16:40Z,2026-10-01T11:16:40Z,
FLOC,ok,1,2026-10-01T11:16:40Z,2026-10-01T11:16:40Z,
FLR,ok,1,2026-10-01T11:16:41Z,2026-10-01T11:16:41Z,
FLS,ok,1,2026-10-01T11:16:41Z,2026-10-01T11:16:41Z,
FLUT,ok,1,2026-10-01T11:16:42Z,2026-10-01T11:16:42Z,
FLUX,ok,1,2026-10-01T11:16:42Z,2026-10-01T11:16:42Z,
FLWS,ok,1,2026-10-01T11:16:43Z,2026-10-01T11:16:43Z,
FLX,ok,1,2026-10-01T11:16:43Z,2026-10-01T11:16:43Z,
FLXS,ok,1,2026-10-01T11:16:44Z,2026-10-01T11:16:44Z,
FLY,ok,1,2026-10-01T11:16:44Z,2026-10-01T11:16:44Z,
FLYE,ok,1,2026-10-01T11:16:45Z,2026-10-01T11:16:45Z,
FLYW,ok,1,2026-10-01T11:16:45Z,2026-10-01T11:16:45Z,
FLYX,ok,1,2026-10-01T11:16:46Z,2026-10-01T11:16:46Z,
FMAC,ok,1,2026-10-01T11:16:46Z,2026-10-01T11:16:46Z,
FMAO,ok,1,2026-10-01T11:16:47Z,2026-10-01T11:16:47Z,
FMBH,ok,1,2026-10-01T11:16:47Z,2026-10-01T11:16:47Z,
FMC,ok,1,2026-10-01T11:16:48Z,2026-10-01T11:16:48Z,
FMFC,ok,1,2026-10-01T11:16:48Z,2026-10-01T11:16:48Z,
FMN,ok,1,2026-10-01T11:16:49Z,2026-10-01T11:16:49Z,
FMNB,ok,1,2026-10-01T11:16:49Z,2026-10-01T11:16:49Z,
FMS,ok,1,2026-10-01T11:16:50Z,2026-10-01T11:16:50Z,
FMST,ok,1,2026-10-01T11:16:50Z,2026-10-01T11:16:50Z,
FMX,ok,1,2026-10-01T11:16:51Z,2026-10-01T11:16:51Z,
FMY,ok,1,2026-10-01T11:16:51Z,2026-10-01T11:16:51Z,
FN,ok,1,2026-10-01T11:16:52Z,2026-10-01T11:16:52Z,
FNB,ok,1,2026-10-01T11:16:52Z,2026-10-01T11:16:52Z,
FND,ok,1,2026-10-01T11:16:53Z,2026-10-01T11:16:53Z,
FNF,ok,1,2026-10-01T11:16:53Z,2026-10-01T11:16:53Z,
FNGD,ok,1,2026-10-01T11:16:54Z,2026-10-01T11:16:54Z,
FNGO,ok,1,2026-10-01T11:16:55Z,2026-10-01T11:16:55Z,
FNGR,ok,1,2026-10-01T11:16:55Z,2026-10-01T11:16:55Z,
FNKO,ok,1,2026-10-01T11:16:55Z,2026-10-01T11:16:55Z,
FNLC,ok,1,2026-10-01T11:16:56Z,2026-10-01T11:16:56Z,
FNRN,ok,1,2026-10-01T11:16:56Z,2026-10-01T11:16:56Z,
FNUC,ok,1,2026-10-01T11:16:57Z,2026-10-01T11:16:57Z,
FNV,ok,1,2026-10-01T11:16:57Z,2026-10-01T11:16:57Z,
FNWB,ok,1,2026-10-01T11:16:58Z,2026-10-01T11:16:58Z,
FNWD,ok,1,2026-10-01T11:16:58Z,2026-10-01T11:16:58Z,
FOA,ok,1,2026-10-01T11:16:59Z,2026-10-01T11:16:59Z,
FOCL,ok,1,2026-10-01T11:16:59Z,2026-10-01T11:16:59Z,
FOF,ok,1,2026-10-01T11:17:00Z,2026-10-01T11:17:00Z,
FOFO,ok,1,2026-10-01T11:17:00Z,2026-10-01T11:17:00Z,
FOIL,ok,1,2026-10-01T11:17:01Z,2026-10-01T11:17:01Z,
FOR,ok,1,2026-10-01T11:17:01Z,2026-10-01T11:17:01Z,
FORM,ok,1,2026-10-01T11:17:02Z,2026-10-01T11:17:02Z,
FORR,ok,1,2026-10-01T11:17:02Z,2026-10-01T11:17:02Z,
FORTY,ok,1,2026-10-01T11:17:03Z,2026-10-01T11:17:03Z,
FOSL,ok,1,2026-10-01T11:17:03Z,2026-10-01T11:17:03Z,
FOUR,ok,1,2026-10-01T11:17:04Z,2026-10-01T11:17:04Z,
FOX,ok,1,2026-10-01T11:17:04Z,2026-10-01T11:17:04Z,
FOXA,ok,1,2026-10-01T11:17:05Z,2026-10-01T11:17:05Z,
FOXF,ok,1,2026-10-01T11:17:05Z,2026-10-01T11:17:05Z,
FOXX,ok,1,2026-10-01T11:17:06Z,2026-10-01T11:17:06Z,
FPF,ok,1,2026-10-01T11:17:06Z,2026-10-01T11:17:06Z,
FPH,ok,1,2026-10-01T11:17:07Z,2026-10-01T11:17:07Z,
FPI,ok,1,2026-10-01T11:17:07Z,2026-10-01T11:17:07Z,
FPS,ok,1,2026-10-01T11:17:08Z,2026-10-01T11:17:08Z,
FR,ok,1,2026-10-01T11:17:08Z,2026-10-01T11:17:08Z,
FRA,ok,1,2026-10-01T11:17:09Z,2026-10-01T11:17:09Z,
FRAF,ok,1,2026-10-01T11:17:09Z,2026-10-01T11:17:09Z,
FRBA,ok,1,2026-10-01T11:17:10Z,2026-10-01T11:17:10Z,
FRBT,ok,1,2026-10-01T11:17:10Z,2026-10-01T11:17:10Z,
FRD,ok,1,2026-10-01T11:17:11Z,2026-10-01T11:17:11Z,
FRGT,ok,1,2026-10-01T11:17:11Z,2026-10-01T11:17:11Z,
FRHC,ok,1,2026-10-01T11:17:12Z,2026-10-01T11:17:12Z,
FRME,ok,1,2026-10-01T11:17:12Z,2026-10-01T11:17:12Z,
FRMI,ok,1,2026-10-01T11:17:13Z,2026-10-01T11:17:13Z,
FRMM,ok,1,2026-10-01T11:17:13Z,2026-10-01T11:17:13Z,
FRNM,ok,1,2026-10-01T11:17:14Z,2026-10-01T11:17:14Z,
FRO,ok,1,2026-10-01T11:17:14Z,2026-10-01T11:17:14Z,
FROG,ok,1,2026-10-01T11:17:15Z,2026-10-01T11:17:15Z,
FRPH,ok,1,2026-10-01T11:17:15Z,2026-10-01T11:17:15Z,
FRPT,ok,1,2026-10-01T11:17:16Z,2026-10-01T11:17:16Z,
FRSH,ok,1,2026-10-01T11:17:16Z,2026-10-01T11:17:16Z,
FRST,ok,1,2026-10-01T11:17:17Z,2026-10-01T11:17:17Z,
FRSX,ok,1,2026-10-01T11:17:17Z,2026-10-01T11:17:17Z,
FRT,ok,1,2026-10-01T11:17:18Z,2026-10-01T11:17:18Z,
FRTT,ok,1,2026-10-01T11:17:18Z,2026-10-01T11:17:18Z,
FRVO,ok,1,2026-10-01T11:17:19Z,2026-10-01T11:17:19Z,
FSBC,ok,1,2026-10-01T11:17:19Z,2026-10-01T11:17:19Z,
FSBW,ok,1,2026-10-01T11:17:20Z,2026-10-01T11:17:20Z,
FSCO,ok,1,2026-10-01T11:17:20Z,2026-10-01T11:17:20Z,
FSEA,ok,1,2026-10-01T11:17:21Z,2026-10-01T11:17:21Z,
FSHP,ok,1,2026-10-01T11:17:21Z,2026-10-01T11:17:21Z,
FSI,ok,1,2026-10-01T11:17:22Z,2026-10-01T11:17:22Z,
FSK,ok,1,2026-10-01T11:17:22Z,2026-10-01T11:17:22Z,
FSLR,ok,1,2026-10-01T11:17:23Z,2026-10-01T11:17:23Z,
FSLY,ok,1,2026-10-01T11:17:23Z,2026-10-01T11:17:23Z,
FSM,ok,1,2026-10-01T11:17:24Z,2026-10-01T11:17:24Z,
FSP,ok,1,2026-10-01T11:17:24Z,2026-10-01T11:17:24Z,
FSS,ok,1,2026-10-01T11:17:25Z,2026-10-01T11:17:25Z,
FSSL,ok,1,2026-10-01T11:17:25Z,2026-10-01T11:17:25Z,
FSTR,ok,1,2026-10-01T11:17:26Z,2026-10-01T11:17:26Z,
FSUN,ok,1,2026-10-01T11:17:26Z,2026-10-01T11:17:26Z,
FSV,ok,1,2026-10-01T11:17:27Z,2026-10-01T11:17:27Z,
FT,ok,1,2026-10-01T11:17:27Z,2026-10-01T11:17:27Z,
FTAI,ok,1,2026-10-01T11:17:28Z,2026-10-01T11:17:28Z,
FTCI,ok,1,2026-10-01T11:17:28Z,2026-10-01T11:17:28Z,
FTDR,ok,1,2026-10-01T11:17:29Z,2026-10-01T11:17:29Z,
FTEK,ok,1,2026-10-01T11:17:29Z,2026-10-01T11:17:29Z,
FTF,ok,1,2026-10-01T11:17:30Z,2026-10-01T11:17:30Z,
FTFT,ok,1,2026-10-01T11:17:30Z,2026-10-01T11:17:30Z,
FTH,ok,1,2026-10-01T11:17:31Z,2026-10-01T11:17:31Z,
FTHA,ok,1,2026-10-01T11:17:31Z,2026-10-01T11:17:31Z,
FTHM,ok,1,2026-10-01T11:17:32Z,2026-10-01T11:17:32Z,
FTHY,ok,1,2026-10-01T11:17:32Z,2026-10-01T11:17:32Z,
FTI,ok,1,2026-10-01T11:17:33Z,2026-10-01T11:17:33Z,
FTK,ok,1,2026-10-01T11:17:33Z,2026-10-01T11:17:33Z,
FTLF,ok,1,2026-10-01T11:17:34Z,2026-10-01T11:17:34Z,
FTNT,ok,1,2026-10-01T11:17:34Z,2026-10-01T11:17:34Z,
FTRA,ok,1,2026-10-01T11:17:35Z,2026-10-01T11:17:35Z,
FTRE,ok,1,2026-10-01T11:17:35Z,2026-10-01T11:17:35Z,
FTS,ok,1,2026-10-01T11:17:36Z,2026-10-01T11:17:36Z,
FTV,ok,1,2026-10-01T11:17:36Z,2026-10-01T11:17:36Z,
FTW,ok,1,2026-10-01T11:17:37Z,2026-10-01T11:17:37Z,
FUBO,ok,1,2026-10-01T11:17:37Z,2026-10-01T11:17:37Z,
FUFU,ok,1,2026-10-01T11:17:38Z,2026-10-01T11:17:38Z,
FUL,ok,1,2026-10-01T11:17:38Z,2026-10-01T11:17:38Z,
FULC,ok,1,2026-10-01T11:17:39Z,2026-10-01T11:17:39Z,
FULT,ok,1,2026-10-01T11:17:39Z,2026-10-01T11:17:39Z,
FUN,ok,1,2026-10-01T11:17:40Z,2026-10-01T11:17:40Z,
FUNC,ok,1,2026-10-01T11:17:40Z,2026-10-01T11:17:40Z,
FUND,ok,1,2026-10-01T11:17:41Z,2026-10-01T11:17:41Z,
FURY,ok,1,2026-10-01T11:17:41Z,2026-10-01T11:17:41Z,
FUSB,ok,1,2026-10-01T11:17:42Z,2026-10-01T11:17:42Z,
FUSE,ok,1,2026-10-01T11:17:42Z,2026-10-01T11:17:42Z,
FUTU,ok,1,2026-10-01T11:17:43Z,2026-10-01T11:17:43Z,
FVAV,ok,1,2026-10-01T11:17:43Z,2026-10-01T11:17:43Z,
FVCB,ok,1,2026-10-01T11:17:44Z,2026-10-01T11:17:44Z,
FVN,ok,1,2026-10-01T11:17:44Z,2026-10-01T11:17:44Z,
FVR,ok,1,2026-10-01T11:17:45Z,2026-10-01T11:17:45Z,
FVRR,ok,1,2026-10-01T11:17:45Z,2026-10-01T11:17:45Z,
FWAC,ok,1,2026-10-01T11:17:46Z,2026-10-01T11:17:46Z,
FWDI,ok,1,2026-10-01T11:17:46Z,2026-10-01T11:17:46Z,
FWONA,ok,1,2026-10-01T11:17:47Z,2026-10-01T11:17:47Z,
FWONK,ok,1,2026-10-01T11:17:47Z,2026-10-01T11:17:47Z,
FWRD,ok,1,2026-10-01T11:17:48Z,2026-10-01T11:17:48Z,
FWRG,ok,1,2026-10-01T11:17:48Z,2026-10-01T11:17:48Z,
FXAC,ok,1,2026-10-01T11:17:49Z,2026-10-01T11:17:49Z,
FXHO,ok,1,2026-10-01T11:17:49Z,2026-10-01T11:17:49Z,
FXNC,ok,1,2026-10-01T11:17:50Z,2026-10-01T11:17:50Z,
G,ok,1,2026-10-01T11:17:50Z,2026-10-01T11:17:50Z,
GAB,ok,1,2026-10-01T11:17:51Z,2026-10-01T11:17:51Z,
GABC,ok,1,2026-10-01T11:17:51Z,2026-10-01T11:17:51Z,
GAIA,ok,1,2026-10-01T11:17:52Z,2026-10-01T11:17:52Z,
GAIN,ok,1,2026-10-01T11:17:52Z,2026-10-01T11:17:52Z,
GALT,ok,1,2026-10-01T11:17:53Z,2026-10-01T11:17:53Z,
GAM,ok,1,2026-10-01T11:17:53Z,2026-10-01T11:17:53Z,
GAME,ok,1,2026-10-01T11:17:54Z,2026-10-01T11:17:54Z,
GANX,ok,1,2026-10-01T11:17:54Z,2026-10-01T11:17:54Z,
GAP,ok,1,2026-10-01T11:17:55Z,2026-10-01T11:17:55Z,
GASS,ok,1,2026-10-01T11:17:55Z,2026-10-01T11:17:55Z,
GATX,ok,1,2026-10-01T11:17:56Z,2026-10-01T11:17:56Z,
GAU,ok,1,2026-10-01T11:17:56Z,2026-10-01T11:17:56Z,
GAUZ,ok,1,2026-10-01T11:17:57Z,2026-10-01T11:17:57Z,
GBAB,ok,1,2026-10-01T11:17:57Z,2026-10-01T11:17:57Z,
GBCI,ok,1,2026-10-01T11:17:58Z,2026-10-01T11:17:58Z,
GBDC,ok,1,2026-10-01T11:17:58Z,2026-10-01T11:17:58Z,
GBFH,ok,1,2026-10-01T11:17:59Z,2026-10-01T11:17:59Z,
GBLI,ok,1,2026-10-01T11:17:59Z,2026-10-01T11:17:59Z,
GBR,ok,1,2026-10-01T11:18:00Z,2026-10-01T11:18:00Z,
GBX,ok,1,2026-10-01T11:18:00Z,2026-10-01T11:18:00Z,
GCBC,ok,1,2026-10-01T11:18:01Z,2026-10-01T11:18:01Z,
GCDT,ok,1,2026-10-01T11:18:01Z,2026-10-01T11:18:01Z,
GCGR,ok,1,2026-10-01T11:18:02Z,2026-10-01T11:18:02Z,
GCL,ok,1,2026-10-01T11:18:02Z,2026-10-01T11:18:02Z,
GCMG,ok,1,2026-10-01T11:18:03Z,2026-10-01T11:18:03Z,
GCO,ok,1,2026-10-01T11:18:03Z,2026-10-01T11:18:03Z,
GCT,ok,1,2026-10-01T11:18:04Z,2026-10-01T11:18:04Z,
GCTK,ok,1,2026-10-01T11:18:04Z,2026-10-01T11:18:04Z,
GCTS,ok,1,2026-10-01T11:18:05Z,2026-10-01T11:18:05Z,
GCV,ok,1,2026-10-01T11:18:05Z,2026-10-01T11:18:05Z,
GD,ok,1,2026-10-01T11:18:06Z,2026-10-01T11:18:06Z,
GDC,ok,1,2026-10-01T11:18:06Z,2026-10-01T11:18:06Z,
GDDY,ok,1,2026-10-01T11:18:07Z,2026-10-01T11:18:07Z,
GDEV,ok,1,2026-10-01T11:18:07Z,2026-10-01T11:18:07Z,
GDHG,ok,1,2026-10-01T11:18:08Z,2026-10-01T11:18:08Z,
GDL,ok,1,2026-10-01T11:18:08Z,2026-10-01T11:18:08Z,
GDO,ok,1,2026-10-01T11:18:09Z,2026-10-01T11:18:09Z,
GDOT,ok,1,2026-10-01T11:18:09Z,2026-10-01T11:18:09Z,
GDRX,ok,1,2026-10-01T11:18:10Z,2026-10-01T11:18:10Z,
GDS,ok,1,2026-10-01T11:18:10Z,2026-10-01T11:18:10Z,
GDTC,ok,1,2026-10-01T11:18:11Z,2026-10-01T11:18:11Z,
GDV,ok,1,2026-10-01T11:18:11Z,2026-10-01T11:18:11Z,
GDYN,ok,1,2026-10-01T11:18:12Z,2026-10-01T11:18:12Z,
GE,ok,1,2026-10-01T11:18:12Z,2026-10-01T11:18:12Z,
GECC,ok,1,2026-10-01T11:18:13Z,2026-10-01T11:18:13Z,
GEF,ok,1,2026-10-01T11:18:13Z,2026-10-01T11:18:13Z,
GEF-B,ok,1,2026-10-01T11:18:14Z,2026-10-01T11:18:14Z,
GEG,ok,1,2026-10-01T11:18:14Z,2026-10-01T11:18:14Z,
GEHC,ok,1,2026-10-01T11:18:15Z,2026-10-01T11:18:15Z,
GEL,ok,1,2026-10-01T11:18:15Z,2026-10-01T11:18:15Z,
GELS,ok,1,2026-10-01T11:18:16Z,2026-10-01T11:18:16Z,
GEMI,ok,1,2026-10-01T11:18:16Z,2026-10-01T11:18:16Z,
GEN,ok,1,2026-10-01T11:18:17Z,2026-10-01T11:18:17Z,
GENB,ok,1,2026-10-01T11:18:17Z,2026-10-01T11:18:17Z,
GENC,ok,1,2026-10-01T11:18:18Z,2026-10-01T11:18:18Z,
GENI,ok,1,2026-10-01T11:18:18Z,2026-10-01T11:18:18Z,
GENK,ok,1,2026-10-01T11:18:19Z,2026-10-01T11:18:19Z,
GEO,ok,1,2026-10-01T11:18:19Z,2026-10-01T11:18:19Z,
GEOS,ok,1,2026-10-01T11:18:20Z,2026-10-01T11:18:20Z,
GERN,ok,1,2026-10-01T11:18:20Z,2026-10-01T11:18:20Z,
GEV,ok,1,2026-10-01T11:18:21Z,2026-10-01T11:18:21Z,
GEVO,ok,1,2026-10-01T11:18:21Z,2026-10-01T11:18:21Z,
GF,ok,1,2026-10-01T11:18:22Z,2026-10-01T11:18:22Z,
GFAI,ok,1,2026-10-01T11:18:22Z,2026-10-01T11:18:22Z,
GFF,ok,1,2026-10-01T11:18:23Z,2026-10-01T11:18:23Z,
GFI,ok,1,2026-10-01T11:18:23Z,2026-10-01T11:18:23Z,
GFL,ok,1,2026-10-01T11:18:24Z,2026-10-01T11:18:24Z,
GFR,ok,1,2026-10-01T11:18:24Z,2026-10-01T11:18:24Z,
GFS,ok,1,2026-10-01T11:18:25Z,2026-10-01T11:18:25Z,
GFUZ,ok,1,2026-10-01T11:18:25Z,2026-10-01T11:18:25Z,
GGAL,ok,1,2026-10-01T11:18:26Z,2026-10-01T11:18:26Z,
GGB,ok,1,2026-10-01T11:18:26Z,2026-10-01T11:18:26Z,
GGG,ok,1,2026-10-01T11:18:27Z,2026-10-01T11:18:27Z,
GGN,ok,1,2026-10-01T11:18:27Z,2026-10-01T11:18:27Z,
GGR,ok,1,2026-10-01T11:18:28Z,2026-10-01T11:18:28Z,
GGT,ok,1,2026-10-01T11:18:28Z,2026-10-01T11:18:28Z,
GGZ,ok,1,2026-10-01T11:18:29Z,2026-10-01T11:18:29Z,
GH,ok,1,2026-10-01T11:18:29Z,2026-10-01T11:18:29Z,
GHC,ok,1,2026-10-01T11:18:30Z,2026-10-01T11:18:30Z,
GHG,ok,1,2026-10-01T11:18:30Z,2026-10-01T11:18:30Z,
GHI,ok,1,2026-10-01T11:18:31Z,2026-10-01T11:18:31Z,
GHM,ok,1,2026-10-01T11:18:31Z,2026-10-01T11:18:31Z,
GHRS,ok,1,2026-10-01T11:18:32Z,2026-10-01T11:18:32Z,
GHXI,ok,1,2026-10-01T11:18:32Z,2026-10-01T11:18:32Z,
GHY,ok,1,2026-10-01T11:18:33Z,2026-10-01T11:18:33Z,
GIB,ok,1,2026-10-01T11:18:33Z,2026-10-01T11:18:33Z,
GIBO,ok,1,2026-10-01T11:18:34Z,2026-10-01T11:18:34Z,
GIC,ok,1,2026-10-01T11:18:34Z,2026-10-01T11:18:34Z,
GIFT,ok,1,2026-10-01T11:18:35Z,2026-10-01T11:18:35Z,
GIGM,ok,1,2026-10-01T11:18:35Z,2026-10-01T11:18:35Z,
GIII,ok,1,2026-10-01T11:18:36Z,2026-10-01T11:18:36Z,
GIL,ok,1,2026-10-01T11:18:36Z,2026-10-01T11:18:36Z,
GILD,ok,1,2026-10-01T11:18:37Z,2026-10-01T11:18:37Z,
GILT,ok,1,2026-10-01T11:18:37Z,2026-10-01T11:18:37Z,
GIPR,ok,1,2026-10-01T11:18:38Z,2026-10-01T11:18:38Z,
GIS,ok,1,2026-10-01T11:18:38Z,2026-10-01T11:18:38Z,
GITS,ok,1,2026-10-01T11:18:39Z,2026-10-01T11:18:39Z,
GIW,ok,1,2026-10-01T11:18:39Z,2026-10-01T11:18:39Z,
GIX,ok,1,2026-10-01T11:18:40Z,2026-10-01T11:18:40Z,
GIXI,ok,1,2026-10-01T11:18:40Z,2026-10-01T11:18:40Z,
GJH,ok,1,2026-10-01T11:18:41Z,2026-10-01T11:18:41Z,
GJO,ok,1,2026-10-01T11:18:41Z,2026-10-01T11:18:41Z,
GJP,ok,1,2026-10-01T11:18:42Z,2026-10-01T11:18:42Z,
GJR,ok,1,2026-10-01T11:18:43Z,2026-10-01T11:18:43Z,
GJS,ok,1,2026-10-01T11:18:43Z,2026-10-01T11:18:43Z,
GJT,ok,1,2026-10-01T11:18:43Z,2026-10-01T11:18:43Z,
GKOS,ok,1,2026-10-01T11:18:44Z,2026-10-01T11:18:44Z,
GL,ok,1,2026-10-01T11:18:44Z,2026-10-01T11:18:44Z,
GLAD,ok,1,2026-10-01T11:18:45Z,2026-10-01T11:18:45Z,
GLAS,ok,1,2026-10-01T11:18:45Z,2026-10-01T11:18:45Z,
GLBE,ok,1,2026-10-01T11:18:46Z,2026-10-01T11:18:46Z,
GLBS,ok,1,2026-10-01T11:18:46Z,2026-10-01T11:18:46Z,
GLDG,ok,1,2026-10-01T11:18:47Z,2026-10-01T11:18:47Z,
GLE,ok,1,2026-10-01T11:18:47Z,2026-10-01T11:18:47Z,
GLED,ok,1,2026-10-01T11:18:48Z,2026-10-01T11:18:48Z,
GLIBA,ok,1,2026-10-01T11:18:48Z,2026-10-01T11:18:48Z,
GLIBK,ok,1,2026-10-01T11:18:49Z,2026-10-01T11:18:49Z,
GLND,ok,1,2026-10-01T11:18:49Z,2026-10-01T11:18:49Z,
GLNG,ok,1,2026-10-01T11:18:50Z,2026-10-01T11:18:50Z,
GLO,ok,1,2026-10-01T11:18:50Z,2026-10-01T11:18:50Z,
GLOB,ok,1,2026-10-01T11:18:51Z,2026-10-01T11:18:51Z,
GLOO,ok,1,2026-10-01T11:18:51Z,2026-10-01T11:18:51Z,
GLP,ok,1,2026-10-01T11:18:52Z,2026-10-01T11:18:52Z,
GLPI,ok,1,2026-10-01T11:18:52Z,2026-10-01T11:18:52Z,
GLQ,ok,1,2026-10-01T11:18:53Z,2026-10-01T11:18:53Z,
GLRE,ok,1,2026-10-01T11:18:53Z,2026-10-01T11:18:53Z,
GLSI,ok,1,2026-10-01T11:18:54Z,2026-10-01T11:18:54Z,
GLU,ok,1,2026-10-01T11:18:54Z,2026-10-01T11:18:54Z,
GLUE,ok,1,2026-10-01T11:18:55Z,2026-10-01T11:18:55Z,
GLV,ok,1,2026-10-01T11:18:55Z,2026-10-01T11:18:55Z,
GLW,ok,1,2026-10-01T11:18:56Z,2026-10-01T11:18:56Z,
GLXG,ok,1,2026-10-01T11:18:56Z,2026-10-01T11:18:56Z,
GLXY,ok,1,2026-10-01T11:18:57Z,2026-10-01T11:18:57Z,
GM,ok,1,2026-10-01T11:18:57Z,2026-10-01T11:18:57Z,
GMAB,ok,1,2026-10-01T11:18:58Z,2026-10-01T11:18:58Z,
GME,ok,1,2026-10-01T11:18:58Z,2026-10-01T11:18:58Z,
GMED,ok,1,2026-10-01T11:18:59Z,2026-10-01T11:18:59Z,
GMEX,ok,1,2026-10-01T11:18:59Z,2026-10-01T11:18:59Z,
GMHS,ok,1,2026-10-01T11:19:00Z,2026-10-01T11:19:00Z,
GMM,ok,1,2026-10-01T11:19:00Z,2026-10-01T11:19:00Z,
GMRS,ok,1,2026-10-01T11:19:01Z,2026-10-01T11:19:01Z,
GMTL,ok,1,2026-10-01T11:19:01Z,2026-10-01T11:19:01Z,
GNE,ok,1,2026-10-01T11:19:02Z,2026-10-01T11:19:02Z,
GNK,ok,1,2026-10-01T11:19:02Z,2026-10-01T11:19:02Z,
GNL,ok,1,2026-10-01T11:19:03Z,2026-10-01T11:19:03Z,
GNLN,ok,1,2026-10-01T11:19:03Z,2026-10-01T11:19:03Z,
GNLX,ok,1,2026-10-01T11:19:04Z,2026-10-01T11:19:04Z,
GNPX,ok,1,2026-10-01T11:19:04Z,2026-10-01T11:19:04Z,
GNRC,ok,1,2026-10-01T11:19:05Z,2026-10-01T11:19:05Z,
GNS,ok,1,2026-10-01T11:19:05Z,2026-10-01T11:19:05Z,
GNSS,ok,1,2026-10-01T11:19:06Z,2026-10-01T11:19:06Z,
GNT,ok,1,2026-10-01T11:19:06Z,2026-10-01T11:19:06Z,
GNTA,ok,1,2026-10-01T11:19:07Z,2026-10-01T11:19:07Z,
GNTX,ok,1,2026-10-01T11:19:07Z,2026-10-01T11:19:07Z,
GNW,ok,1,2026-10-01T11:19:08Z,2026-10-01T11:19:08Z,
GO,ok,1,2026-10-01T11:19:08Z,2026-10-01T11:19:08Z,
GOAI,ok,1,2026-10-01T11:19:09Z,2026-10-01T11:19:09Z,
GOF,ok,1,2026-10-01T11:19:09Z,2026-10-01T11:19:09Z,
GOGO,ok,1,2026-10-01T11:19:10Z,2026-10-01T11:19:10Z,
GOLD,ok,1,2026-10-01T11:19:10Z,2026-10-01T11:19:10Z,
GOLF,ok,1,2026-10-01T11:19:11Z,2026-10-01T11:19:11Z,
GOOD,ok,1,2026-10-01T11:19:11Z,2026-10-01T11:19:11Z,
GOOG,ok,1,2026-10-01T11:19:12Z,2026-10-01T11:19:12Z,
GOOGL,ok,1,2026-10-01T11:19:12Z,2026-10-01T11:19:12Z,
GOOS,ok,1,2026-10-01T11:19:13Z,2026-10-01T11:19:13Z,
GORO,ok,1,2026-10-01T11:19:13Z,2026-10-01T11:19:13Z,
GOSS,ok,1,2026-10-01T11:19:14Z,2026-10-01T11:19:14Z,
GOTU,ok,1,2026-10-01T11:19:14Z,2026-10-01T11:19:14Z,
GOVX,ok,1,2026-10-01T11:19:15Z,2026-10-01T11:19:15Z,
GOW,ok,1,2026-10-01T11:19:15Z,2026-10-01T11:19:15Z,
GP,ok,1,2026-10-01T11:19:16Z,2026-10-01T11:19:16Z,
GPAC,ok,1,2026-10-01T11:19:16Z,2026-10-01T11:19:16Z,
GPAT,ok,1,2026-10-01T11:19:17Z,2026-10-01T11:19:17Z,
GPC,ok,1,2026-10-01T11:19:17Z,2026-10-01T11:19:17Z,
GPCR,ok,1,2026-10-01T11:19:18Z,2026-10-01T11:19:18Z,
GPGI,ok,1,2026-10-01T11:19:18Z,2026-10-01T11:19:18Z,
GPI,ok,1,2026-10-01T11:19:19Z,2026-10-01T11:19:19Z,
GPK,ok,1,2026-10-01T11:19:19Z,2026-10-01T11:19:19Z,
GPMT,ok,1,2026-10-01T11:19:20Z,2026-10-01T11:19:20Z,
GPN,ok,1,2026-10-01T11:19:20Z,2026-10-01T11:19:20Z,
GPOR,ok,1,2026-10-01T11:19:21Z,2026-10-01T11:19:21Z,
GPRE,ok,1,2026-10-01T11:19:21Z,2026-10-01T11:19:21Z,
GPRK,ok,1,2026-10-01T11:19:22Z,2026-10-01T11:19:22Z,
GPRO,ok,1,2026-10-01T11:19:22Z,2026-10-01T11:19:22Z,
GPUS,ok,1,2026-10-01T11:19:23Z,2026-10-01T11:19:23Z,
GRAB,ok,1,2026-10-01T11:19:23Z,2026-10-01T11:19:23Z,
GRAL,ok,1,2026-10-01T11:19:24Z,2026-10-01T11:19:24Z,
GRAN,ok,1,2026-10-01T11:19:24Z,2026-10-01T11:19:24Z,
GRBK,ok,1,2026-10-01T11:19:25Z,2026-10-01T11:19:25Z,
GRC,ok,1,2026-10-01T11:19:25Z,2026-10-01T11:19:25Z,
GRCE,ok,1,2026-10-01T11:19:26Z,2026-10-01T11:19:26Z,
GRDN,ok,1,2026-10-01T11:19:26Z,2026-10-01T11:19:26Z,
GRDX,ok,1,2026-10-01T11:19:27Z,2026-10-01T11:19:27Z,
GRF,ok,1,2026-10-01T11:19:27Z,2026-10-01T11:19:27Z,
GRFS,ok,1,2026-10-01T11:19:28Z,2026-10-01T11:19:28Z,
GRI,ok,1,2026-10-01T11:19:28Z,2026-10-01T11:19:28Z,
GRML,ok,1,2026-10-01T11:19:29Z,2026-10-01T11:19:29Z,
GRMN,ok,1,2026-10-01T11:19:29Z,2026-10-01T11:19:29Z,
GRND,ok,1,2026-10-01T11:19:30Z,2026-10-01T11:19:30Z,
GRNQ,ok,1,2026-10-01T11:19:30Z,2026-10-01T11:19:30Z,
GRNT,ok,1,2026-10-01T11:19:31Z,2026-10-01T11:19:31Z,
GRO,ok,1,2026-10-01T11:19:31Z,2026-10-01T11:19:31Z,
GROV,ok,1,2026-10-01T11:19:32Z,2026-10-01T11:19:32Z,
GROW,ok,1,2026-10-01T11:19:32Z,2026-10-01T11:19:32Z,
GROY,ok,1,2026-10-01T11:19:33Z,2026-10-01T11:19:33Z,
GRPN,ok,1,2026-10-01T11:19:33Z,2026-10-01T11:19:33Z,
GRRR,ok,1,2026-10-01T11:19:34Z,2026-10-01T11:19:34Z,
GRSD,ok,1,2026-10-01T11:19:34Z,2026-10-01T11:19:34Z,
GRVY,ok,1,2026-10-01T11:19:35Z,2026-10-01T11:19:35Z,
GRWG,ok,1,2026-10-01T11:19:35Z,2026-10-01T11:19:35Z,
GRX,ok,1,2026-10-01T11:19:36Z,2026-10-01T11:19:36Z,
GS,ok,1,2026-10-01T11:19:36Z,2026-10-01T11:19:36Z,
GSAT,ok,1,2026-10-01T11:19:37Z,2026-10-01T11:19:37Z,
GSBC,ok,1,2026-10-01T11:19:37Z,2026-10-01T11:19:37Z,
GSBD,ok,1,2026-10-01T11:19:38Z,2026-10-01T11:19:38Z,
GSHD,ok,1,2026-10-01T11:19:38Z,2026-10-01T11:19:38Z,
GSHR,ok,1,2026-10-01T11:19:39Z,2026-10-01T11:19:39Z,
GSIT,ok,1,2026-10-01T11:19:39Z,2026-10-01T11:19:39Z,
GSIW,ok,1,2026-10-01T11:19:40Z,2026-10-01T11:19:40Z,
GSK,ok,1,2026-10-01T11:19:40Z,2026-10-01T11:19:40Z,
GSL,ok,1,2026-10-01T11:19:41Z,2026-10-01T11:19:41Z,
GSM,ok,1,2026-10-01T11:19:41Z,2026-10-01T11:19:41Z,
GSRF,ok,1,2026-10-01T11:19:42Z,2026-10-01T11:19:42Z,
GSRV,ok,1,2026-10-01T11:19:42Z,2026-10-01T11:19:42Z,
GSUN,ok,1,2026-10-01T11:19:43Z,2026-10-01T11:19:43Z,
GT,ok,1,2026-10-01T11:19:43Z,2026-10-01T11:19:43Z,
GTBP,ok,1,2026-10-01T11:19:44Z,2026-10-01T11:19:44Z,
GTE,ok,1,2026-10-01T11:19:44Z,2026-10-01T11:19:44Z,
GTEC,ok,1,2026-10-01T11:19:45Z,2026-10-01T11:19:45Z,
GTEN,ok,1,2026-10-01T11:19:45Z,2026-10-01T11:19:45Z,
GTERA,ok,1,2026-10-01T11:19:46Z,2026-10-01T11:19:46Z,
GTES,ok,1,2026-10-01T11:19:46Z,2026-10-01T11:19:46Z,
GTIM,ok,1,2026-10-01T11:19:47Z,2026-10-01T11:19:47Z,
GTLB,ok,1,2026-10-01T11:19:47Z,2026-10-01T11:19:47Z,
GTM,ok,1,2026-10-01T11:19:48Z,2026-10-01T11:19:48Z,
GTN,ok,1,2026-10-01T11:19:48Z,2026-10-01T11:19:48Z,
GTN-A,ok,1,2026-10-01T11:19:49Z,2026-10-01T11:19:49Z,
GTX,ok,1,2026-10-01T11:19:49Z,2026-10-01T11:19:49Z,
GTY,ok,1,2026-10-01T11:19:50Z,2026-10-01T11:19:50Z,
GUAC,ok,1,2026-10-01T11:19:50Z,2026-10-01T11:19:50Z,
GUG,ok,1,2026-10-01T11:19:51Z,2026-10-01T11:19:51Z,
GURE,ok,1,2026-10-01T11:19:51Z,2026-10-01T11:19:51Z,
GUT,ok,1,2026-10-01T11:19:52Z,2026-10-01T11:19:52Z,
GUTS,ok,1,2026-10-01T11:19:52Z,2026-10-01T11:19:52Z,
GVA,ok,1,2026-10-01T11:19:53Z,2026-10-01T11:19:53Z,
GVH,ok,1,2026-10-01T11:19:53Z,2026-10-01T11:19:53Z,
GWAV,ok,1,2026-10-01T11:19:54Z,2026-10-01T11:19:54Z,
GWH,ok,1,2026-10-01T11:19:54Z,2026-10-01T11:19:54Z,
GWRE,ok,1,2026-10-01T11:19:55Z,2026-10-01T11:19:55Z,
GWRS,ok,1,2026-10-01T11:19:55Z,2026-10-01T11:19:55Z,
GWW,ok,1,2026-10-01T11:19:56Z,2026-10-01T11:19:56Z,
GXAI,ok,1,2026-10-01T11:19:56Z,2026-10-01T11:19:56Z,
GXO,ok,1,2026-10-01T11:19:57Z,2026-10-01T11:19:57Z,
GYGY,ok,1,2026-10-01T11:19:57Z,2026-10-01T11:19:57Z,
GYRE,ok,1,2026-10-01T11:19:58Z,2026-10-01T11:19:58Z,
GYRO,ok,1,2026-10-01T11:19:58Z,2026-10-01T11:19:58Z,
H,ok,1,2026-10-01T11:19:59Z,2026-10-01T11:19:59Z,
HACQ,ok,1,2026-10-01T11:19:59Z,2026-10-01T11:19:59Z,
HAE,ok,1,2026-10-01T11:20:00Z,2026-10-01T11:20:00Z,
HAFC,ok,1,2026-10-01T11:20:00Z,2026-10-01T11:20:00Z,
HAFN,ok,1,2026-10-01T11:20:01Z,2026-10-01T11:20:01Z,
HAIN,ok,1,2026-10-01T11:20:01Z,2026-10-01T11:20:01Z,
HAL,ok,1,2026-10-01T11:20:02Z,2026-10-01T11:20:02Z,
HALO,ok,1,2026-10-01T11:20:02Z,2026-10-01T11:20:02Z,
HAO,ok,1,2026-10-01T11:20:03Z,2026-10-01T11:20:03Z,
HAPN,ok,1,2026-10-01T11:20:03Z,2026-10-01T11:20:03Z,
HAS,ok,1,2026-10-01T11:20:04Z,2026-10-01T11:20:04Z,
HASI,ok,1,2026-10-01T11:20:04Z,2026-10-01T11:20:04Z,
HAVA,ok,1,2026-10-01T11:20:05Z,2026-10-01T11:20:05Z,
HAWK,ok,1,2026-10-01T11:20:05Z,2026-10-01T11:20:05Z,
HAYW,ok,1,2026-10-01T11:20:06Z,2026-10-01T11:20:06Z,
HBAN,ok,1,2026-10-01T11:20:06Z,2026-10-01T11:20:06Z,
HBB,ok,1,2026-10-01T11:20:07Z,2026-10-01T11:20:07Z,
HBCP,ok,1,2026-10-01T11:20:07Z,2026-10-01T11:20:07Z,
HBIO,ok,1,2026-10-01T11:20:08Z,2026-10-01T11:20:08Z,
HBM,ok,1,2026-10-01T11:20:08Z,2026-10-01T11:20:08Z,
HBNB,ok,1,2026-10-01T11:20:09Z,2026-10-01T11:20:09Z,
HBNC,ok,1,2026-10-01T11:20:09Z,2026-10-01T11:20:09Z,
HBT,ok,1,2026-10-01T11:20:10Z,2026-10-01T11:20:10Z,
HCA,ok,1,2026-10-01T11:20:10Z,2026-10-01T11:20:10Z,
HCAC,ok,1,2026-10-01T11:20:11Z,2026-10-01T11:20:11Z,
HCAI,ok,1,2026-10-01T11:20:11Z,2026-10-01T11:20:11Z,
HCAT,ok,1,2026-10-01T11:20:12Z,2026-10-01T11:20:12Z,
HCC,ok,1,2026-10-01T11:20:12Z,2026-10-01T11:20:12Z,
HCHL,ok,1,2026-10-01T11:20:13Z,2026-10-01T11:20:13Z,
HCI,ok,1,2026-10-01T11:20:13Z,2026-10-01T11:20:13Z,
HCIC,ok,1,2026-10-01T11:20:14Z,2026-10-01T11:20:14Z,
HCKT,ok,1,2026-10-01T11:20:14Z,2026-10-01T11:20:14Z,
HCM,ok,1,2026-10-01T11:20:15Z,2026-10-01T11:20:15Z,
HCMA,ok,1,2026-10-01T11:20:15Z,2026-10-01T11:20:15Z,
HCSG,ok,1,2026-10-01T11:20:16Z,2026-10-01T11:20:16Z,
HCTI,ok,1,2026-10-01T11:20:16Z,2026-10-01T11:20:16Z,
HCWB,ok,1,2026-10-01T11:20:17Z,2026-10-01T11:20:17Z,
HD,ok,1,2026-10-01T11:20:17Z,2026-10-01T11:20:17Z,
HDB,ok,1,2026-10-01T11:20:18Z,2026-10-01T11:20:18Z,
HDL,ok,1,2026-10-01T11:20:18Z,2026-10-01T11:20:18Z,
HDRN,ok,1,2026-10-01T11:20:19Z,2026-10-01T11:20:19Z,
HDSN,ok,1,2026-10-01T11:20:19Z,2026-10-01T11:20:19Z,
HE,ok,1,2026-10-01T11:20:20Z,2026-10-01T11:20:20Z,
HEI,ok,1,2026-10-01T11:20:20Z,2026-10-01T11:20:20Z,
HEI-A,ok,1,2026-10-01T11:20:21Z,2026-10-01T11:20:21Z,
HELE,ok,1,2026-10-01T11:20:21Z,2026-10-01T11:20:21Z,
HELP,ok,1,2026-10-01T11:20:22Z,2026-10-01T11:20:22Z,
HEPS,ok,1,2026-10-01T11:20:22Z,2026-10-01T11:20:22Z,
HEQ,ok,1,2026-10-01T11:20:23Z,2026-10-01T11:20:23Z,
HERE,ok,1,2026-10-01T11:20:23Z,2026-10-01T11:20:23Z,
HERZ,ok,1,2026-10-01T11:20:24Z,2026-10-01T11:20:24Z,
HESM,ok,1,2026-10-01T11:20:24Z,2026-10-01T11:20:24Z,
HFBL,ok,1,2026-10-01T11:20:25Z,2026-10-01T11:20:25Z,
HFFG,ok,1,2026-10-01T11:20:25Z,2026-10-01T11:20:25Z,
HFRO,ok,1,2026-10-01T11:20:26Z,2026-10-01T11:20:26Z,
HFWA,ok,1,2026-10-01T11:20:26Z,2026-10-01T11:20:26Z,
HG,ok,1,2026-10-01T11:20:27Z,2026-10-01T11:20:27Z,
HGBL,ok,1,2026-10-01T11:20:27Z,2026-10-01T11:20:27Z,
HGLB,ok,1,2026-10-01T11:20:28Z,2026-10-01T11:20:28Z,
HGTY,ok,1,2026-10-01T11:20:28Z,2026-10-01T11:20:28Z,
HGV,ok,1,2026-10-01T11:20:29Z,2026-10-01T11:20:29Z,
HHH,ok,1,2026-10-01T11:20:29Z,2026-10-01T11:20:29Z,
HHS,ok,1,2026-10-01T11:20:30Z,2026-10-01T11:20:30Z,
HIFS,ok,1,2026-10-01T11:20:30Z,2026-10-01T11:20:30Z,
HIG,ok,1,2026-10-01T11:20:31Z,2026-10-01T11:20:31Z,
HIHO,ok,1,2026-10-01T11:20:31Z,2026-10-01T11:20:31Z,
HII,ok,1,2026-10-01T11:20:32Z,2026-10-01T11:20:32Z,
HIMS,ok,1,2026-10-01T11:20:32Z,2026-10-01T11:20:32Z,
HIMX,ok,1,2026-10-01T11:20:33Z,2026-10-01T11:20:33Z,
HIND,ok,1,2026-10-01T11:20:33Z,2026-10-01T11:20:33Z,
HIO,ok,1,2026-10-01T11:20:34Z,2026-10-01T11:20:34Z,
HIPO,ok,1,2026-10-01T11:20:34Z,2026-10-01T11:20:34Z,
HIT,ok,1,2026-10-01T11:20:35Z,2026-10-01T11:20:35Z,
HITI,ok,1,2026-10-01T11:20:35Z,2026-10-01T11:20:35Z,
HIVE,ok,1,2026-10-01T11:20:36Z,2026-10-01T11:20:36Z,
HIW,ok,1,2026-10-01T11:20:36Z,2026-10-01T11:20:36Z,
HIX,ok,1,2026-10-01T11:20:37Z,2026-10-01T11:20:37Z,
HKD,ok,1,2026-10-01T11:20:37Z,2026-10-01T11:20:37Z,
HKIT,ok,1,2026-10-01T11:20:38Z,2026-10-01T11:20:38Z,
HKPD,ok,1,2026-10-01T11:20:38Z,2026-10-01T11:20:38Z,
HL,ok,1,2026-10-01T11:20:39Z,2026-10-01T11:20:39Z,
HLF,ok,1,2026-10-01T11:20:39Z,2026-10-01T11:20:39Z,
HLI,ok,1,2026-10-01T11:20:40Z,2026-10-01T11:20:40Z,
HLIO,ok,1,2026-10-01T11:20:40Z,2026-10-01T11:20:40Z,
HLIT,ok,1,2026-10-01T11:20:41Z,2026-10-01T11:20:41Z,
HLLY,ok,1,2026-10-01T11:20:41Z,2026-10-01T11:20:41Z,
HLMN,ok,1,2026-10-01T11:20:42Z,2026-10-01T11:20:42Z,
HLN,ok,1,2026-10-01T11:20:42Z,2026-10-01T11:20:42Z,
HLNE,ok,1,2026-10-01T11:20:43Z,2026-10-01T11:20:43Z,
HLP,ok,1,2026-10-01T11:20:43Z,2026-10-01T11:20:43Z,
HLSQ,ok,1,2026-10-01T11:20:44Z,2026-10-01T11:20:44Z,
HLT,ok,1,2026-10-01T11:20:44Z,2026-10-01T11:20:44Z,
HLXC,ok,1,2026-10-01T11:20:45Z,2026-10-01T11:20:45Z,
HMC,ok,1,2026-10-01T11:20:45Z,2026-10-01T11:20:45Z,
HMH,ok,1,2026-10-01T11:20:46Z,2026-10-01T11:20:46Z,
HMN,ok,1,2026-10-01T11:20:46Z,2026-10-01T11:20:46Z,
HMR,ok,1,2026-10-01T11:20:47Z,2026-10-01T11:20:47Z,
HMY,ok,1,2026-10-01T11:20:47Z,2026-10-01T11:20:47Z,
HNGE,ok,1,2026-10-01T11:20:48Z,2026-10-01T11:20:48Z,
HNI,ok,1,2026-10-01T11:20:48Z,2026-10-01T11:20:48Z,
HNNA,ok,1,2026-10-01T11:20:49Z,2026-10-01T11:20:49Z,
HNRG,ok,1,2026-10-01T11:20:49Z,2026-10-01T11:20:49Z,
HNST,ok,1,2026-10-01T11:20:50Z,2026-10-01T11:20:50Z,
HNVR,ok,1,2026-10-01T11:20:50Z,2026-10-01T11:20:50Z,
HODO,ok,1,2026-10-01T11:20:51Z,2026-10-01T11:20:51Z,
HOFT,ok,1,2026-10-01T11:20:51Z,2026-10-01T11:20:51Z,
HOG,ok,1,2026-10-01T11:20:52Z,2026-10-01T11:20:52Z,
HOLO,ok,1,2026-10-01T11:20:52Z,2026-10-01T11:20:52Z,
HOMB,ok,1,2026-10-01T11:20:53Z,2026-10-01T11:20:53Z,
HON,ok,1,2026-10-01T11:20:53Z,2026-10-01T11:20:53Z,
HONA,ok,1,2026-10-01T11:20:54Z,2026-10-01T11:20:54Z,
HOOD,ok,1,2026-10-01T11:20:54Z,2026-10-01T11:20:54Z,
HOPE,ok,1,2026-10-01T11:20:55Z,2026-10-01T11:20:55Z,
HOS,ok,1,2026-10-01T11:20:55Z,2026-10-01T11:20:55Z,
HOST,ok,1,2026-10-01T11:20:56Z,2026-10-01T11:20:56Z,
HOUR,ok,1,2026-10-01T11:20:56Z,2026-10-01T11:20:56Z,
HOV,ok,1,2026-10-01T11:20:57Z,2026-10-01T11:20:57Z,
HOVR,ok,1,2026-10-01T11:20:57Z,2026-10-01T11:20:57Z,
HOWL,ok,1,2026-10-01T11:20:58Z,2026-10-01T11:20:58Z,
HP,ok,1,2026-10-01T11:20:58Z,2026-10-01T11:20:58Z,
HPAI,ok,1,2026-10-01T11:20:59Z,2026-10-01T11:20:59Z,
HPE,ok,1,2026-10-01T11:20:59Z,2026-10-01T11:20:59Z,
HPI,ok,1,2026-10-01T11:21:00Z,2026-10-01T11:21:00Z,
HPK,ok,1,2026-10-01T11:21:00Z,2026-10-01T11:21:00Z,
HPP,ok,1,2026-10-01T11:21:01Z,2026-10-01T11:21:01Z,
HPQ,ok,1,2026-10-01T11:21:01Z,2026-10-01T11:21:01Z,
HQ,ok,1,2026-10-01T11:21:02Z,2026-10-01T11:21:02Z,
HQH,ok,1,2026-10-01T11:21:02Z,2026-10-01T11:21:02Z,
HQI,ok,1,2026-10-01T11:21:03Z,2026-10-01T11:21:03Z,
HQL,ok,1,2026-10-01T11:21:03Z,2026-10-01T11:21:03Z,
HQY,ok,1,2026-10-01T11:21:04Z,2026-10-01T11:21:04Z,
HR,ok,1,2026-10-01T11:21:04Z,2026-10-01T11:21:04Z,
HRB,ok,1,2026-10-01T11:21:05Z,2026-10-01T11:21:05Z,
HRI,ok,1,2026-10-01T11:21:05Z,2026-10-01T11:21:05Z,
HRL,ok,1,2026-10-01T11:21:06Z,2026-10-01T11:21:06Z,
HRMY,ok,1,2026-10-01T11:21:06Z,2026-10-01T11:21:06Z,
HROW,ok,1,2026-10-01T11:21:07Z,2026-10-01T11:21:07Z,
HRTG,ok,1,2026-10-01T11:21:07Z,2026-10-01T11:21:07Z,
HRTX,ok,1,2026-10-01T11:21:08Z,2026-10-01T11:21:08Z,
HRZN,ok,1,2026-10-01T11:21:08Z,2026-10-01T11:21:08Z,
HSAI,ok,1,2026-10-01T11:21:09Z,2026-10-01T11:21:09Z,
HSBC,ok,1,2026-10-01T11:21:09Z,2026-10-01T11:21:09Z,
HSCS,ok,1,2026-10-01T11:21:10Z,2026-10-01T11:21:10Z,
HSDT,ok,1,2026-10-01T11:21:10Z,2026-10-01T11:21:10Z,
HSHP,ok,1,2026-10-01T11:21:11Z,2026-10-01T11:21:11Z,
HSIC,ok,1,2026-10-01T11:21:11Z,2026-10-01T11:21:11Z,
HSLV,ok,1,2026-10-01T11:21:12Z,2026-10-01T11:21:12Z,
HST,ok,1,2026-10-01T11:21:12Z,2026-10-01T11:21:12Z,
HSTM,ok,1,2026-10-01T11:21:13Z,2026-10-01T11:21:13Z,
HSY,ok,1,2026-10-01T11:21:13Z,2026-10-01T11:21:13Z,
HTB,ok,1,2026-10-01T11:21:14Z,2026-10-01T11:21:14Z,
HTCO,ok,1,2026-10-01T11:21:14Z,2026-10-01T11:21:14Z,
HTCR,ok,1,2026-10-01T11:21:15Z,2026-10-01T11:21:15Z,
HTD,ok,1,2026-10-01T11:21:15Z,2026-10-01T11:21:15Z,
HTFL,ok,1,2026-10-01T11:21:16Z,2026-10-01T11:21:16Z,
HTGC,ok,1,2026-10-01T11:21:16Z,2026-10-01T11:21:16Z,
HTH,ok,1,2026-10-01T11:21:17Z,2026-10-01T11:21:17Z,
HTHT,ok,1,2026-10-01T11:21:17Z,2026-10-01T11:21:17Z,
HTLD,ok,1,2026-10-01T11:21:18Z,2026-10-01T11:21:18Z,
HTLM,ok,1,2026-10-01T11:21:18Z,2026-10-01T11:21:18Z,
HTO,ok,1,2026-10-01T11:21:19Z,2026-10-01T11:21:19Z,
HTOO,ok,1,2026-10-01T11:21:19Z,2026-10-01T11:21:19Z,
HTT,ok,1,2026-10-01T11:21:20Z,2026-10-01T11:21:20Z,
HTZ,ok,1,2026-10-01T11:21:20Z,2026-10-01T11:21:20Z,
HUBB,ok,1,2026-10-01T11:21:21Z,2026-10-01T11:21:21Z,
HUBC,ok,1,2026-10-01T11:21:21Z,2026-10-01T11:21:21Z,
HUBG,ok,1,2026-10-01T11:21:22Z,2026-10-01T11:21:22Z,
HUBS,ok,1,2026-10-01T11:21:22Z,2026-10-01T11:21:22Z,
HUCK,ok,1,2026-10-01T11:21:23Z,2026-10-01T11:21:23Z,
HUDI,ok,1,2026-10-01T11:21:23Z,2026-10-01T11:21:23Z,
HUHU,ok,1,2026-10-01T11:21:24Z,2026-10-01T11:21:24Z,
HUIZ,ok,1,2026-10-01T11:21:24Z,2026-10-01T11:21:24Z,
HUM,ok,1,2026-10-01T11:21:25Z,2026-10-01T11:21:25Z,
HUMA,ok,1,2026-10-01T11:21:25Z,2026-10-01T11:21:25Z,
HUN,ok,1,2026-10-01T11:21:26Z,2026-10-01T11:21:26Z,
HURA,ok,1,2026-10-01T11:21:26Z,2026-10-01T11:21:26Z,
HURC,ok,1,2026-10-01T11:21:27Z,2026-10-01T11:21:27Z,
HURN,ok,1,2026-10-01T11:21:27Z,2026-10-01T11:21:27Z,
HUT,ok,1,2026-10-01T11:21:28Z,2026-10-01T11:21:28Z,
HUYA,ok,1,2026-10-01T11:21:28Z,2026-10-01T11:21:28Z,
HVMC,ok,1,2026-10-01T11:21:29Z,2026-10-01T11:21:29Z,
HVT,ok,1,2026-10-01T11:21:29Z,2026-10-01T11:21:29Z,
HVT-A,ok,1,2026-10-01T11:21:30Z,2026-10-01T11:21:30Z,
HWBK,ok,1,2026-10-01T11:21:30Z,2026-10-01T11:21:30Z,
HWC,ok,1,2026-10-01T11:21:31Z,2026-10-01T11:21:31Z,
HWKN,ok,1,2026-10-01T11:21:31Z,2026-10-01T11:21:31Z,
HWM,ok,1,2026-10-01T11:21:32Z,2026-10-01T11:21:32Z,
HXHX,ok,1,2026-10-01T11:21:32Z,2026-10-01T11:21:32Z,
HXL,ok,1,2026-10-01T11:21:33Z,2026-10-01T11:21:33Z,
HY,ok,1,2026-10-01T11:21:33Z,2026-10-01T11:21:33Z,
HYFM,ok,1,2026-10-01T11:21:34Z,2026-10-01T11:21:34Z,
HYFT,ok,1,2026-10-01T11:21:34Z,2026-10-01T11:21:34Z,
HYI,ok,1,2026-10-01T11:21:35Z,2026-10-01T11:21:35Z,
HYLN,ok,1,2026-10-01T11:21:35Z,2026-10-01T11:21:35Z,
HYMC,ok,1,2026-10-01T11:21:36Z,2026-10-01T11:21:36Z,
HYNE,ok,1,2026-10-01T11:21:36Z,2026-10-01T11:21:36Z,
HYPD,ok,1,2026-10-01T11:21:37Z,2026-10-01T11:21:37Z,
HYPR,ok,1,2026-10-01T11:21:37Z,2026-10-01T11:21:37Z,
HYT,ok,1,2026-10-01T11:21:38Z,2026-10-01T11:21:38Z,
HZO,ok,1,2026-10-01T11:21:38Z,2026-10-01T11:21:38Z,
IA,ok,1,2026-10-01T11:21:39Z,2026-10-01T11:21:39Z,
IACO,ok,1,2026-10-01T11:21:39Z,2026-10-01T11:21:39Z,
IACQ,ok,1,2026-10-01T11:21:40Z,2026-10-01T11:21:40Z,
IAE,ok,1,2026-10-01T11:21:40Z,2026-10-01T11:21:40Z,
IAF,ok,1,2026-10-01T11:21:41Z,2026-10-01T11:21:41Z,
IAG,ok,1,2026-10-01T11:21:41Z,2026-10-01T11:21:41Z,
IART,ok,1,2026-10-01T11:21:42Z,2026-10-01T11:21:42Z,
IAUX,ok,1,2026-10-01T11:21:42Z,2026-10-01T11:21:42Z,
IBAC,ok,1,2026-10-01T11:21:43Z,2026-10-01T11:21:43Z,
IBCP,ok,1,2026-10-01T11:21:43Z,2026-10-01T11:21:43Z,
IBEX,ok,1,2026-10-01T11:21:44Z,2026-10-01T11:21:44Z,
IBG,ok,1,2026-10-01T11:21:44Z,2026-10-01T11:21:44Z,
IBIO,ok,1,2026-10-01T11:21:45Z,2026-10-01T11:21:45Z,
IBKR,ok,1,2026-10-01T11:21:45Z,2026-10-01T11:21:45Z,
IBM,ok,1,2026-10-01T11:21:46Z,2026-10-01T11:21:46Z,
IBN,ok,1,2026-10-01T11:21:46Z,2026-10-01T11:21:46Z,
IBO,ok,1,2026-10-01T11:21:47Z,2026-10-01T11:21:47Z,
IBOC,ok,1,2026-10-01T11:21:47Z,2026-10-01T11:21:47Z,
IBP,ok,1,2026-10-01T11:21:48Z,2026-10-01T11:21:48Z,
IBRX,ok,1,2026-10-01T11:21:48Z,2026-10-01T11:21:48Z,
IBTA,ok,1,2026-10-01T11:21:49Z,2026-10-01T11:21:49Z,
ICCC,ok,1,2026-10-01T11:21:49Z,2026-10-01T11:21:49Z,
ICCM,ok,1,2026-10-01T11:21:50Z,2026-10-01T11:21:50Z,
ICE,ok,1,2026-10-01T11:21:50Z,2026-10-01T11:21:50Z,
ICFI,ok,1,2026-10-01T11:21:51Z,2026-10-01T11:21:51Z,
ICG,ok,1,2026-10-01T11:21:51Z,2026-10-01T11:21:51Z,
ICHR,ok,1,2026-10-01T11:21:52Z,2026-10-01T11:21:52Z,
ICL,ok,1,2026-10-01T11:21:52Z,2026-10-01T11:21:52Z,
ICLR,ok,1,2026-10-01T11:21:53Z,2026-10-01T11:21:53Z,
ICMB,ok,1,2026-10-01T11:21:53Z,2026-10-01T11:21:53Z,
ICON,ok,1,2026-10-01T11:21:54Z,2026-10-01T11:21:54Z,
ICU,ok,1,2026-10-01T11:21:54Z,2026-10-01T11:21:54Z,
ICUI,ok,1,2026-10-01T11:21:55Z,2026-10-01T11:21:55Z,
IDA,ok,1,2026-10-01T11:21:55Z,2026-10-01T11:21:55Z,
IDAC,ok,1,2026-10-01T11:21:56Z,2026-10-01T11:21:56Z,
IDAI,ok,1,2026-10-01T11:21:56Z,2026-10-01T11:21:56Z,
IDCC,ok,1,2026-10-01T11:21:57Z,2026-10-01T11:21:57Z,
IDE,ok,1,2026-10-01T11:21:57Z,2026-10-01T11:21:57Z,
IDN,ok,1,2026-10-01T11:21:58Z,2026-10-01T11:21:58Z,
IDR,ok,1,2026-10-01T11:21:58Z,2026-10-01T11:21:58Z,
IDT,ok,1,2026-10-01T11:21:59Z,2026-10-01T11:21:59Z,
IDXX,ok,1,2026-10-01T11:21:59Z,2026-10-01T11:21:59Z,
IDYA,ok,1,2026-10-01T11:22:00Z,2026-10-01T11:22:00Z,
IE,ok,1,2026-10-01T11:22:00Z,2026-10-01T11:22:00Z,
IEAG,ok,1,2026-10-01T11:22:01Z,2026-10-01T11:22:01Z,
IEP,ok,1,2026-10-01T11:22:01Z,2026-10-01T11:22:01Z,
IESC,ok,1,2026-10-01T11:22:02Z,2026-10-01T11:22:02Z,
IEX,ok,1,2026-10-01T11:22:02Z,2026-10-01T11:22:02Z,
IFBD,ok,1,2026-10-01T11:22:03Z,2026-10-01T11:22:03Z,
IFF,ok,1,2026-10-01T11:22:03Z,2026-10-01T11:22:03Z,
IFN,ok,1,2026-10-01T11:22:04Z,2026-10-01T11:22:04Z,
IFRX,ok,1,2026-10-01T11:22:04Z,2026-10-01T11:22:04Z,
IFS,ok,1,2026-10-01T11:22:05Z,2026-10-01T11:22:05Z,
IGA,ok,1,2026-10-01T11:22:05Z,2026-10-01T11:22:05Z,
IGAC,ok,1,2026-10-01T11:22:06Z,2026-10-01T11:22:06Z,
IGC,ok,1,2026-10-01T11:22:06Z,2026-10-01T11:22:06Z,
IGD,ok,1,2026-10-01T11:22:07Z,2026-10-01T11:22:07Z,
IGI,ok,1,2026-10-01T11:22:07Z,2026-10-01T11:22:07Z,
IGIC,ok,1,2026-10-01T11:22:08Z,2026-10-01T11:22:08Z,
IGR,ok,1,2026-10-01T11:22:08Z,2026-10-01T11:22:08Z,
IH,ok,1,2026-10-01T11:22:09Z,2026-10-01T11:22:09Z,
IHD,ok,1,2026-10-01T11:22:09Z,2026-10-01T11:22:09Z,
IHG,ok,1,2026-10-01T11:22:10Z,2026-10-01T11:22:10Z,
IHRT,ok,1,2026-10-01T11:22:10Z,2026-10-01T11:22:10Z,
IHS,ok,1,2026-10-01T11:22:11Z,2026-10-01T11:22:11Z,
IHT,ok,1,2026-10-01T11:22:11Z,2026-10-01T11:22:11Z,
IIF,ok,1,2026-10-01T11:22:12Z,2026-10-01T11:22:12Z,
III,ok,1,2026-10-01T11:22:12Z,2026-10-01T11:22:12Z,
IIIN,ok,1,2026-10-01T11:22:13Z,2026-10-01T11:22:13Z,
IIIV,ok,1,2026-10-01T11:22:13Z,2026-10-01T11:22:13Z,
IIM,ok,1,2026-10-01T11:22:14Z,2026-10-01T11:22:14Z,
IIPR,ok,1,2026-10-01T11:22:14Z,2026-10-01T11:22:14Z,
IKT,ok,1,2026-10-01T11:22:15Z,2026-10-01T11:22:15Z,
ILAG,ok,1,2026-10-01T11:22:15Z,2026-10-01T11:22:15Z,
ILLR,ok,1,2026-10-01T11:22:16Z,2026-10-01T11:22:16Z,
ILLU,ok,1,2026-10-01T11:22:16Z,2026-10-01T11:22:16Z,
ILMN,ok,1,2026-10-01T11:22:17Z,2026-10-01T11:22:17Z,
ILPT,ok,1,2026-10-01T11:22:17Z,2026-10-01T11:22:17Z,
IMA,ok,1,2026-10-01T11:22:18Z,2026-10-01T11:22:18Z,
IMAX,ok,1,2026-10-01T11:22:18Z,2026-10-01T11:22:18Z,
IMC,ok,1,2026-10-01T11:22:19Z,2026-10-01T11:22:19Z,
IMCC,ok,1,2026-10-01T11:22:19Z,2026-10-01T11:22:19Z,
IMCR,ok,1,2026-10-01T11:22:20Z,2026-10-01T11:22:20Z,
IMDX,ok,1,2026-10-01T11:22:20Z,2026-10-01T11:22:20Z,
IMKTA,ok,1,2026-10-01T11:22:21Z,2026-10-01T11:22:21Z,
IMMP,ok,1,2026-10-01T11:22:21Z,2026-10-01T11:22:21Z,
IMMR,ok,1,2026-10-01T11:22:22Z,2026-10-01T11:22:22Z,
IMMX,ok,1,2026-10-01T11:22:22Z,2026-10-01T11:22:22Z,
IMNM,ok,1,2026-10-01T11:22:23Z,2026-10-01T11:22:23Z,
IMNN,ok,1,2026-10-01T11:22:23Z,2026-10-01T11:22:23Z,
IMO,ok,1,2026-10-01T11:22:24Z,2026-10-01T11:22:24Z,
IMOS,ok,1,2026-10-01T11:22:24Z,2026-10-01T11:22:24Z,
IMPP,ok,1,2026-10-01T11:22:25Z,2026-10-01T11:22:25Z,
IMRN,ok,1,2026-10-01T11:22:25Z,2026-10-01T11:22:25Z,
IMRX,ok,1,2026-10-01T11:22:26Z,2026-10-01T11:22:26Z,
IMSR,ok,1,2026-10-01T11:22:26Z,2026-10-01T11:22:26Z,
IMTE,ok,1,2026-10-01T11:22:27Z,2026-10-01T11:22:27Z,
IMTX,ok,1,2026-10-01T11:22:27Z,2026-10-01T11:22:27Z,
IMUX,ok,1,2026-10-01T11:22:28Z,2026-10-01T11:22:28Z,
IMVT,ok,1,2026-10-01T11:22:28Z,2026-10-01T11:22:28Z,
IMXI,ok,1,2026-10-01T11:22:29Z,2026-10-01T11:22:29Z,
INAB,ok,1,2026-10-01T11:22:29Z,2026-10-01T11:22:29Z,
INAC,ok,1,2026-10-01T11:22:30Z,2026-10-01T11:22:30Z,
INBK,ok,1,2026-10-01T11:22:30Z,2026-10-01T11:22:30Z,
INBS,ok,1,2026-10-01T11:22:31Z,2026-10-01T11:22:31Z,
INBX,ok,1,2026-10-01T11:22:31Z,2026-10-01T11:22:31Z,
INCR,ok,1,2026-10-01T11:22:32Z,2026-10-01T11:22:32Z,
INCY,ok,1,2026-10-01T11:22:32Z,2026-10-01T11:22:32Z,
INDB,ok,1,2026-10-01T11:22:33Z,2026-10-01T11:22:33Z,
INDI,ok,1,2026-10-01T11:22:33Z,2026-10-01T11:22:33Z,
INDO,ok,1,2026-10-01T11:22:34Z,2026-10-01T11:22:34Z,
INDP,ok,1,2026-10-01T11:22:34Z,2026-10-01T11:22:34Z,
INDV,ok,1,2026-10-01T11:22:35Z,2026-10-01T11:22:35Z,
INEO,ok,1,2026-10-01T11:22:35Z,2026-10-01T11:22:35Z,
INFQ,ok,1,2026-10-01T11:22:36Z,2026-10-01T11:22:36Z,
INFU,ok,1,2026-10-01T11:22:36Z,2026-10-01T11:22:36Z,
INFY,ok,1,2026-10-01T11:22:37Z,2026-10-01T11:22:37Z,
ING,ok,1,2026-10-01T11:22:37Z,2026-10-01T11:22:37Z,
INGM,ok,1,2026-10-01T11:22:38Z,2026-10-01T11:22:38Z,
INGN,ok,1,2026-10-01T11:22:38Z,2026-10-01T11:22:38Z,
INGR,ok,1,2026-10-01T11:22:39Z,2026-10-01T11:22:39Z,
INHD,ok,1,2026-10-01T11:22:39Z,2026-10-01T11:22:39Z,
INIO,ok,1,2026-10-01T11:22:40Z,2026-10-01T11:22:40Z,
INKT,ok,1,2026-10-01T11:22:40Z,2026-10-01T11:22:40Z,
INLF,ok,1,2026-10-01T11:22:41Z,2026-10-01T11:22:41Z,
INLX,ok,1,2026-10-01T11:22:41Z,2026-10-01T11:22:41Z,
INM,ok,1,2026-10-01T11:22:42Z,2026-10-01T11:22:42Z,
INMB,ok,1,2026-10-01T11:22:42Z,2026-10-01T11:22:42Z,
INMD,ok,1,2026-10-01T11:22:43Z,2026-10-01T11:22:43Z,
INN,ok,1,2026-10-01T11:22:43Z,2026-10-01T11:22:43Z,
INNV,ok,1,2026-10-01T11:22:44Z,2026-10-01T11:22:44Z,
INO,ok,1,2026-10-01T11:22:44Z,2026-10-01T11:22:44Z,
INOD,ok,1,2026-10-01T11:22:45Z,2026-10-01T11:22:45Z,
INR,ok,1,2026-10-01T11:22:45Z,2026-10-01T11:22:45Z,
INSE,ok,1,2026-10-01T11:22:46Z,2026-10-01T11:22:46Z,
INSG,ok,1,2026-10-01T11:22:46Z,2026-10-01T11:22:46Z,
INSM,ok,1,2026-10-01T11:22:47Z,2026-10-01T11:22:47Z,
INSP,ok,1,2026-10-01T11:22:47Z,2026-10-01T11:22:47Z,
INSW,ok,1,2026-10-01T11:22:48Z,2026-10-01T11:22:48Z,
INTA,ok,1,2026-10-01T11:22:48Z,2026-10-01T11:22:48Z,
INTC,ok,1,2026-10-01T11:22:49Z,2026-10-01T11:22:49Z,
INTG,ok,1,2026-10-01T11:22:49Z,2026-10-01T11:22:49Z,
INTJ,ok,1,2026-10-01T11:22:50Z,2026-10-01T11:22:50Z,
INTR,ok,1,2026-10-01T11:22:50Z,2026-10-01T11:22:50Z,
INTS,ok,1,2026-10-01T11:22:51Z,2026-10-01T11:22:51Z,
INTT,ok,1,2026-10-01T11:22:51Z,2026-10-01T11:22:51Z,
INTU,ok,1,2026-10-01T11:22:52Z,2026-10-01T11:22:52Z,
INTZ,ok,1,2026-10-01T11:22:52Z,2026-10-01T11:22:52Z,
INUV,ok,1,2026-10-01T11:22:53Z,2026-10-01T11:22:53Z,
INV,ok,1,2026-10-01T11:22:53Z,2026-10-01T11:22:53Z,
INVA,ok,1,2026-10-01T11:22:54Z,2026-10-01T11:22:54Z,
INVE,ok,1,2026-10-01T11:22:54Z,2026-10-01T11:22:54Z,
INVH,ok,1,2026-10-01T11:22:55Z,2026-10-01T11:22:55Z,
INVX,ok,1,2026-10-01T11:22:55Z,2026-10-01T11:22:55Z,
INVZ,ok,1,2026-10-01T11:22:56Z,2026-10-01T11:22:56Z,
IOND,ok,1,2026-10-01T11:22:56Z,2026-10-01T11:22:56Z,
IONQ,ok,1,2026-10-01T11:22:57Z,2026-10-01T11:22:57Z,
IONR,ok,1,2026-10-01T11:22:57Z,2026-10-01T11:22:57Z,
IONS,ok,1,2026-10-01T11:22:58Z,2026-10-01T11:22:58Z,
IOR,ok,1,2026-10-01T11:22:58Z,2026-10-01T11:22:58Z,
IOSP,ok,1,2026-10-01T11:22:59Z,2026-10-01T11:22:59Z,
IOT,ok,1,2026-10-01T11:22:59Z,2026-10-01T11:22:59Z,
IOTR,ok,1,2026-10-01T11:23:00Z,2026-10-01T11:23:00Z,
IOVA,ok,1,2026-10-01T11:23:00Z,2026-10-01T11:23:00Z,
IP,ok,1,2026-10-01T11:23:01Z,2026-10-01T11:23:01Z,
IPAR,ok,1,2026-10-01T11:23:01Z,2026-10-01T11:23:01Z,
IPDN,ok,1,2026-10-01T11:23:02Z,2026-10-01T11:23:02Z,
IPFX,ok,1,2026-10-01T11:23:02Z,2026-10-01T11:23:02Z,
IPGP,ok,1,2026-10-01T11:23:03Z,2026-10-01T11:23:03Z,
IPHA,ok,1,2026-10-01T11:23:03Z,2026-10-01T11:23:03Z,
IPI,ok,1,2026-10-01T11:23:04Z,2026-10-01T11:23:04Z,
IPM,ok,1,2026-10-01T11:23:04Z,2026-10-01T11:23:04Z,
IPSC,ok,1,2026-10-01T11:23:05Z,2026-10-01T11:23:05Z,
IPST,ok,1,2026-10-01T11:23:05Z,2026-10-01T11:23:05Z,
IPVV,ok,1,2026-10-01T11:23:06Z,2026-10-01T11:23:06Z,
IPW,ok,1,2026-10-01T11:23:06Z,2026-10-01T11:23:06Z,
IPWR,ok,1,2026-10-01T11:23:07Z,2026-10-01T11:23:07Z,
IPX,ok,1,2026-10-01T11:23:07Z,2026-10-01T11:23:07Z,
IPXG,ok,1,2026-10-01T11:23:08Z,2026-10-01T11:23:08Z,
IQ,ok,1,2026-10-01T11:23:08Z,2026-10-01T11:23:08Z,
IQI,ok,1,2026-10-01T11:23:09Z,2026-10-01T11:23:09Z,
IQMX,ok,1,2026-10-01T11:23:09Z,2026-10-01T11:23:09Z,
IQMXW,ok,1,2026-10-01T11:23:10Z,2026-10-01T11:23:10Z,
IQST,ok,1,2026-10-01T11:23:10Z,2026-10-01T11:23:10Z,
IQV,ok,1,2026-10-01T11:23:11Z,2026-10-01T11:23:11Z,
IR,ok,1,2026-10-01T11:23:11Z,2026-10-01T11:23:11Z,
IRAB,ok,1,2026-10-01T11:23:12Z,2026-10-01T11:23:12Z,
IRD,ok,1,2026-10-01T11:23:12Z,2026-10-01T11:23:12Z,
IRDM,ok,1,2026-10-01T11:23:13Z,2026-10-01T11:23:13Z,
IREN,ok,1,2026-10-01T11:23:13Z,2026-10-01T11:23:13Z,
IRHO,ok,1,2026-10-01T11:23:14Z,2026-10-01T11:23:14Z,
IRIX,ok,1,2026-10-01T11:23:14Z,2026-10-01T11:23:14Z,
IRM,ok,1,2026-10-01T11:23:15Z,2026-10-01T11:23:15Z,
IRMD,ok,1,2026-10-01T11:23:15Z,2026-10-01T11:23:15Z,
IRON,ok,1,2026-10-01T11:23:16Z,2026-10-01T11:23:16Z,
IRS,ok,1,2026-10-01T11:23:16Z,2026-10-01T11:23:16Z,
IRT,ok,1,2026-10-01T11:23:17Z,2026-10-01T11:23:17Z,
IRTC,ok,1,2026-10-01T11:23:17Z,2026-10-01T11:23:17Z,
IRWD,ok,1,2026-10-01T11:23:18Z,2026-10-01T11:23:18Z,
ISBA,ok,1,2026-10-01T11:23:18Z,2026-10-01T11:23:18Z,
ISNR,ok,1,2026-10-01T11:23:19Z,2026-10-01T11:23:19Z,
ISOU,ok,1,2026-10-01T11:23:19Z,2026-10-01T11:23:19Z,
ISPC,ok,1,2026-10-01T11:23:20Z,2026-10-01T11:23:20Z,
ISPR,ok,1,2026-10-01T11:23:20Z,2026-10-01T11:23:20Z,
ISRG,ok,1,2026-10-01T11:23:21Z,2026-10-01T11:23:21Z,
ISTR,ok,1,2026-10-01T11:23:21Z,2026-10-01T11:23:21Z,
IT,ok,1,2026-10-01T11:23:22Z,2026-10-01T11:23:22Z,
ITG,ok,1,2026-10-01T11:23:22Z,2026-10-01T11:23:22Z,
ITGR,ok,1,2026-10-01T11:23:23Z,2026-10-01T11:23:23Z,
ITHA,ok,1,2026-10-01T11:23:23Z,2026-10-01T11:23:23Z,
ITIC,ok,1,2026-10-01T11:23:24Z,2026-10-01T11:23:24Z,
ITOC,ok,1,2026-10-01T11:23:24Z,2026-10-01T11:23:24Z,
ITP,ok,1,2026-10-01T11:23:25Z,2026-10-01T11:23:25Z,
ITRG,ok,1,2026-10-01T11:23:25Z,2026-10-01T11:23:25Z,
ITRI,ok,1,2026-10-01T11:23:26Z,2026-10-01T11:23:26Z,
ITRN,ok,1,2026-10-01T11:23:26Z,2026-10-01T11:23:26Z,
ITT,ok,1,2026-10-01T11:23:27Z,2026-10-01T11:23:27Z,
ITUB,ok,1,2026-10-01T11:23:27Z,2026-10-01T11:23:27Z,
ITW,ok,1,2026-10-01T11:23:28Z,2026-10-01T11:23:28Z,
IVA,ok,1,2026-10-01T11:23:28Z,2026-10-01T11:23:28Z,
IVAI,ok,1,2026-10-01T11:23:29Z,2026-10-01T11:23:29Z,
IVDA,ok,1,2026-10-01T11:23:29Z,2026-10-01T11:23:29Z,
IVF,ok,1,2026-10-01T11:23:30Z,2026-10-01T11:23:30Z,
IVR,ok,1,2026-10-01T11:23:30Z,2026-10-01T11:23:30Z,
IVT,ok,1,2026-10-01T11:23:31Z,2026-10-01T11:23:31Z,
IVVD,ok,1,2026-10-01T11:23:31Z,2026-10-01T11:23:31Z,
IVZ,ok,1,2026-10-01T11:23:32Z,2026-10-01T11:23:32Z,
IX,ok,1,2026-10-01T11:23:32Z,2026-10-01T11:23:32Z,
IXHL,ok,1,2026-10-01T11:23:33Z,2026-10-01T11:23:33Z,
IZEA,ok,1,2026-10-01T11:23:33Z,2026-10-01T11:23:33Z,
IZM,ok,1,2026-10-01T11:23:34Z,2026-10-01T11:23:34Z,
J,ok,1,2026-10-01T11:23:34Z,2026-10-01T11:23:34Z,
JACK,ok,1,2026-10-01T11:23:35Z,2026-10-01T11:23:35Z,
JACS,ok,1,2026-10-01T11:23:35Z,2026-10-01T11:23:35Z,
JAGU,ok,1,2026-10-01T11:23:36Z,2026-10-01T11:23:36Z,
JAGX,ok,1,2026-10-01T11:23:36Z,2026-10-01T11:23:36Z,
JAKK,ok,1,2026-10-01T11:23:37Z,2026-10-01T11:23:37Z,
JAN,ok,1,2026-10-01T11:23:37Z,2026-10-01T11:23:37Z,
JANX,ok,1,2026-10-01T11:23:38Z,2026-10-01T11:23:38Z,
JATT,ok,1,2026-10-01T11:23:38Z,2026-10-01T11:23:38Z,
JAZZ,ok,1,2026-10-01T11:23:39Z,2026-10-01T11:23:39Z,
JBDI,ok,1,2026-10-01T11:23:39Z,2026-10-01T11:23:39Z,
JBGS,ok,1,2026-10-01T11:23:40Z,2026-10-01T11:23:40Z,
JBHT,ok,1,2026-10-01T11:23:40Z,2026-10-01T11:23:40Z,
JBI,ok,1,2026-10-01T11:23:41Z,2026-10-01T11:23:41Z,
JBIO,ok,1,2026-10-01T11:23:41Z,2026-10-01T11:23:41Z,
JBK,ok,1,2026-10-01T11:23:42Z,2026-10-01T11:23:42Z,
JBL,ok,1,2026-10-01T11:23:42Z,2026-10-01T11:23:42Z,
JBLU,ok,1,2026-10-01T11:23:43Z,2026-10-01T11:23:43Z,
JBS,ok,1,2026-10-01T11:23:43Z,2026-10-01T11:23:43Z,
JBSS,ok,1,2026-10-01T11:23:44Z,2026-10-01T11:23:44Z,
JBTM,ok,1,2026-10-01T11:23:44Z,2026-10-01T11:23:44Z,
JCAP,ok,1,2026-10-01T11:23:45Z,2026-10-01T11:23:45Z,
JCE,ok,1,2026-10-01T11:23:45Z,2026-10-01T11:23:45Z,
JCI,ok,1,2026-10-01T11:23:46Z,2026-10-01T11:23:46Z,
JCSE,ok,1,2026-10-01T11:23:46Z,2026-10-01T11:23:46Z,
JCTC,ok,1,2026-10-01T11:23:47Z,2026-10-01T11:23:47Z,
JD,ok,1,2026-10-01T11:23:47Z,2026-10-01T11:23:47Z,
JDZG,ok,1,2026-10-01T11:23:48Z,2026-10-01T11:23:48Z,
JEF,ok,1,2026-10-01T11:23:48Z,2026-10-01T11:23:48Z,
JELD,ok,1,2026-10-01T11:23:49Z,2026-10-01T11:23:49Z,
JEM,ok,1,2026-10-01T11:23:49Z,2026-10-01T11:23:49Z,
JENA,ok,1,2026-10-01T11:23:50Z,2026-10-01T11:23:50Z,
JF,ok,1,2026-10-01T11:23:50Z,2026-10-01T11:23:50Z,
JFIN,ok,1,2026-10-01T11:23:51Z,2026-10-01T11:23:51Z,
JFR,ok,1,2026-10-01T11:23:51Z,2026-10-01T11:23:51Z,
JFU,ok,1,2026-10-01T11:23:52Z,2026-10-01T11:23:52Z,
JG,ok,1,2026-10-01T11:23:52Z,2026-10-01T11:23:52Z,
JGH,ok,1,2026-10-01T11:23:53Z,2026-10-01T11:23:53Z,
JHI,ok,1,2026-10-01T11:23:53Z,2026-10-01T11:23:53Z,
JHS,ok,1,2026-10-01T11:23:54Z,2026-10-01T11:23:54Z,
JHX,ok,1,2026-10-01T11:23:54Z,2026-10-01T11:23:54Z,
JILL,ok,1,2026-10-01T11:23:55Z,2026-10-01T11:23:55Z,
JJSF,ok,1,2026-10-01T11:23:55Z,2026-10-01T11:23:55Z,
JKHY,ok,1,2026-10-01T11:23:56Z,2026-10-01T11:23:56Z,
JKS,ok,1,2026-10-01T11:23:56Z,2026-10-01T11:23:56Z,
JL,ok,1,2026-10-01T11:23:57Z,2026-10-01T11:23:57Z,
JLHL,ok,1,2026-10-01T11:23:57Z,2026-10-01T11:23:57Z,
JLL,ok,1,2026-10-01T11:23:58Z,2026-10-01T11:23:58Z,
JLS,ok,1,2026-10-01T11:23:58Z,2026-10-01T11:23:58Z,
JMIA,ok,1,2026-10-01T11:23:59Z,2026-10-01T11:23:59Z,
JMKE,ok,1,2026-10-01T11:23:59Z,2026-10-01T11:23:59Z,
JMM,ok,1,2026-10-01T11:24:00Z,2026-10-01T11:24:00Z,
JMSB,ok,1,2026-10-01T11:24:00Z,2026-10-01T11:24:00Z,
JNJ,ok,1,2026-10-01T11:24:01Z,2026-10-01T11:24:01Z,
JOB,ok,1,2026-10-01T11:24:01Z,2026-10-01T11:24:01Z,
JOBY,ok,1,2026-10-01T11:24:02Z,2026-10-01T11:24:02Z,
JOE,ok,1,2026-10-01T11:24:02Z,2026-10-01T11:24:02Z,
JOF,ok,1,2026-10-01T11:24:03Z,2026-10-01T11:24:03Z,
JONE,ok,1,2026-10-01T11:24:03Z,2026-10-01T11:24:03Z,
JOUT,ok,1,2026-10-01T11:24:04Z,2026-10-01T11:24:04Z,
JOYY,ok,1,2026-10-01T11:24:04Z,2026-10-01T11:24:04Z,
JPM,ok,1,2026-10-01T11:24:05Z,2026-10-01T11:24:05Z,
JQC,ok,1,2026-10-01T11:24:05Z,2026-10-01T11:24:05Z,
JRI,ok,1,2026-10-01T11:24:06Z,2026-10-01T11:24:06Z,
JRS,ok,1,2026-10-01T11:24:06Z,2026-10-01T11:24:06Z,
JRSH,ok,1,2026-10-01T11:24:07Z,2026-10-01T11:24:07Z,
JRVR,ok,1,2026-10-01T11:24:07Z,2026-10-01T11:24:07Z,
JSPR,ok,1,2026-10-01T11:24:08Z,2026-10-01T11:24:08Z,
JTAI,ok,1,2026-10-01T11:24:08Z,2026-10-01T11:24:08Z,
JTTT,ok,1,2026-10-01T11:24:09Z,2026-10-01T11:24:09Z,
JUNS,ok,1,2026-10-01T11:24:09Z,2026-10-01T11:24:09Z,
JVA,ok,1,2026-10-01T11:24:10Z,2026-10-01T11:24:10Z,
JWEL,ok,1,2026-10-01T11:24:10Z,2026-10-01T11:24:10Z,
JXG,ok,1,2026-10-01T11:24:11Z,2026-10-01T11:24:11Z,
JXN,ok,1,2026-10-01T11:24:11Z,2026-10-01T11:24:11Z,
JYD,ok,1,2026-10-01T11:24:12Z,2026-10-01T11:24:12Z,
JYNT,ok,1,2026-10-01T11:24:12Z,2026-10-01T11:24:12Z,
JZ,ok,1,2026-10-01T11:24:13Z,2026-10-01T11:24:13Z,
JZXN,ok,1,2026-10-01T11:24:13Z,2026-10-01T11:24:13Z,
KAI,ok,1,2026-10-01T11:24:14Z,2026-10-01T11:24:14Z,
KALA,ok,1,2026-10-01T11:24:14Z,2026-10-01T11:24:14Z,
KALU,ok,1,2026-10-01T11:24:15Z,2026-10-01T11:24:15Z,
KAPA,ok,1,2026-10-01T11:24:15Z,2026-10-01T11:24:15Z,
KARD,ok,1,2026-10-01T11:24:16Z,2026-10-01T11:24:16Z,
KARO,ok,1,2026-10-01T11:24:16Z,2026-10-01T11:24:16Z,
KAZR,ok,1,2026-10-01T11:24:17Z,2026-10-01T11:24:17Z,
KB,ok,1,2026-10-01T11:24:17Z,2026-10-01T11:24:17Z,
KBDC,ok,1,2026-10-01T11:24:18Z,2026-10-01T11:24:18Z,
KBH,ok,1,2026-10-01T11:24:18Z,2026-10-01T11:24:18Z,
KBON,ok,1,2026-10-01T11:24:19Z,2026-10-01T11:24:19Z,
KBR,ok,1,2026-10-01T11:24:19Z,2026-10-01T11:24:19Z,
KBSX,ok,1,2026-10-01T11:24:20Z,2026-10-01T11:24:20Z,
KC,ok,1,2026-10-01T11:24:20Z,2026-10-01T11:24:20Z,
KCHV,ok,1,2026-10-01T11:24:21Z,2026-10-01T11:24:21Z,
KD,ok,1,2026-10-01T11:24:21Z,2026-10-01T11:24:21Z,
KDK,ok,1,2026-10-01T11:24:22Z,2026-10-01T11:24:22Z,
KDP,ok,1,2026-10-01T11:24:22Z,2026-10-01T11:24:22Z,
KE,ok,1,2026-10-01T11:24:23Z,2026-10-01T11:24:23Z,
KEEL,ok,1,2026-10-01T11:24:23Z,2026-10-01T11:24:23Z,
KELYA,ok,1,2026-10-01T11:24:24Z,2026-10-01T11:24:24Z,
KELYB,ok,1,2026-10-01T11:24:24Z,2026-10-01T11:24:24Z,
KEN,ok,1,2026-10-01T11:24:25Z,2026-10-01T11:24:25Z,
KEP,ok,1,2026-10-01T11:24:25Z,2026-10-01T11:24:25Z,
KEQU,ok,1,2026-10-01T11:24:26Z,2026-10-01T11:24:26Z,
KEX,ok,1,2026-10-01T11:24:26Z,2026-10-01T11:24:26Z,
KEY,ok,1,2026-10-01T11:24:27Z,2026-10-01T11:24:27Z,
KEYS,ok,1,2026-10-01T11:24:27Z,2026-10-01T11:24:27Z,
KEYY,ok,1,2026-10-01T11:24:28Z,2026-10-01T11:24:28Z,
KF,ok,1,2026-10-01T11:24:28Z,2026-10-01T11:24:28Z,
KFFB,ok,1,2026-10-01T11:24:29Z,2026-10-01T11:24:29Z,
KFII,ok,1,2026-10-01T11:24:29Z,2026-10-01T11:24:29Z,
KFRC,ok,1,2026-10-01T11:24:30Z,2026-10-01T11:24:30Z,
KFY,ok,1,2026-10-01T11:24:30Z,2026-10-01T11:24:30Z,
KG,ok,1,2026-10-01T11:24:31Z,2026-10-01T11:24:31Z,
KGC,ok,1,2026-10-01T11:24:31Z,2026-10-01T11:24:31Z,
KGEI,ok,1,2026-10-01T11:24:32Z,2026-10-01T11:24:32Z,
KGS,ok,1,2026-10-01T11:24:32Z,2026-10-01T11:24:32Z,
KHC,ok,1,2026-10-01T11:24:33Z,2026-10-01T11:24:33Z,
KIDS,ok,1,2026-10-01T11:24:33Z,2026-10-01T11:24:33Z,
KIDZ,ok,1,2026-10-01T11:24:34Z,2026-10-01T11:24:34Z,
KIM,ok,1,2026-10-01T11:24:34Z,2026-10-01T11:24:34Z,
KINS,ok,1,2026-10-01T11:24:35Z,2026-10-01T11:24:35Z,
KIO,ok,1,2026-10-01T11:24:35Z,2026-10-01T11:24:35Z,
KITT,ok,1,2026-10-01T11:24:36Z,2026-10-01T11:24:36Z,
KKR,ok,1,2026-10-01T11:24:36Z,2026-10-01T11:24:36Z,
KLAC,ok,1,2026-10-01T11:24:37Z,2026-10-01T11:24:37Z,
KLAR,ok,1,2026-10-01T11:24:37Z,2026-10-01T11:24:37Z,
KLC,ok,1,2026-10-01T11:24:38Z,2026-10-01T11:24:38Z,
KLIC,ok,1,2026-10-01T11:24:38Z,2026-10-01T11:24:38Z,
KLRA,ok,1,2026-10-01T11:24:39Z,2026-10-01T11:24:39Z,
KLRS,ok,1,2026-10-01T11:24:39Z,2026-10-01T11:24:39Z,
KLTR,ok,1,2026-10-01T11:24:40Z,2026-10-01T11:24:40Z,
KLXE,ok,1,2026-10-01T11:24:40Z,2026-10-01T11:24:40Z,
KMB,ok,1,2026-10-01T11:24:41Z,2026-10-01T11:24:41Z,
KMDA,ok,1,2026-10-01T11:24:41Z,2026-10-01T11:24:41Z,
KMI,ok,1,2026-10-01T11:24:42Z,2026-10-01T11:24:42Z,
KMPR,ok,1,2026-10-01T11:24:42Z,2026-10-01T11:24:42Z,
KMRK,ok,1,2026-10-01T11:24:43Z,2026-10-01T11:24:43Z,
KMT,ok,1,2026-10-01T11:24:43Z,2026-10-01T11:24:43Z,
KMTS,ok,1,2026-10-01T11:24:44Z,2026-10-01T11:24:44Z,
KMX,ok,1,2026-10-01T11:24:44Z,2026-10-01T11:24:44Z,
KN,ok,1,2026-10-01T11:24:45Z,2026-10-01T11:24:45Z,
KNDI,ok,1,2026-10-01T11:24:45Z,2026-10-01T11:24:45Z,
KNF,ok,1,2026-10-01T19:03:43Z,2026-10-01T19:03:43Z,
KNOP,ok,1,2026-10-01T19:03:44Z,2026-10-01T19:03:44Z,
KNRX,ok,1,2026-10-01T19:03:51Z,2026-10-01T19:03:51Z,
KNSA,ok,1,2026-10-01T19:03:45Z,2026-10-01T19:03:45Z,
KNSL,ok,1,2026-10-01T19:03:47Z,2026-10-01T19:03:47Z,
KNTK,ok,1,2026-10-01T19:03:48Z,2026-10-01T19:03:48Z,
KNX,ok,1,2026-10-01T19:03:49Z,2026-10-01T19:03:49Z,
KO,ok,1,2026-10-01T19:03:50Z,2026-10-01T19:03:50Z,
KOD,ok,1,2026-10-01T19:03:51Z,2026-10-01T19:03:51Z,
KODK,ok,1,2026-10-01T19:03:52Z,2026-10-01T19:03:52Z,
KOF,ok,1,2026-10-01T19:03:53Z,2026-10-01T19:03:53Z,
KOP,ok,1,2026-10-01T19:03:54Z,2026-10-01T19:03:54Z,
KOPN,ok,1,2026-10-01T19:03:49Z,2026-10-01T19:03:49Z,
KOS,ok,1,2026-10-01T19:03:49Z,2026-10-01T19:03:49Z,
KOSS,ok,1,2026-10-01T19:03:50Z,2026-10-01T19:03:50Z,
KOYN,ok,1,2026-10-01T19:03:50Z,2026-10-01T19:03:50Z,
KPET,ok,1,2026-10-01T19:03:51Z,2026-10-01T19:03:51Z,
KPLT,ok,1,2026-10-01T19:03:51Z,2026-10-01T19:03:51Z,
KPRX,ok,1,2026-10-01T19:03:52Z,2026-10-01T19:03:52Z,
KPTI,ok,1,2026-10-01T19:03:52Z,2026-10-01T19:03:52Z,
KR,ok,1,2026-10-01T19:03:53Z,2026-10-01T19:03:53Z,
KRAQ,ok,1,2026-10-01T19:03:54Z,2026-10-01T19:03:54Z,
KRC,ok,1,2026-10-01T19:03:54Z,2026-10-01T19:03:54Z,
KREF,ok,1,2026-10-01T19:03:54Z,2026-10-01T19:03:54Z,
KRG,ok,1,2026-10-01T19:03:55Z,2026-10-01T19:03:55Z,
KRKR,ok,1,2026-10-01T19:03:55Z,2026-10-01T19:03:55Z,
KRMD,ok,1,2026-10-01T19:03:56Z,2026-10-01T19:03:56Z,
KRMN,ok,1,2026-10-01T19:03:56Z,2026-10-01T19:03:56Z,
KRNT,ok,1,2026-10-01T19:03:57Z,2026-10-01T19:03:57Z,
KRNY,ok,1,2026-10-01T19:03:57Z,2026-10-01T19:03:57Z,
KRO,ok,1,2026-10-01T19:03:58Z,2026-10-01T19:03:58Z,
KROS,ok,1,2026-10-01T19:03:58Z,2026-10-01T19:03:58Z,
KRP,ok,1,2026-10-01T19:03:59Z,2026-10-01T19:03:59Z,
KRRO,ok,1,2026-10-01T19:03:59Z,2026-10-01T19:03:59Z,
KRSA,ok,1,2026-10-01T19:04:00Z,2026-10-01T19:04:00Z,
KRSP,ok,1,2026-10-01T19:04:00Z,2026-10-01T19:04:00Z,
KRT,ok,1,2026-10-01T19:04:01Z,2026-10-01T19:04:01Z,
KRUS,ok,1,2026-10-01T19:04:01Z,2026-10-01T19:04:01Z,
KRYS,ok,1,2026-10-01T19:04:02Z,2026-10-01T19:04:02Z,
KSCP,ok,1,2026-10-01T19:04:02Z,2026-10-01T19:04:02Z,
KSPI,ok,1,2026-10-01T19:04:03Z,2026-10-01T19:04:03Z,
KSS,ok,1,2026-10-01T19:04:03Z,2026-10-01T19:04:03Z,
KT,ok,1,2026-10-01T19:04:04Z,2026-10-01T19:04:04Z,
KTB,ok,1,2026-10-01T19:04:04Z,2026-10-01T19:04:04Z,
KTCC,ok,1,2026-10-01T19:04:05Z,2026-10-01T19:04:05Z,
KTF,ok,1,2026-10-01T19:04:05Z,2026-10-01T19:04:05Z,
KTN,ok,1,2026-10-01T19:04:06Z,2026-10-01T19:04:06Z,
KTOS,ok,1,2026-10-01T19:04:06Z,2026-10-01T19:04:06Z,
KTTA,ok,1,2026-10-01T19:04:07Z,2026-10-01T19:04:07Z,
KTWO,ok,1,2026-10-01T19:04:07Z,2026-10-01T19:04:07Z,
KULR,ok,1,2026-10-01T19:04:08Z,2026-10-01T19:04:08Z,
KURA,ok,1,2026-10-01T19:04:08Z,2026-10-01T19:04:08Z,
KUST,ok,1,2026-10-01T19:04:09Z,2026-10-01T19:04:09Z,
KVHI,ok,1,2026-10-01T19:04:09Z,2026-10-01T19:04:09Z,
KVUE,ok,1,2026-10-01T19:04:10Z,2026-10-01T19:04:10Z,
KVYO,ok,1,2026-10-01T19:04:10Z,2026-10-01T19:04:10Z,
KWR,ok,1,2026-10-01T19:04:11Z,2026-10-01T19:04:11Z,
KWY,ok,1,2026-10-01T19:04:11Z,2026-10-01T19:04:11Z,
KXIN,ok,1,2026-10-01T19:04:12Z,2026-10-01T19:04:12Z,
KYIV,ok,1,2026-10-01T19:04:12Z,2026-10-01T19:04:12Z,
KYMR,ok,1,2026-10-01T19:04:13Z,2026-10-01T19:04:13Z,
KYN,ok,1,2026-10-01T19:04:13Z,2026-10-01T19:04:13Z,
KYNB,ok,1,2026-10-01T19:04:14Z,2026-10-01T19:04:14Z,
KYTX,ok,1,2026-10-01T19:04:14Z,2026-10-01T19:04:14Z,
KZIA,ok,1,2026-10-01T19:04:15Z,2026-10-01T19:04:15Z,
L,ok,1,2026-10-01T19:04:15Z,2026-10-01T19:04:15Z,
LAB,ok,1,2026-10-01T19:04:16Z,2026-10-01T19:04:16Z,
LABT,ok,1,2026-10-01T19:04:16Z,2026-10-01T19:04:16Z,
LAC,ok,1,2026-10-01T19:04:17Z,2026-10-01T19:04:17Z,
LAD,ok,1,2026-10-01T19:04:18Z,2026-10-01T19:04:18Z,
LADR,ok,1,2026-10-01T19:04:18Z,2026-10-01T19:04:18Z,
LAES,ok,1,2026-10-01T19:04:18Z,2026-10-01T19:04:18Z,
LAFA,ok,1,2026-10-01T19:04:19Z,2026-10-01T19:04:19Z,
LAKE,ok,1,2026-10-01T19:04:19Z,2026-10-01T19:04:19Z,
LAMR,ok,1,2026-10-01T19:04:20Z,2026-10-01T19:04:20Z,
LAND,ok,1,2026-10-01T19:04:20Z,2026-10-01T19:04:20Z,
LANV,ok,1,2026-10-01T19:04:21Z,2026-10-01T19:04:21Z,
LAR,ok,1,2026-10-01T19:04:21Z,2026-10-01T19:04:21Z,
LARK,ok,1,2026-10-01T19:04:22Z,2026-10-01T19:04:22Z,
LASE,ok,1,2026-10-01T19:04:22Z,2026-10-01T19:04:22Z,
LASR,ok,1,2026-10-01T19:04:23Z,2026-10-01T19:04:23Z,
LATA,ok,1,2026-10-01T19:04:23Z,2026-10-01T19:04:23Z,
LAUR,ok,1,2026-10-01T19:04:24Z,2026-10-01T19:04:24Z,
LAW,ok,1,2026-10-01T19:04:24Z,2026-10-01T19:04:24Z,
LAWR,ok,1,2026-10-01T19:04:25Z,2026-10-01T19:04:25Z,
LAZ,ok,1,2026-10-01T19:04:25Z,2026-10-01T19:04:25Z,
LB,ok,1,2026-10-01T19:04:26Z,2026-10-01T19:04:26Z,
LBGJ,ok,1,2026-10-01T19:04:26Z,2026-10-01T19:04:26Z,
LBRT,ok,1,2026-10-01T19:04:27Z,2026-10-01T19:04:27Z,
LBRX,ok,1,2026-10-01T19:04:27Z,2026-10-01T19:04:27Z,
LBTYA,ok,1,2026-10-01T19:04:28Z,2026-10-01T19:04:28Z,
LBTYB,ok,1,2026-10-01T19:04:28Z,2026-10-01T19:04:28Z,
LBTYK,ok,1,2026-10-01T19:04:29Z,2026-10-01T19:04:29Z,
LCCC,ok,1,2026-10-01T19:04:29Z,2026-10-01T19:04:29Z,
LCFY,ok,1,2026-10-01T19:04:30Z,2026-10-01T19:04:30Z,
LCID,ok,1,2026-10-01T19:04:30Z,2026-10-01T19:04:30Z,
LCII,ok,1,2026-10-01T19:04:31Z,2026-10-01T19:04:31Z,
LCLN,ok,1,2026-10-01T19:04:31Z,2026-10-01T19:04:31Z,
LCNB,ok,1,2026-10-01T19:04:32Z,2026-10-01T19:04:32Z,
LCTX,ok,1,2026-10-01T19:04:32Z,2026-10-01T19:04:32Z,
LCUT,ok,1,2026-10-01T19:04:33Z,2026-10-01T19:04:33Z,
LDI,ok,1,2026-10-01T19:04:34Z,2026-10-01T19:04:34Z,
LDOS,ok,1,2026-10-01T19:04:34Z,2026-10-01T19:04:34Z,
LE,ok,1,2026-10-01T19:04:34Z,2026-10-01T19:04:34Z,
LEA,ok,1,2026-10-01T19:04:35Z,2026-10-01T19:04:35Z,
LECO,ok,1,2026-10-01T19:04:36Z,2026-10-01T19:04:36Z,
LEDS,ok,1,2026-10-01T19:04:36Z,2026-10-01T19:04:36Z,
LEE,ok,1,2026-10-01T19:04:36Z,2026-10-01T19:04:36Z,
LEGH,ok,1,2026-10-01T19:04:37Z,2026-10-01T19:04:37Z,
LEGN,ok,1,2026-10-01T19:04:37Z,2026-10-01T19:04:37Z,
LEGO,ok,1,2026-10-01T19:04:38Z,2026-10-01T19:04:38Z,
LEN,ok,1,2026-10-01T19:04:38Z,2026-10-01T19:04:38Z,
LEN-B,ok,1,2026-10-01T19:04:39Z,2026-10-01T19:04:39Z,
LENZ,ok,1,2026-10-01T19:04:39Z,2026-10-01T19:04:39Z,
LEO,ok,1,2026-10-01T19:04:40Z,2026-10-01T19:04:40Z,
LESL,ok,1,2026-10-01T19:04:40Z,2026-10-01T19:04:40Z,
LEU,ok,1,2026-10-01T19:04:41Z,2026-10-01T19:04:41Z,
LEVI,ok,1,2026-10-01T19:04:41Z,2026-10-01T19:04:41Z,
LEXX,ok,1,2026-10-01T19:04:42Z,2026-10-01T19:04:42Z,
LFAC,ok,1,2026-10-01T19:04:42Z,2026-10-01T19:04:42Z,
LFCR,ok,1,2026-10-01T19:04:43Z,2026-10-01T19:04:43Z,
LFMD,ok,1,2026-10-01T19:04:43Z,2026-10-01T19:04:43Z,
LFS,ok,1,2026-10-01T19:04:44Z,2026-10-01T19:04:44Z,
LFST,ok,1,2026-10-01T19:04:44Z,2026-10-01T19:04:44Z,
LFT,ok,1,2026-10-01T19:04:45Z,2026-10-01T19:04:45Z,
LFTO,ok,1,2026-10-01T19:04:45Z,2026-10-01T19:04:45Z,
LFUS,ok,1,2026-10-01T19:04:46Z,2026-10-01T19:04:46Z,
LFVN,ok,1,2026-10-01T19:04:46Z,2026-10-01T19:04:46Z,
LFWD,ok,1,2026-10-01T19:04:47Z,2026-10-01T19:04:47Z,
LGCL,ok,1,2026-10-01T19:04:47Z,2026-10-01T19:04:47Z,
LGCY,ok,1,2026-10-01T19:04:48Z,2026-10-01T19:04:48Z,
LGHL,ok,1,2026-10-01T19:04:48Z,2026-10-01T19:04:48Z,
LGI,ok,1,2026-10-01T19:04:49Z,2026-10-01T19:04:49Z,
LGIH,ok,1,2026-10-01T19:04:49Z,2026-10-01T19:04:49Z,
LGL,ok,1,2026-10-01T19:04:50Z,2026-10-01T19:04:50Z,
LGN,ok,1,2026-10-01T19:04:50Z,2026-10-01T19:04:50Z,
LGND,ok,1,2026-10-01T19:04:51Z,2026-10-01T19:04:51Z,
LGO,ok,1,2026-10-01T19:04:52Z,2026-10-01T19:04:52Z,
LGPS,ok,1,2026-10-01T19:04:52Z,2026-10-01T19:04:52Z,
LGVN,ok,1,2026-10-01T19:04:52Z,2026-10-01T19:04:52Z,
LH,ok,1,2026-10-01T19:04:53Z,2026-10-01T19:04:53Z,
LHAI,ok,1,2026-10-01T19:04:53Z,2026-10-01T19:04:53Z,
LHSW,ok,1,2026-10-01T19:04:54Z,2026-10-01T19:04:54Z,
LHX,ok,1,2026-10-01T19:04:54Z,2026-10-01T19:04:54Z,
LI,ok,1,2026-10-01T19:04:55Z,2026-10-01T19:04:55Z,
LICN,ok,1,2026-10-01T19:04:55Z,2026-10-01T19:04:55Z,
LIDR,ok,1,2026-10-01T19:04:56Z,2026-10-01T19:04:56Z,
LIEN,ok,1,2026-10-01T19:04:56Z,2026-10-01T19:04:56Z,
LIF,ok,1,2026-10-01T19:04:57Z,2026-10-01T19:04:57Z,
LIFE,ok,1,2026-10-01T19:04:57Z,2026-10-01T19:04:57Z,
LII,ok,1,2026-10-01T19:04:58Z,2026-10-01T19:04:58Z,
LILA,ok,1,2026-10-01T19:04:58Z,2026-10-01T19:04:58Z,
LILAK,ok,1,2026-10-01T19:04:59Z,2026-10-01T19:04:59Z,
LILAP,ok,1,2026-10-01T19:04:59Z,2026-10-01T19:04:59Z,
LIME,ok,1,2026-10-01T19:05:00Z,2026-10-01T19:05:00Z,
LIMN,ok,1,2026-10-01T19:05:01Z,2026-10-01T19:05:01Z,
LIN,ok,1,2026-10-01T19:05:01Z,2026-10-01T19:05:01Z,
LINC,ok,1,2026-10-01T19:05:01Z,2026-10-01T19:05:01Z,
LIND,ok,1,2026-10-01T19:05:02Z,2026-10-01T19:05:02Z,
LINE,ok,1,2026-10-01T19:05:02Z,2026-10-01T19:05:02Z,
LINK,ok,1,2026-10-01T19:05:03Z,2026-10-01T19:05:03Z,
LION,ok,1,2026-10-01T19:05:03Z,2026-10-01T19:05:03Z,
LIQT,ok,1,2026-10-01T19:05:04Z,2026-10-01T19:05:04Z,
LITB,ok,1,2026-10-01T19:05:04Z,2026-10-01T19:05:04Z,
LITE,ok,1,2026-10-01T19:05:05Z,2026-10-01T19:05:05Z,
LITS,ok,1,2026-10-01T19:05:05Z,2026-10-01T19:05:05Z,
LIVE,ok,1,2026-10-01T19:05:06Z,2026-10-01T19:05:06Z,
LIVN,ok,1,2026-10-01T19:05:06Z,2026-10-01T19:05:06Z,
LKFN,ok,1,2026-10-01T19:05:07Z,2026-10-01T19:05:07Z,
LKFT,ok,1,2026-10-01T19:05:07Z,2026-10-01T19:05:07Z,
LKQ,ok,1,2026-10-01T19:05:08Z,2026-10-01T19:05:08Z,
LKSP,ok,1,2026-10-01T19:05:08Z,2026-10-01T19:05:08Z,
LLY,ok,1,2026-10-01T19:05:09Z,2026-10-01T19:05:09Z,
LLYVA,ok,1,2026-10-01T19:05:09Z,2026-10-01T19:05:09Z,
LLYVK,ok,1,2026-10-01T19:05:10Z,2026-10-01T19:05:10Z,
LMAT,ok,1,2026-10-01T19:05:10Z,2026-10-01T19:05:10Z,
LMB,ok,1,2026-10-01T19:05:11Z,2026-10-01T19:05:11Z,
LMND,ok,1,2026-10-01T19:05:11Z,2026-10-01T19:05:11Z,
LMNR,ok,1,2026-10-01T19:05:12Z,2026-10-01T19:05:12Z,
LMRI,ok,1,2026-10-01T19:05:12Z,2026-10-01T19:05:12Z,
LMT,ok,1,2026-10-01T19:05:13Z,2026-10-01T19:05:13Z,
LNAI,ok,1,2026-10-01T19:05:14Z,2026-10-01T19:05:14Z,
LNC,ok,1,2026-10-01T19:05:14Z,2026-10-01T19:05:14Z,
LND,ok,1,2026-10-01T19:05:14Z,2026-10-01T19:05:14Z,
LNG,ok,1,2026-10-01T19:05:15Z,2026-10-01T19:05:15Z,
LNKS,ok,1,2026-10-01T19:05:15Z,2026-10-01T19:05:15Z,
LNN,ok,1,2026-10-01T19:05:16Z,2026-10-01T19:05:16Z,
LNSR,ok,1,2026-10-01T19:05:16Z,2026-10-01T19:05:16Z,
LNT,ok,1,2026-10-01T19:05:17Z,2026-10-01T19:05:17Z,
LNTH,ok,1,2026-10-01T19:05:17Z,2026-10-01T19:05:17Z,
LNZA,ok,1,2026-10-01T19:05:18Z,2026-10-01T19:05:18Z,
LOAN,ok,1,2026-10-01T19:05:18Z,2026-10-01T19:05:18Z,
LOAR,ok,1,2026-10-01T19:05:19Z,2026-10-01T19:05:19Z,
LOB,ok,1,2026-10-01T19:05:19Z,2026-10-01T19:05:19Z,
LOBO,ok,1,2026-10-01T19:05:20Z,2026-10-01T19:05:20Z,
LOCL,ok,1,2026-10-01T19:05:20Z,2026-10-01T19:05:20Z,
LOCO,ok,1,2026-10-01T19:05:21Z,2026-10-01T19:05:21Z,
LODE,ok,1,2026-10-01T19:05:21Z,2026-10-01T19:05:21Z,
LOGI,ok,1,2026-10-01T19:05:22Z,2026-10-01T19:05:22Z,
LOMA,ok,1,2026-10-01T19:05:22Z,2026-10-01T19:05:22Z,
LONA,ok,1,2026-10-01T19:05:23Z,2026-10-01T19:05:23Z,
LOOP,ok,1,2026-10-01T19:05:23Z,2026-10-01T19:05:23Z,
LOPE,ok,1,2026-10-01T19:05:24Z,2026-10-01T19:05:24Z,
LOT,ok,1,2026-10-01T19:05:24Z,2026-10-01T19:05:24Z,
LOVE,ok,1,2026-10-01T19:05:25Z,2026-10-01T19:05:25Z,
LOW,ok,1,2026-10-01T19:05:26Z,2026-10-01T19:05:26Z,
LPA,ok,1,2026-10-01T19:05:26Z,2026-10-01T19:05:26Z,
LPAA,ok,1,2026-10-01T19:05:26Z,2026-10-01T19:05:26Z,
LPBB,ok,1,2026-10-01T19:05:27Z,2026-10-01T19:05:27Z,
LPCN,ok,1,2026-10-01T19:05:27Z,2026-10-01T19:05:27Z,
LPCV,ok,1,2026-10-01T19:05:28Z,2026-10-01T19:05:28Z,
LPG,ok,1,2026-10-01T19:05:28Z,2026-10-01T19:05:28Z,
LPL,ok,1,2026-10-01T19:05:29Z,2026-10-01T19:05:29Z,
LPLA,ok,1,2026-10-01T19:05:29Z,2026-10-01T19:05:29Z,
LPTH,ok,1,2026-10-01T19:05:30Z,2026-10-01T19:05:30Z,
LPX,ok,1,2026-10-01T19:05:30Z,2026-10-01T19:05:30Z,
LQDA,ok,1,2026-10-01T19:05:31Z,2026-10-01T19:05:31Z,
LQDT,ok,1,2026-10-01T19:05:31Z,2026-10-01T19:05:31Z,
LRCX,ok,1,2026-10-01T19:05:32Z,2026-10-01T19:05:32Z,
LRE,ok,1,2026-10-01T19:05:32Z,2026-10-01T19:05:32Z,
LRHC,ok,1,2026-10-01T19:05:33Z,2026-10-01T19:05:33Z,
LRMR,ok,1,2026-10-01T19:05:33Z,2026-10-01T19:05:33Z,
LRN,ok,1,2026-10-01T19:05:34Z,2026-10-01T19:05:34Z,
LSAK,ok,1,2026-10-01T19:05:34Z,2026-10-01T19:05:34Z,
LSBK,ok,1,2026-10-01T19:05:35Z,2026-10-01T19:05:35Z,
LSCC,ok,1,2026-10-01T19:05:35Z,2026-10-01T19:05:35Z,
LSE,ok,1,2026-10-01T19:05:36Z,2026-10-01T19:05:36Z,
LSF,ok,1,2026-10-01T19:05:36Z,2026-10-01T19:05:36Z,
LSPD,ok,1,2026-10-01T19:05:37Z,2026-10-01T19:05:37Z,
LSTA,ok,1,2026-10-01T19:05:37Z,2026-10-01T19:05:37Z,
LSTR,ok,1,2026-10-01T19:05:38Z,2026-10-01T19:05:38Z,
LTBR,ok,1,2026-10-01T19:05:38Z,2026-10-01T19:05:38Z,
LTC,ok,1,2026-10-01T19:05:39Z,2026-10-01T19:05:39Z,
LTGO,ok,1,2026-10-01T19:05:39Z,2026-10-01T19:05:39Z,
LTGR,ok,1,2026-10-01T19:05:40Z,2026-10-01T19:05:40Z,
LTH,ok,1,2026-10-01T19:05:40Z,2026-10-01T19:05:40Z,
LTM,ok,1,2026-10-01T19:05:41Z,2026-10-01T19:05:41Z,
LTRN,ok,1,2026-10-01T19:05:41Z,2026-10-01T19:05:41Z,
LTRX,ok,1,2026-10-01T19:05:42Z,2026-10-01T19:05:42Z,
LU,ok,1,2026-10-01T19:05:42Z,2026-10-01T19:05:42Z,
LUCD,ok,1,2026-10-01T19:05:43Z,2026-10-01T19:05:43Z,
LUCK,ok,1,2026-10-01T19:05:43Z,2026-10-01T19:05:43Z,
LUCY,ok,1,2026-10-01T19:05:44Z,2026-10-01T19:05:44Z,
LUD,ok,1,2026-10-01T19:05:44Z,2026-10-01T19:05:44Z,
LULU,ok,1,2026-10-01T19:05:45Z,2026-10-01T19:05:45Z,
LUMN,ok,1,2026-10-01T19:05:45Z,2026-10-01T19:05:45Z,
LUNG,ok,1,2026-10-01T19:05:46Z,2026-10-01T19:05:46Z,
LUNR,ok,1,2026-10-01T19:05:46Z,2026-10-01T19:05:46Z,
LUV,ok,1,2026-10-01T19:05:47Z,2026-10-01T19:05:47Z,
LUXE,ok,1,2026-10-01T19:05:47Z,2026-10-01T19:05:47Z,
LVLU,ok,1,2026-10-01T19:05:48Z,2026-10-01T19:05:48Z,
LVO,ok,1,2026-10-01T19:05:48Z,2026-10-01T19:05:48Z,
LVS,ok,1,2026-10-01T19:05:49Z,2026-10-01T19:05:49Z,
LVWR,ok,1,2026-10-01T19:05:49Z,2026-10-01T19:05:49Z,
LW,ok,1,2026-10-01T19:05:50Z,2026-10-01T19:05:50Z,
LWAC,ok,1,2026-10-01T19:05:50Z,2026-10-01T19:05:50Z,
LWAY,ok,1,2026-10-01T19:05:51Z,2026-10-01T19:05:51Z,
LWLG,ok,1,2026-10-01T19:05:51Z,2026-10-01T19:05:51Z,
LX,ok,1,2026-10-01T19:05:52Z,2026-10-01T19:05:52Z,
LXEH,ok,1,2026-10-01T19:05:52Z,2026-10-01T19:05:52Z,
LXEO,ok,1,2026-10-01T19:05:53Z,2026-10-01T19:05:53Z,
LXFR,ok,1,2026-10-01T19:05:53Z,2026-10-01T19:05:53Z,
LXP,ok,1,2026-10-01T19:05:54Z,2026-10-01T19:05:54Z,
LXRX,ok,1,2026-10-01T19:05:54Z,2026-10-01T19:05:54Z,
LXU,ok,1,2026-10-01T19:05:55Z,2026-10-01T19:05:55Z,
LYB,ok,1,2026-10-01T19:05:55Z,2026-10-01T19:05:55Z,
LYEL,ok,1,2026-10-01T19:05:56Z,2026-10-01T19:05:56Z,
LYFT,ok,1,2026-10-01T19:05:56Z,2026-10-01T19:05:56Z,
LYG,ok,1,2026-10-01T19:05:57Z,2026-10-01T19:05:57Z,
LYNX,ok,1,2026-10-01T19:05:57Z,2026-10-01T19:05:57Z,
LYTS,ok,1,2026-10-01T19:05:58Z,2026-10-01T19:05:58Z,
LYV,ok,1,2026-10-01T19:05:58Z,2026-10-01T19:05:58Z,
LZ,ok,1,2026-10-01T19:05:59Z,2026-10-01T19:05:59Z,
LZB,ok,1,2026-10-01T19:05:59Z,2026-10-01T19:05:59Z,
LZM,ok,1,2026-10-01T19:06:00Z,2026-10-01T19:06:00Z,
LZMH,ok,1,2026-10-01T19:06:00Z,2026-10-01T19:06:00Z,
M,ok,1,2026-10-01T19:06:01Z,2026-10-01T19:06:01Z,
MA,ok,1,2026-10-01T19:06:01Z,2026-10-01T19:06:01Z,
MAA,ok,1,2026-10-01T19:06:02Z,2026-10-01T19:06:02Z,
MAAS,ok,1,2026-10-01T19:06:03Z,2026-10-01T19:06:03Z,
MAC,ok,1,2026-10-01T19:06:03Z,2026-10-01T19:06:03Z,
MACI,ok,1,2026-10-01T19:06:03Z,2026-10-01T19:06:03Z,
MAGH,ok,1,2026-10-01T19:06:04Z,2026-10-01T19:06:04Z,
MAGN,ok,1,2026-10-01T19:06:04Z,2026-10-01T19:06:04Z,
MAIA,ok,1,2026-10-01T19:06:05Z,2026-10-01T19:06:05Z,
MAIN,ok,1,2026-10-01T19:06:05Z,2026-10-01T19:06:05Z,
MAIR,ok,1,2026-10-01T19:06:06Z,2026-10-01T19:06:06Z,
MAKO,ok,1,2026-10-01T19:06:06Z,2026-10-01T19:06:06Z,
MAMA,ok,1,2026-10-01T19:06:07Z,2026-10-01T19:06:07Z,
MAMK,ok,1,2026-10-01T19:06:07Z,2026-10-01T19:06:07Z,
MAMO,ok,1,2026-10-01T19:06:08Z,2026-10-01T19:06:08Z,
MAN,ok,1,2026-10-01T19:06:08Z,2026-10-01T19:06:08Z,
MANE,ok,1,2026-10-01T19:06:09Z,2026-10-01T19:06:09Z,
MANH,ok,1,2026-10-01T19:06:09Z,2026-10-01T19:06:09Z,
MANU,ok,1,2026-10-01T19:06:10Z,2026-10-01T19:06:10Z,
MAR,ok,1,2026-10-01T19:06:10Z,2026-10-01T19:06:10Z,
MARA,ok,1,2026-10-01T19:06:11Z,2026-10-01T19:06:11Z,
MAS,ok,1,2026-10-01T19:06:11Z,2026-10-01T19:06:11Z,
MASK,ok,1,2026-10-01T19:06:12Z,2026-10-01T19:06:12Z,
MASS,ok,1,2026-10-01T19:06:12Z,2026-10-01T19:06:12Z,
MAT,ok,1,2026-10-01T19:06:13Z,2026-10-01T19:06:13Z,
MATH,ok,1,2026-10-01T19:06:13Z,2026-10-01T19:06:13Z,
MATV,ok,1,2026-10-01T19:06:14Z,2026-10-01T19:06:14Z,
MATW,ok,1,2026-10-01T19:06:14Z,2026-10-01T19:06:14Z,
MATX,ok,1,2026-10-01T19:06:15Z,2026-10-01T19:06:15Z,
MAX,ok,1,2026-10-01T19:06:15Z,2026-10-01T19:06:15Z,
MAYS,ok,1,2026-10-01T19:06:16Z,2026-10-01T19:06:16Z,
MAZE,ok,1,2026-10-01T19:06:16Z,2026-10-01T19:06:16Z,
MB,ok,1,2026-10-01T19:06:17Z,2026-10-01T19:06:17Z,
MBAI,ok,1,2026-10-01T19:06:17Z,2026-10-01T19:06:17Z,
MBBC,ok,1,2026-10-01T19:06:18Z,2026-10-01T19:06:18Z,
MBC,ok,1,2026-10-01T19:06:18Z,2026-10-01T19:06:18Z,
MBGL,ok,1,2026-10-01T19:06:19Z,2026-10-01T19:06:19Z,
MBI,ok,1,2026-10-01T19:06:19Z,2026-10-01T19:06:19Z,
MBIN,ok,1,2026-10-01T19:06:20Z,2026-10-01T19:06:20Z,
MBIO,ok,1,2026-10-01T19:06:20Z,2026-10-01T19:06:20Z,
MBLY,ok,1,2026-10-01T19:06:21Z,2026-10-01T19:06:21Z,
MBOT,ok,1,2026-10-01T19:06:21Z,2026-10-01T19:06:21Z,
MBRX,ok,1,2026-10-01T19:06:22Z,2026-10-01T19:06:22Z,
MBUU,ok,1,2026-10-01T19:06:22Z,2026-10-01T19:06:22Z,
MBVI,ok,1,2026-10-01T19:06:23Z,2026-10-01T19:06:23Z,
MBWM,ok,1,2026-10-01T19:06:23Z,2026-10-01T19:06:23Z,
MBX,ok,1,2026-10-01T19:06:24Z,2026-10-01T19:06:24Z,
MC,ok,1,2026-10-01T19:06:24Z,2026-10-01T19:06:24Z,
MCAH,ok,1,2026-10-01T19:06:25Z,2026-10-01T19:06:25Z,
MCB,ok,1,2026-10-01T19:06:25Z,2026-10-01T19:06:25Z,
MCBS,ok,1,2026-10-01T19:06:26Z,2026-10-01T19:06:26Z,
MCD,ok,1,2026-10-01T19:06:26Z,2026-10-01T19:06:26Z,
MCFT,ok,1,2026-10-01T19:06:27Z,2026-10-01T19:06:27Z,
MCGA,ok,1,2026-10-01T19:06:27Z,2026-10-01T19:06:27Z,
MCHB,ok,1,2026-10-01T19:06:28Z,2026-10-01T19:06:28Z,
MCHP,ok,1,2026-10-01T19:06:28Z,2026-10-01T19:06:28Z,
MCHX,ok,1,2026-10-01T19:06:29Z,2026-10-01T19:06:29Z,
MCI,ok,1,2026-10-01T19:06:29Z,2026-10-01T19:06:29Z,
MCK,ok,1,2026-10-01T19:06:30Z,2026-10-01T19:06:30Z,
MCN,ok,1,2026-10-01T19:06:30Z,2026-10-01T19:06:30Z,
MCO,ok,1,2026-10-01T19:06:31Z,2026-10-01T19:06:31Z,
MCRB,ok,1,2026-10-01T19:06:31Z,2026-10-01T19:06:31Z,
MCRI,ok,1,2026-10-01T19:06:32Z,2026-10-01T19:06:32Z,
MCRP,ok,1,2026-10-01T19:06:32Z,2026-10-01T19:06:32Z,
MCS,ok,1,2026-10-01T19:06:33Z,2026-10-01T19:06:33Z,
MCTA,ok,1,2026-10-01T19:06:33Z,2026-10-01T19:06:33Z,
MCY,ok,1,2026-10-01T19:06:34Z,2026-10-01T19:06:34Z,
MD,ok,1,2026-10-01T19:06:34Z,2026-10-01T19:06:34Z,
MDA,ok,1,2026-10-01T19:06:35Z,2026-10-01T19:06:35Z,
MDAI,ok,1,2026-10-01T19:06:35Z,2026-10-01T19:06:35Z,
MDB,ok,1,2026-10-01T19:06:36Z,2026-10-01T19:06:36Z,
MDBH,ok,1,2026-10-01T19:06:36Z,2026-10-01T19:06:36Z,
MDCX,ok,1,2026-10-01T19:06:37Z,2026-10-01T19:06:37Z,
MDGL,ok,1,2026-10-01T19:06:37Z,2026-10-01T19:06:37Z,
MDIA,ok,1,2026-10-01T19:06:38Z,2026-10-01T19:06:38Z,
MDLN,ok,1,2026-10-01T19:06:38Z,2026-10-01T19:06:38Z,
MDLZ,ok,1,2026-10-01T19:06:39Z,2026-10-01T19:06:39Z,
MDRR,ok,1,2026-10-01T19:06:39Z,2026-10-01T19:06:39Z,
MDT,ok,1,2026-10-01T19:06:40Z,2026-10-01T19:06:40Z,
MDU,ok,1,2026-10-01T19:06:40Z,2026-10-01T19:06:40Z,
MDWD,ok,1,2026-10-01T19:06:41Z,2026-10-01T19:06:41Z,
MDXG,ok,1,2026-10-01T19:06:41Z,2026-10-01T19:06:41Z,
MDXH,ok,1,2026-10-01T19:06:42Z,2026-10-01T19:06:42Z,
MEC,ok,1,2026-10-01T19:06:42Z,2026-10-01T19:06:42Z,
MED,ok,1,2026-10-01T19:06:43Z,2026-10-01T19:06:43Z,
MEDP,ok,1,2026-10-01T19:06:43Z,2026-10-01T19:06:43Z,
MEDS,ok,1,2026-10-01T19:06:44Z,2026-10-01T19:06:44Z,
MEGI,ok,1,2026-10-01T19:06:44Z,2026-10-01T19:06:44Z,
MEGL,ok,1,2026-10-01T19:06:45Z,2026-10-01T19:06:45Z,
MEI,ok,1,2026-10-01T19:06:45Z,2026-10-01T19:06:45Z,
MELI,ok,1,2026-10-01T19:06:46Z,2026-10-01T19:06:46Z,
MENS,ok,1,2026-10-01T19:06:46Z,2026-10-01T19:06:46Z,
MEOH,ok,1,2026-10-01T19:06:47Z,2026-10-01T19:06:47Z,
MERC,ok,1,2026-10-01T19:06:47Z,2026-10-01T19:06:47Z,
MESH,ok,1,2026-10-01T19:06:48Z,2026-10-01T19:06:48Z,
MESO,ok,1,2026-10-01T19:06:48Z,2026-10-01T19:06:48Z,
MET,ok,1,2026-10-01T19:06:49Z,2026-10-01T19:06:49Z,
META,ok,1,2026-10-01T19:06:49Z,2026-10-01T19:06:49Z,
METC,ok,1,2026-10-01T19:06:50Z,2026-10-01T19:06:50Z,
METCB,ok,1,2026-10-01T19:06:50Z,2026-10-01T19:06:50Z,
MEVO,ok,1,2026-10-01T19:06:51Z,2026-10-01T19:06:51Z,
MF,ok,1,2026-10-01T19:06:51Z,2026-10-01T19:06:51Z,
MFA,ok,1,2026-10-01T19:06:52Z,2026-10-01T19:06:52Z,
MFC,ok,1,2026-10-01T19:06:52Z,2026-10-01T19:06:52Z,
MFG,ok,1,2026-10-01T19:06:53Z,2026-10-01T19:06:53Z,
MFI,ok,1,2026-10-01T19:06:53Z,2026-10-01T19:06:53Z,
MFIC,ok,1,2026-10-01T19:06:54Z,2026-10-01T19:06:54Z,
MFIN,ok,1,2026-10-01T19:06:54Z,2026-10-01T19:06:54Z,
MFM,ok,1,2026-10-01T19:06:55Z,2026-10-01T19:06:55Z,
MFP,ok,1,2026-10-01T19:06:55Z,2026-10-01T19:06:55Z,
MG,ok,1,2026-10-01T19:06:56Z,2026-10-01T19:06:56Z,
MGA,ok,1,2026-10-01T19:06:56Z,2026-10-01T19:06:56Z,
MGEE,ok,1,2026-10-01T19:06:57Z,2026-10-01T19:06:57Z,
MGF,ok,1,2026-10-01T19:06:57Z,2026-10-01T19:06:57Z,
MGIH,ok,1,2026-10-01T19:06:58Z,2026-10-01T19:06:58Z,
MGLD,ok,1,2026-10-01T19:06:58Z,2026-10-01T19:06:58Z,
MGM,ok,1,2026-10-01T19:06:59Z,2026-10-01T19:06:59Z,
MGN,ok,1,2026-10-01T19:06:59Z,2026-10-01T19:06:59Z,
MGNI,ok,1,2026-10-01T19:07:00Z,2026-10-01T19:07:00Z,
MGNX,ok,1,2026-10-01T19:07:00Z,2026-10-01T19:07:00Z,
MGPI,ok,1,2026-10-01T19:07:01Z,2026-10-01T19:07:01Z,
MGRC,ok,1,2026-10-01T19:07:01Z,2026-10-01T19:07:01Z,
MGRT,ok,1,2026-10-01T19:07:02Z,2026-10-01T19:07:02Z,
MGRX,ok,1,2026-10-01T19:07:02Z,2026-10-01T19:07:02Z,
MGTX,ok,1,2026-10-01T19:07:03Z,2026-10-01T19:07:03Z,
MGX,ok,1,2026-10-01T19:07:03Z,2026-10-01T19:07:03Z,
MGY,ok,1,2026-10-01T19:07:04Z,2026-10-01T19:07:04Z,
MGYR,ok,1,2026-10-01T19:07:04Z,2026-10-01T19:07:04Z,
MH,ok,1,2026-10-01T19:07:05Z,2026-10-01T19:07:05Z,
MHD,ok,1,2026-10-01T19:07:05Z,2026-10-01T19:07:05Z,
MHF,ok,1,2026-10-01T19:07:06Z,2026-10-01T19:07:06Z,
MHH,ok,1,2026-10-01T19:07:06Z,2026-10-01T19:07:06Z,
MHK,ok,1,2026-10-01T19:07:07Z,2026-10-01T19:07:07Z,
MHO,ok,1,2026-10-01T19:07:07Z,2026-10-01T19:07:07Z,
MI,ok,1,2026-10-01T19:07:08Z,2026-10-01T19:07:08Z,
MIAC,ok,1,2026-10-01T19:07:08Z,2026-10-01T19:07:08Z,
MIAX,ok,1,2026-10-01T19:07:09Z,2026-10-01T19:07:09Z,
MICC,ok,1,2026-10-01T19:07:09Z,2026-10-01T19:07:09Z,
MIDD,ok,1,2026-10-01T19:07:10Z,2026-10-01T19:07:10Z,
MIMI,ok,1,2026-10-01T19:07:10Z,2026-10-01T19:07:10Z,
MIN,ok,1,2026-10-01T19:07:11Z,2026-10-01T19:07:11Z,
MIND,ok,1,2026-10-01T19:07:11Z,2026-10-01T19:07:11Z,
MINE,ok,1,2026-10-01T19:07:12Z,2026-10-01T19:07:12Z,
MIR,ok,1,2026-10-01T19:07:12Z,2026-10-01T19:07:12Z,
MIRA,ok,1,2026-10-01T19:07:13Z,2026-10-01T19:07:13Z,
MIRM,ok,1,2026-10-01T19:07:13Z,2026-10-01T19:07:13Z,
MIST,ok,1,2026-10-01T19:07:14Z,2026-10-01T19:07:14Z,
MITK,ok,1,2026-10-01T19:07:14Z,2026-10-01T19:07:14Z,
MITQ,ok,1,2026-10-01T19:07:15Z,2026-10-01T19:07:15Z,
MITT,ok,1,2026-10-01T19:07:15Z,2026-10-01T19:07:15Z,
MIY,ok,1,2026-10-01T19:07:16Z,2026-10-01T19:07:16Z,
MKC,ok,1,2026-10-01T19:07:16Z,2026-10-01T19:07:16Z,
MKC-V,ok,1,2026-10-01T19:07:17Z,2026-10-01T19:07:17Z,
MKDW,ok,1,2026-10-01T19:07:17Z,2026-10-01T19:07:17Z,
MKL,ok,1,2026-10-01T19:07:18Z,2026-10-01T19:07:18Z,
MKLY,ok,1,2026-10-01T19:07:18Z,2026-10-01T19:07:18Z,
MKSI,ok,1,2026-10-01T19:07:19Z,2026-10-01T19:07:19Z,
MKTW,ok,1,2026-10-01T19:07:19Z,2026-10-01T19:07:19Z,
MKTX,ok,1,2026-10-01T19:07:20Z,2026-10-01T19:07:20Z,
MKZR,ok,1,2026-10-01T19:07:20Z,2026-10-01T19:07:20Z,
MLAA,ok,1,2026-10-01T19:07:21Z,2026-10-01T19:07:21Z,
MLAB,ok,1,2026-10-01T19:07:21Z,2026-10-01T19:07:21Z,
MLCI,ok,1,2026-10-01T19:07:22Z,2026-10-01T19:07:22Z,
MLCO,ok,1,2026-10-01T19:07:22Z,2026-10-01T19:07:22Z,
MLEC,ok,1,2026-10-01T19:07:23Z,2026-10-01T19:07:23Z,
MLGO,ok,1,2026-10-01T19:07:23Z,2026-10-01T19:07:23Z,
MLI,ok,1,2026-10-01T19:07:24Z,2026-10-01T19:07:24Z,
MLKN,ok,1,2026-10-01T19:07:24Z,2026-10-01T19:07:24Z,
MLM,ok,1,2026-10-01T19:07:25Z,2026-10-01T19:07:25Z,
MLP,ok,1,2026-10-01T19:07:25Z,2026-10-01T19:07:25Z,
MLPB,ok,1,2026-10-01T19:07:26Z,2026-10-01T19:07:26Z,
MLR,ok,1,2026-10-01T19:07:27Z,2026-10-01T19:07:27Z,
MLSS,ok,1,2026-10-01T19:07:27Z,2026-10-01T19:07:27Z,
MLTX,ok,1,2026-10-01T19:07:27Z,2026-10-01T19:07:27Z,
MLYS,ok,1,2026-10-01T19:07:28Z,2026-10-01T19:07:28Z,
MMA,ok,1,2026-10-01T19:07:28Z,2026-10-01T19:07:28Z,
MMD,ok,1,2026-10-01T19:07:29Z,2026-10-01T19:07:29Z,
MMED,ok,1,2026-10-01T19:07:29Z,2026-10-01T19:07:29Z,
MMI,ok,1,2026-10-01T19:07:30Z,2026-10-01T19:07:30Z,
MMLP,ok,1,2026-10-01T19:07:30Z,2026-10-01T19:07:30Z,
MMM,ok,1,2026-10-01T19:07:31Z,2026-10-01T19:07:31Z,
MMS,ok,1,2026-10-01T19:07:31Z,2026-10-01T19:07:31Z,
MMSI,ok,1,2026-10-01T19:07:32Z,2026-10-01T19:07:32Z,
MMT,ok,1,2026-10-01T19:07:32Z,2026-10-01T19:07:32Z,
MMTX,ok,1,2026-10-01T19:07:33Z,2026-10-01T19:07:33Z,
MMU,ok,1,2026-10-01T19:07:33Z,2026-10-01T19:07:33Z,
MMYT,ok,1,2026-10-01T19:07:34Z,2026-10-01T19:07:34Z,
MNDO,ok,1,2026-10-01T19:07:34Z,2026-10-01T19:07:34Z,
MNDR,ok,1,2026-10-01T19:07:35Z,2026-10-01T19:07:35Z,
MNDY,ok,1,2026-10-01T19:07:35Z,2026-10-01T19:07:35Z,
MNKD,ok,1,2026-10-01T19:07:36Z,2026-10-01T19:07:36Z,
MNOV,ok,1,2026-10-01T19:07:36Z,2026-10-01T19:07:36Z,
MNPR,ok,1,2026-10-01T19:07:37Z,2026-10-01T19:07:37Z,
MNR,ok,1,2026-10-01T19:07:37Z,2026-10-01T19:07:37Z,
MNRO,ok,1,2026-10-01T19:07:38Z,2026-10-01T19:07:38Z,
MNSB,ok,1,2026-10-01T19:07:38Z,2026-10-01T19:07:38Z,
MNSO,ok,1,2026-10-01T19:07:39Z,2026-10-01T19:07:39Z,
MNST,ok,1,2026-10-01T19:07:39Z,2026-10-01T19:07:39Z,
MNTK,ok,1,2026-10-01T19:07:40Z,2026-10-01T19:07:40Z,
MNTN,ok,1,2026-10-01T19:07:40Z,2026-10-01T19:07:40Z,
MNTS,ok,1,2026-10-01T19:07:41Z,2026-10-01T19:07:41Z,
MNY,ok,1,2026-10-01T19:07:41Z,2026-10-01T19:07:41Z,
MO,ok,1,2026-10-01T19:07:42Z,2026-10-01T19:07:42Z,
MOB,ok,1,2026-10-01T19:07:42Z,2026-10-01T19:07:42Z,
MOBI,ok,1,2026-10-01T19:07:43Z,2026-10-01T19:07:43Z,
MOBX,ok,1,2026-10-01T19:07:43Z,2026-10-01T19:07:43Z,
MOD,ok,1,2026-10-01T19:07:44Z,2026-10-01T19:07:44Z,
MODD,ok,1,2026-10-01T19:07:44Z,2026-10-01T19:07:44Z,
MOG-A,ok,1,2026-10-01T19:07:45Z,2026-10-01T19:07:45Z,
MOG-B,ok,1,2026-10-01T19:07:45Z,2026-10-01T19:07:45Z,
MOGU,ok,1,2026-10-01T19:07:46Z,2026-10-01T19:07:46Z,
MOH,ok,1,2026-10-01T19:07:46Z,2026-10-01T19:07:46Z,
MOLN,ok,1,2026-10-01T19:07:47Z,2026-10-01T19:07:47Z,
MOMO,ok,1,2026-10-01T19:07:47Z,2026-10-01T19:07:47Z,
MORN,ok,1,2026-10-01T19:07:48Z,2026-10-01T19:07:48Z,
MOS,ok,1,2026-10-01T19:07:48Z,2026-10-01T19:07:48Z,
MOV,ok,1,2026-10-01T19:07:49Z,2026-10-01T19:07:49Z,
MOVE,ok,1,2026-10-01T19:07:49Z,2026-10-01T19:07:49Z,
MP,ok,1,2026-10-01T19:07:50Z,2026-10-01T19:07:50Z,
MPA,ok,1,2026-10-01T19:07:50Z,2026-10-01T19:07:50Z,
MPAA,ok,1,2026-10-01T19:07:51Z,2026-10-01T19:07:51Z,
MPB,ok,1,2026-10-01T19:07:51Z,2026-10-01T19:07:51Z,
MPC,ok,1,2026-10-01T19:07:52Z,2026-10-01T19:07:52Z,
MPLT,ok,1,2026-10-01T19:07:52Z,2026-10-01T19:07:52Z,
MPLX,ok,1,2026-10-01T19:07:53Z,2026-10-01T19:07:53Z,
MPT,ok,1,2026-10-01T19:07:53Z,2026-10-01T19:07:53Z,
MPTI,ok,1,2026-10-01T19:07:54Z,2026-10-01T19:07:54Z,
MPU,ok,1,2026-10-01T19:07:54Z,2026-10-01T19:07:54Z,
MPV,ok,1,2026-10-01T19:07:55Z,2026-10-01T19:07:55Z,
MPWR,ok,1,2026-10-01T19:07:55Z,2026-10-01T19:07:55Z,
MQ,ok,1,2026-10-01T19:07:56Z,2026-10-01T19:07:56Z,
MQY,ok,1,2026-10-01T19:07:56Z,2026-10-01T19:07:56Z,
MRAM,ok,1,2026-10-01T19:07:57Z,2026-10-01T19:07:57Z,
MRBK,ok,1,2026-10-01T19:07:57Z,2026-10-01T19:07:57Z,
MRCO,ok,1,2026-10-01T19:07:58Z,2026-10-01T19:07:58Z,
MRCY,ok,1,2026-10-01T19:07:59Z,2026-10-01T19:07:59Z,
MRDN,ok,1,2026-10-01T19:07:59Z,2026-10-01T19:07:59Z,
MREO,ok,1,2026-10-01T19:07:59Z,2026-10-01T19:07:59Z,
MRK,ok,1,2026-10-01T19:08:00Z,2026-10-01T19:08:00Z,
MRKR,ok,1,2026-10-01T19:08:00Z,2026-10-01T19:08:00Z,
MRLN,ok,1,2026-10-01T19:08:01Z,2026-10-01T19:08:01Z,
MRM,ok,1,2026-10-01T19:08:01Z,2026-10-01T19:08:01Z,
MRNA,ok,1,2026-10-01T19:08:02Z,2026-10-01T19:08:02Z,
MRNO,ok,1,2026-10-01T19:08:02Z,2026-10-01T19:08:02Z,
MRP,ok,1,2026-10-01T19:08:03Z,2026-10-01T19:08:03Z,
MRSH,ok,1,2026-10-01T19:08:03Z,2026-10-01T19:08:03Z,
MRT,ok,1,2026-10-01T19:08:04Z,2026-10-01T19:08:04Z,
MRTN,ok,1,2026-10-01T19:08:04Z,2026-10-01T19:08:04Z,
MRVI,ok,1,2026-10-01T19:08:05Z,2026-10-01T19:08:05Z,
MRVL,ok,1,2026-10-01T19:08:05Z,2026-10-01T19:08:05Z,
MRX,ok,1,2026-10-01T19:08:06Z,2026-10-01T19:08:06Z,
MS,ok,1,2026-10-01T19:08:06Z,2026-10-01T19:08:06Z,
MSA,ok,1,2026-10-01T19:08:07Z,2026-10-01T19:08:07Z,
MSAI,ok,1,2026-10-01T19:08:07Z,2026-10-01T19:08:07Z,
MSB,ok,1,2026-10-01T19:08:08Z,2026-10-01T19:08:08Z,
MSBI,ok,1,2026-10-01T19:08:08Z,2026-10-01T19:08:08Z,
MSC,ok,1,2026-10-01T19:08:09Z,2026-10-01T19:08:09Z,
MSCI,ok,1,2026-10-01T19:08:09Z,2026-10-01T19:08:09Z,
MSD,ok,1,2026-10-01T19:08:10Z,2026-10-01T19:08:10Z,
MSDL,ok,1,2026-10-01T19:08:10Z,2026-10-01T19:08:10Z,
MSEX,ok,1,2026-10-01T19:08:11Z,2026-10-01T19:08:11Z,
MSFT,ok,1,2026-10-01T19:08:11Z,2026-10-01T19:08:11Z,
MSGE,ok,1,2026-10-01T19:08:12Z,2026-10-01T19:08:12Z,
MSGM,ok,1,2026-10-01T19:08:12Z,2026-10-01T19:08:12Z,
MSGS,ok,1,2026-10-01T19:08:13Z,2026-10-01T19:08:13Z,
MSGY,ok,1,2026-10-01T19:08:13Z,2026-10-01T19:08:13Z,
MSI,ok,1,2026-10-01T19:08:14Z,2026-10-01T19:08:14Z,
MSIF,ok,1,2026-10-01T19:08:14Z,2026-10-01T19:08:14Z,
MSLE,ok,1,2026-10-01T19:08:15Z,2026-10-01T19:08:15Z,
MSM,ok,1,2026-10-01T19:08:15Z,2026-10-01T19:08:15Z,
MSN,ok,1,2026-10-01T19:08:16Z,2026-10-01T19:08:16Z,
MSS,ok,1,2026-10-01T19:08:16Z,2026-10-01T19:08:16Z,
MSTR,ok,1,2026-10-01T19:08:17Z,2026-10-01T19:08:17Z,
MT,ok,1,2026-10-01T19:08:17Z,2026-10-01T19:08:17Z,
MTA,ok,1,2026-10-01T19:08:18Z,2026-10-01T19:08:18Z,
MTAK,ok,1,2026-10-01T19:08:18Z,2026-10-01T19:08:18Z,
MTAL,ok,1,2026-10-01T19:08:19Z,2026-10-01T19:08:19Z,
MTB,ok,1,2026-10-01T19:08:19Z,2026-10-01T19:08:19Z,
MTC,ok,1,2026-10-01T19:08:20Z,2026-10-01T19:08:20Z,
MTCH,ok,1,2026-10-01T19:08:20Z,2026-10-01T19:08:20Z,
MTD,ok,1,2026-10-01T19:08:21Z,2026-10-01T19:08:21Z,
MTDR,ok,1,2026-10-01T19:08:22Z,2026-10-01T19:08:22Z,
MTEK,ok,1,2026-10-01T19:08:22Z,2026-10-01T19:08:22Z,
MTEN,ok,1,2026-10-01T19:08:22Z,2026-10-01T19:08:22Z,
MTEX,ok,1,2026-10-01T19:08:23Z,2026-10-01T19:08:23Z,
MTG,ok,1,2026-10-01T19:08:23Z,2026-10-01T19:08:23Z,
MTH,ok,1,2026-10-01T19:08:24Z,2026-10-01T19:08:24Z,
MTLS,ok,1,2026-10-01T19:08:24Z,2026-10-01T19:08:24Z,
MTN,ok,1,2026-10-01T19:08:25Z,2026-10-01T19:08:25Z,
MTNB,ok,1,2026-10-01T19:08:25Z,2026-10-01T19:08:25Z,
MTNE,ok,1,2026-10-01T19:08:26Z,2026-10-01T19:08:26Z,
MTR,ok,1,2026-10-01T19:08:26Z,2026-10-01T19:08:26Z,
MTRN,ok,1,2026-10-01T19:08:27Z,2026-10-01T19:08:27Z,
MTRX,ok,1,2026-10-01T19:08:27Z,2026-10-01T19:08:27Z,
MTSI,ok,1,2026-10-01T19:08:28Z,2026-10-01T19:08:28Z,
MTUS,ok,1,2026-10-01T19:08:28Z,2026-10-01T19:08:28Z,
MTVA,ok,1,2026-10-01T19:08:29Z,2026-10-01T19:08:29Z,
MTW,ok,1,2026-10-01T19:08:29Z,2026-10-01T19:08:29Z,
MTX,ok,1,2026-10-01T19:08:30Z,2026-10-01T19:08:30Z,
MTZ,ok,1,2026-10-01T19:08:30Z,2026-10-01T19:08:30Z,
MU,ok,1,2026-10-01T19:08:31Z,2026-10-01T19:08:31Z,
MUA,ok,1,2026-10-01T19:08:31Z,2026-10-01T19:08:31Z,
MUC,ok,1,2026-10-01T19:08:32Z,2026-10-01T19:08:32Z,
MUFG,ok,1,2026-10-01T19:08:32Z,2026-10-01T19:08:32Z,
MUJ,ok,1,2026-10-01T19:08:33Z,2026-10-01T19:08:33Z,
MUR,ok,1,2026-10-01T19:08:33Z,2026-10-01T19:08:33Z,
MUSA,ok,1,2026-10-01T19:08:34Z,2026-10-01T19:08:34Z,
MUX,ok,1,2026-10-01T19:08:34Z,2026-10-01T19:08:34Z,
MUZE,ok,1,2026-10-01T19:08:35Z,2026-10-01T19:08:35Z,
MVBF,ok,1,2026-10-01T19:08:35Z,2026-10-01T19:08:35Z,
MVIS,ok,1,2026-10-01T19:08:36Z,2026-10-01T19:08:36Z,
MVST,ok,1,2026-10-01T19:08:36Z,2026-10-01T19:08:36Z,
MWA,ok,1,2026-10-01T19:08:37Z,2026-10-01T19:08:37Z,
MWC,ok,1,2026-10-01T19:08:37Z,2026-10-01T19:08:37Z,
MWG,ok,1,2026-10-01T19:08:38Z,2026-10-01T19:08:38Z,
MWH,ok,1,2026-10-01T19:08:38Z,2026-10-01T19:08:38Z,
MWYN,ok,1,2026-10-01T19:08:39Z,2026-10-01T19:08:39Z,
MX,ok,1,2026-10-01T19:08:39Z,2026-10-01T19:08:39Z,
MXC,ok,1,2026-10-01T19:08:40Z,2026-10-01T19:08:40Z,
MXCT,ok,1,2026-10-01T19:08:40Z,2026-10-01T19:08:40Z,
MXE,ok,1,2026-10-01T19:08:41Z,2026-10-01T19:08:41Z,
MXF,ok,1,2026-10-01T19:08:41Z,2026-10-01T19:08:41Z,
MXL,ok,1,2026-10-01T19:08:42Z,2026-10-01T19:08:42Z,
MYE,ok,1,2026-10-01T19:08:42Z,2026-10-01T19:08:42Z,
MYFW,ok,1,2026-10-01T19:08:43Z,2026-10-01T19:08:43Z,
MYGN,ok,1,2026-10-01T19:08:43Z,2026-10-01T19:08:43Z,
MYI,ok,1,2026-10-01T19:08:44Z,2026-10-01T19:08:44Z,
MYN,ok,1,2026-10-01T19:08:44Z,2026-10-01T19:08:44Z,
MYND,ok,1,2026-10-01T19:08:45Z,2026-10-01T19:08:45Z,
MYO,ok,1,2026-10-01T19:08:45Z,2026-10-01T19:08:45Z,
MYPS,ok,1,2026-10-01T19:08:46Z,2026-10-01T19:08:46Z,
MYRG,ok,1,2026-10-01T19:08:46Z,2026-10-01T19:08:46Z,
MYSE,ok,1,2026-10-01T19:08:47Z,2026-10-01T19:08:47Z,
MYSZ,ok,1,2026-10-01T19:08:47Z,2026-10-01T19:08:47Z,
MYX,ok,1,2026-10-01T19:08:48Z,2026-10-01T19:08:48Z,
MZTI,ok,1,2026-10-01T19:08:48Z,2026-10-01T19:08:48Z,
MZYX,ok,1,2026-10-01T19:08:49Z,2026-10-01T19:08:49Z,
NA,ok,1,2026-10-01T19:08:49Z,2026-10-01T19:08:49Z,
NAAS,ok,1,2026-10-01T19:08:50Z,2026-10-01T19:08:50Z,
NABL,ok,1,2026-10-01T19:08:50Z,2026-10-01T19:08:50Z,
NAC,ok,1,2026-10-01T19:08:51Z,2026-10-01T19:08:51Z,
NAD,ok,1,2026-10-01T19:08:51Z,2026-10-01T19:08:51Z,
NAGE,ok,1,2026-10-01T19:08:52Z,2026-10-01T19:08:52Z,
NAII,ok,1,2026-10-01T19:08:52Z,2026-10-01T19:08:52Z,
NAK,ok,1,2026-10-01T19:08:53Z,2026-10-01T19:08:53Z,
NAKA,ok,1,2026-10-01T19:08:54Z,2026-10-01T19:08:54Z,
NAMI,ok,1,2026-10-01T19:08:54Z,2026-10-01T19:08:54Z,
NAMM,ok,1,2026-10-01T19:08:54Z,2026-10-01T19:08:54Z,
NAMS,ok,1,2026-10-01T19:08:55Z,2026-10-01T19:08:55Z,
NAN,ok,1,2026-10-01T19:08:55Z,2026-10-01T19:08:55Z,
NAT,ok,1,2026-10-01T19:08:56Z,2026-10-01T19:08:56Z,
NATH,ok,1,2026-10-01T19:08:56Z,2026-10-01T19:08:56Z,
NATL,ok,1,2026-10-01T19:08:57Z,2026-10-01T19:08:57Z,
NATR,ok,1,2026-10-01T19:08:57Z,2026-10-01T19:08:57Z,
NAUT,ok,1,2026-10-01T19:08:58Z,2026-10-01T19:08:58Z,
NAVI,ok,1,2026-10-01T19:08:58Z,2026-10-01T19:08:58Z,
NAVN,ok,1,2026-10-01T19:08:59Z,2026-10-01T19:08:59Z,
NAZ,ok,1,2026-10-01T19:08:59Z,2026-10-01T19:08:59Z,
NB,ok,1,2026-10-01T19:09:00Z,2026-10-01T19:09:00Z,
NBB,ok,1,2026-10-01T19:09:00Z,2026-10-01T19:09:00Z,
NBBK,ok,1,2026-10-01T19:09:01Z,2026-10-01T19:09:01Z,
NBH,ok,1,2026-10-01T19:09:01Z,2026-10-01T19:09:01Z,
NBHC,ok,1,2026-10-01T19:09:02Z,2026-10-01T19:09:02Z,
NBIS,ok,1,2026-10-01T19:09:02Z,2026-10-01T19:09:02Z,
NBIX,ok,1,2026-10-01T19:09:03Z,2026-10-01T19:09:03Z,
NBN,ok,1,2026-10-01T19:09:03Z,2026-10-01T19:09:03Z,
NBP,ok,1,2026-10-01T19:09:04Z,2026-10-01T19:09:04Z,
NBR,ok,1,2026-10-01T19:09:04Z,2026-10-01T19:09:04Z,
NBRG,ok,1,2026-10-01T19:09:05Z,2026-10-01T19:09:05Z,
NBTB,ok,1,2026-10-01T19:09:05Z,2026-10-01T19:09:05Z,
NBTX,ok,1,2026-10-01T19:09:06Z,2026-10-01T19:09:06Z,
NBXG,ok,1,2026-10-01T19:09:06Z,2026-10-01T19:09:06Z,
NC,ok,1,2026-10-01T19:09:07Z,2026-10-01T19:09:07Z,
NCA,ok,1,2026-10-01T19:09:07Z,2026-10-01T19:09:07Z,
NCDL,ok,1,2026-10-01T19:09:08Z,2026-10-01T19:09:08Z,
NCEL,ok,1,2026-10-01T19:09:08Z,2026-10-01T19:09:08Z,
NCEW,ok,1,2026-10-01T19:09:09Z,2026-10-01T19:09:09Z,
NCI,ok,1,2026-10-01T19:09:09Z,2026-10-01T19:09:09Z,
NCLH,ok,1,2026-10-01T19:09:10Z,2026-10-01T19:09:10Z,
NCMI,ok,1,2026-10-01T19:09:10Z,2026-10-01T19:09:10Z,
NCNA,ok,1,2026-10-01T19:09:11Z,2026-10-01T19:09:11Z,
NCNO,ok,1,2026-10-01T19:09:11Z,2026-10-01T19:09:11Z,
NCO,ok,1,2026-10-01T19:09:12Z,2026-10-01T19:09:12Z,
NCPL,ok,1,2026-10-01T19:09:12Z,2026-10-01T19:09:12Z,
NCRA,ok,1,2026-10-01T19:09:13Z,2026-10-01T19:09:13Z,
NCT,ok,1,2026-10-01T19:09:13Z,2026-10-01T19:09:13Z,
NCTY,ok,1,2026-10-01T19:09:14Z,2026-10-01T19:09:14Z,
NCV,ok,1,2026-10-01T19:09:14Z,2026-10-01T19:09:14Z,
NCZ,ok,1,2026-10-01T19:09:15Z,2026-10-01T19:09:15Z,
NDAQ,ok,1,2026-10-01T19:09:15Z,2026-10-01T19:09:15Z,
NDLS,ok,1,2026-10-01T19:09:16Z,2026-10-01T19:09:16Z,
NDMO,ok,1,2026-10-01T19:09:16Z,2026-10-01T19:09:16Z,
NDRA,ok,1,2026-10-01T19:09:17Z,2026-10-01T19:09:17Z,
NDSN,ok,1,2026-10-01T19:09:17Z,2026-10-01T19:09:17Z,
NE,ok,1,2026-10-01T19:09:18Z,2026-10-01T19:09:18Z,
NEA,ok,1,2026-10-01T19:09:18Z,2026-10-01T19:09:18Z,
NECB,ok,1,2026-10-01T19:09:19Z,2026-10-01T19:09:19Z,
NEE,ok,1,2026-10-01T19:09:19Z,2026-10-01T19:09:19Z,
NEGG,ok,1,2026-10-01T19:09:20Z,2026-10-01T19:09:20Z,
NEM,ok,1,2026-10-01T19:09:20Z,2026-10-01T19:09:20Z,
NEN,ok,1,2026-10-01T19:09:21Z,2026-10-01T19:09:21Z,
NEO,ok,1,2026-10-01T19:09:21Z,2026-10-01T19:09:21Z,
NEOG,ok,1,2026-10-01T19:09:22Z,2026-10-01T19:09:22Z,
NEON,ok,1,2026-10-01T19:09:22Z,2026-10-01T19:09:22Z,
NEOV,ok,1,2026-10-01T19:09:23Z,2026-10-01T19:09:23Z,
NEPH,ok,1,2026-10-01T19:09:23Z,2026-10-01T19:09:23Z,
NERV,ok,1,2026-10-01T19:09:24Z,2026-10-01T19:09:24Z,
NESR,ok,1,2026-10-01T19:09:24Z,2026-10-01T19:09:24Z,
NET,ok,1,2026-10-01T19:09:25Z,2026-10-01T19:09:25Z,
NEU,ok,1,2026-10-01T19:09:25Z,2026-10-01T19:09:25Z,
NEUP,ok,1,2026-10-01T19:09:26Z,2026-10-01T19:09:26Z,
NEWP,ok,1,2026-10-01T19:09:26Z,2026-10-01T19:09:26Z,
NEWT,ok,1,2026-10-01T19:09:27Z,2026-10-01T19:09:27Z,
NEXA,ok,1,2026-10-01T19:09:27Z,2026-10-01T19:09:27Z,
NEXM,ok,1,2026-10-01T19:09:28Z,2026-10-01T19:09:28Z,
NEXN,ok,1,2026-10-01T19:09:28Z,2026-10-01T19:09:28Z,
NEXR,ok,1,2026-10-01T19:09:29Z,2026-10-01T19:09:29Z,
NEXT,ok,1,2026-10-01T19:09:29Z,2026-10-01T19:09:29Z,
NFE,ok,1,2026-10-01T19:09:30Z,2026-10-01T19:09:30Z,
NFG,ok,1,2026-10-01T19:09:30Z,2026-10-01T19:09:30Z,
NFGC,ok,1,2026-10-01T19:09:31Z,2026-10-01T19:09:31Z,
NFJ,ok,1,2026-10-01T19:09:31Z,2026-10-01T19:09:31Z,
NFLX,ok,1,2026-10-01T19:09:32Z,2026-10-01T19:09:32Z,
NG,ok,1,2026-10-01T19:09:32Z,2026-10-01T19:09:32Z,
NGEN,ok,1,2026-10-01T19:09:33Z,2026-10-01T19:09:33Z,
NGG,ok,1,2026-10-01T19:09:33Z,2026-10-01T19:09:33Z,
NGL,ok,1,2026-10-01T19:09:34Z,2026-10-01T19:09:34Z,
NGNE,ok,1,2026-10-01T19:09:34Z,2026-10-01T19:09:34Z,
NGS,ok,1,2026-10-01T19:09:35Z,2026-10-01T19:09:35Z,
NGVC,ok,1,2026-10-01T19:09:35Z,2026-10-01T19:09:35Z,
NGVT,ok,1,2026-10-01T19:09:36Z,2026-10-01T19:09:36Z,
NHC,ok,1,2026-10-01T19:09:36Z,2026-10-01T19:09:36Z,
NHI,ok,1,2026-10-01T19:09:37Z,2026-10-01T19:09:37Z,
NHIV,ok,1,2026-10-01T19:09:37Z,2026-10-01T19:09:37Z,
NHP,ok,1,2026-10-01T19:09:38Z,2026-10-01T19:09:38Z,
NHS,ok,1,2026-10-01T19:09:38Z,2026-10-01T19:09:38Z,
NHTC,ok,1,2026-10-01T19:09:39Z,2026-10-01T19:09:39Z,
NI,ok,1,2026-10-01T19:09:39Z,2026-10-01T19:09:39Z,
NIC,ok,1,2026-10-01T19:09:40Z,2026-10-01T19:09:40Z,
NICE,ok,1,2026-10-01T19:09:40Z,2026-10-01T19:09:40Z,
NICM,ok,1,2026-10-01T19:09:41Z,2026-10-01T19:09:41Z,
NIE,ok,1,2026-10-01T19:09:41Z,2026-10-01T19:09:41Z,
NIKI,ok,1,2026-10-01T19:09:42Z,2026-10-01T19:09:42Z,
NIM,ok,1,2026-10-01T19:09:42Z,2026-10-01T19:09:42Z,
NINE,ok,1,2026-10-01T19:09:43Z,2026-10-01T19:09:43Z,
NIO,ok,1,2026-10-01T19:09:43Z,2026-10-01T19:09:43Z,
NIPG,ok,1,2026-10-01T19:09:44Z,2026-10-01T19:09:44Z,
NIQ,ok,1,2026-10-01T19:09:44Z,2026-10-01T19:09:44Z,
NIU,ok,1,2026-10-01T19:09:45Z,2026-10-01T19:09:45Z,
NIVF,ok,1,2026-10-01T19:09:45Z,2026-10-01T19:09:45Z,
NIXX,ok,1,2026-10-01T19:09:46Z,2026-10-01T19:09:46Z,
NJR,ok,1,2026-10-01T19:09:46Z,2026-10-01T19:09:46Z,
NKE,ok,1,2026-10-01T19:09:47Z,2026-10-01T19:09:47Z,
NKLR,ok,1,2026-10-01T19:09:47Z,2026-10-01T19:09:47Z,
NKSH,ok,1,2026-10-01T19:09:48Z,2026-10-01T19:09:48Z,
NKTR,ok,1,2026-10-01T19:09:48Z,2026-10-01T19:09:48Z,
NKTX,ok,1,2026-10-01T19:09:49Z,2026-10-01T19:09:49Z,
NKX,ok,1,2026-10-01T19:09:49Z,2026-10-01T19:09:49Z,
NL,ok,1,2026-10-01T19:09:50Z,2026-10-01T19:09:50Z,
NLOP,ok,1,2026-10-01T19:09:50Z,2026-10-01T19:09:50Z,
NLY,ok,1,2026-10-01T19:09:51Z,2026-10-01T19:09:51Z,
NMAD,ok,1,2026-10-01T19:09:51Z,2026-10-01T19:09:51Z,
NMAI,ok,1,2026-10-01T19:09:52Z,2026-10-01T19:09:52Z,
NMAX,ok,1,2026-10-01T19:09:52Z,2026-10-01T19:09:52Z,
NMCO,ok,1,2026-10-01T19:09:53Z,2026-10-01T19:09:53Z,
NMFC,ok,1,2026-10-01T19:09:53Z,2026-10-01T19:09:53Z,
NMG,ok,1,2026-10-01T19:09:54Z,2026-10-01T19:09:54Z,
NMI,ok,1,2026-10-01T19:09:54Z,2026-10-01T19:09:54Z,
NMIH,ok,1,2026-10-01T19:09:55Z,2026-10-01T19:09:55Z,
NML,ok,1,2026-10-01T19:09:55Z,2026-10-01T19:09:55Z,
NMM,ok,1,2026-10-01T19:09:56Z,2026-10-01T19:09:56Z,
NMP,ok,1,2026-10-01T19:09:56Z,2026-10-01T19:09:56Z,
NMR,ok,1,2026-10-01T19:09:57Z,2026-10-01T19:09:57Z,
NMRA,ok,1,2026-10-01T19:09:57Z,2026-10-01T19:09:57Z,
NMRK,ok,1,2026-10-01T19:09:58Z,2026-10-01T19:09:58Z,
NMS,ok,1,2026-10-01T19:09:58Z,2026-10-01T19:09:58Z,
NMT,ok,1,2026-10-01T19:09:59Z,2026-10-01T19:09:59Z,
NMTC,ok,1,2026-10-01T19:09:59Z,2026-10-01T19:09:59Z,
NMZ,ok,1,2026-10-01T19:10:00Z,2026-10-01T19:10:00Z,
NN,ok,1,2026-10-01T19:10:00Z,2026-10-01T19:10:00Z,
NNBR,ok,1,2026-10-01T19:10:01Z,2026-10-01T19:10:01Z,
NNDM,ok,1,2026-10-01T19:10:01Z,2026-10-01T19:10:01Z,
NNE,ok,1,2026-10-01T19:10:02Z,2026-10-01T19:10:02Z,
NNI,ok,1,2026-10-01T19:10:02Z,2026-10-01T19:10:02Z,
NNN,ok,1,2026-10-01T19:10:03Z,2026-10-01T19:10:03Z,
NNNN,ok,1,2026-10-01T19:10:03Z,2026-10-01T19:10:03Z,
NNOX,ok,1,2026-10-01T19:10:04Z,2026-10-01T19:10:04Z,
NNVC,ok,1,2026-10-01T19:10:04Z,2026-10-01T19:10:04Z,
NNY,ok,1,2026-10-01T19:10:05Z,2026-10-01T19:10:05Z,
NOA,ok,1,2026-10-01T19:10:05Z,2026-10-01T19:10:05Z,
NOAH,ok,1,2026-10-01T19:10:06Z,2026-10-01T19:10:06Z,
NOC,ok,1,2026-10-01T19:10:06Z,2026-10-01T19:10:06Z,
NODK,ok,1,2026-10-01T19:10:07Z,2026-10-01T19:10:07Z,
NOEM,ok,1,2026-10-01T19:10:07Z,2026-10-01T19:10:07Z,
NOG,ok,1,2026-10-01T19:10:08Z,2026-10-01T19:10:08Z,
NOK,ok,1,2026-10-01T19:10:08Z,2026-10-01T19:10:08Z,
NOMA,ok,1,2026-10-01T19:10:09Z,2026-10-01T19:10:09Z,
NOMD,ok,1,2026-10-01T19:10:09Z,2026-10-01T19:10:09Z,
NOV,ok,1,2026-10-01T19:10:10Z,2026-10-01T19:10:10Z,
NOVT,ok,1,2026-10-01T19:10:10Z,2026-10-01T19:10:10Z,
NOW,ok,1,2026-10-01T19:10:11Z,2026-10-01T19:10:11Z,
NP,ok,1,2026-10-01T19:10:11Z,2026-10-01T19:10:11Z,
NPAC,ok,1,2026-10-01T19:10:12Z,2026-10-01T19:10:12Z,
NPB,ok,1,2026-10-01T19:10:12Z,2026-10-01T19:10:12Z,
NPCE,ok,1,2026-10-01T19:10:13Z,2026-10-01T19:10:13Z,
NPCT,ok,1,2026-10-01T19:10:13Z,2026-10-01T19:10:13Z,
NPFD,ok,1,2026-10-01T19:10:14Z,2026-10-01T19:10:14Z,
NPK,ok,1,2026-10-01T19:10:14Z,2026-10-01T19:10:14Z,
NPKI,ok,1,2026-10-01T19:10:15Z,2026-10-01T19:10:15Z,
NPO,ok,1,2026-10-01T19:10:15Z,2026-10-01T19:10:15Z,
NPT,ok,1,2026-10-01T19:10:16Z,2026-10-01T19:10:16Z,
NPV,ok,1,2026-10-01T19:10:16Z,2026-10-01T19:10:16Z,
NPWR,ok,1,2026-10-01T19:10:17Z,2026-10-01T19:10:17Z,
NRC,ok,1,2026-10-01T19:10:17Z,2026-10-01T19:10:17Z,
NRDS,ok,1,2026-10-01T19:10:18Z,2026-10-01T19:10:18Z,
NRDY,ok,1,2026-10-01T19:10:18Z,2026-10-01T19:10:18Z,
NREF,ok,1,2026-10-01T19:10:19Z,2026-10-01T19:10:19Z,
NRG,ok,1,2026-10-01T19:10:19Z,2026-10-01T19:10:19Z,
NRGV,ok,1,2026-10-01T19:10:20Z,2026-10-01T19:10:20Z,
NRIM,ok,1,2026-10-01T19:10:20Z,2026-10-01T19:10:20Z,
NRIX,ok,1,2026-10-01T19:10:21Z,2026-10-01T19:10:21Z,
NRK,ok,1,2026-10-01T19:10:22Z,2026-10-01T19:10:22Z,
NRO,ok,1,2026-10-01T19:10:22Z,2026-10-01T19:10:22Z,
NRP,ok,1,2026-10-01T19:10:22Z,2026-10-01T19:10:22Z,
NRSN,ok,1,2026-10-01T19:10:23Z,2026-10-01T19:10:23Z,
NRT,ok,1,2026-10-01T19:10:23Z,2026-10-01T19:10:23Z,
NRXP,ok,1,2026-10-01T19:10:24Z,2026-10-01T19:10:24Z,
NRXS,ok,1,2026-10-01T19:10:24Z,2026-10-01T19:10:24Z,
NSAI,ok,1,2026-10-01T19:10:25Z,2026-10-01T19:10:25Z,
NSC,ok,1,2026-10-01T19:10:25Z,2026-10-01T19:10:25Z,
NSIT,ok,1,2026-10-01T19:10:26Z,2026-10-01T19:10:26Z,
NSLR,ok,1,2026-10-01T19:10:26Z,2026-10-01T19:10:26Z,
NSP,ok,1,2026-10-01T19:10:27Z,2026-10-01T19:10:27Z,
NSPR,ok,1,2026-10-01T19:10:27Z,2026-10-01T19:10:27Z,
NSRX,ok,1,2026-10-01T19:10:28Z,2026-10-01T19:10:28Z,
NSSC,ok,1,2026-10-01T19:10:28Z,2026-10-01T19:10:28Z,
NSTS,ok,1,2026-10-01T19:10:29Z,2026-10-01T19:10:29Z,
NSYS,ok,1,2026-10-01T19:10:29Z,2026-10-01T19:10:29Z,
NTAP,ok,1,2026-10-01T19:10:30Z,2026-10-01T19:10:30Z,
NTB,ok,1,2026-10-01T19:10:30Z,2026-10-01T19:10:30Z,
NTCL,ok,1,2026-10-01T19:10:31Z,2026-10-01T19:10:31Z,
NTCT,ok,1,2026-10-01T19:10:31Z,2026-10-01T19:10:31Z,
NTES,ok,1,2026-10-01T19:10:32Z,2026-10-01T19:10:32Z,
NTGR,ok,1,2026-10-01T19:10:32Z,2026-10-01T19:10:32Z,
NTHI,ok,1,2026-10-01T19:10:33Z,2026-10-01T19:10:33Z,
NTIC,ok,1,2026-10-01T19:10:33Z,2026-10-01T19:10:33Z,
NTIP,ok,1,2026-10-01T19:10:34Z,2026-10-01T19:10:34Z,
NTLA,ok,1,2026-10-01T19:10:34Z,2026-10-01T19:10:34Z,
NTNX,ok,1,2026-10-01T19:10:35Z,2026-10-01T19:10:35Z,
NTR,ok,1,2026-10-01T19:10:35Z,2026-10-01T19:10:35Z,
NTRA,ok,1,2026-10-01T19:10:36Z,2026-10-01T19:10:36Z,
NTRB,ok,1,2026-10-01T19:10:36Z,2026-10-01T19:10:36Z,
NTRP,ok,1,2026-10-01T19:10:37Z,2026-10-01T19:10:37Z,
NTRS,ok,1,2026-10-01T19:10:37Z,2026-10-01T19:10:37Z,
NTSK,ok,1,2026-10-01T19:10:38Z,2026-10-01T19:10:38Z,
NTST,ok,1,2026-10-01T19:10:38Z,2026-10-01T19:10:38Z,
NTWK,ok,1,2026-10-01T19:10:39Z,2026-10-01T19:10:39Z,
NTWO,ok,1,2026-10-01T19:10:39Z,2026-10-01T19:10:39Z,
NU,ok,1,2026-10-01T19:10:40Z,2026-10-01T19:10:40Z,
NUAI,ok,1,2026-10-01T19:10:40Z,2026-10-01T19:10:40Z,
NUCL,ok,1,2026-10-01T19:10:41Z,2026-10-01T19:10:41Z,
NUE,ok,1,2026-10-01T19:10:41Z,2026-10-01T19:10:41Z,
NUR,ok,1,2026-10-01T19:10:42Z,2026-10-01T19:10:42Z,
NUS,ok,1,2026-10-01T19:10:42Z,2026-10-01T19:10:42Z,
NUTX,ok,1,2026-10-01T19:10:43Z,2026-10-01T19:10:43Z,
NUV,ok,1,2026-10-01T19:10:43Z,2026-10-01T19:10:43Z,
NUVB,ok,1,2026-10-01T19:10:44Z,2026-10-01T19:10:44Z,
NUW,ok,1,2026-10-01T19:10:44Z,2026-10-01T19:10:44Z,
NUWE,ok,1,2026-10-01T19:10:45Z,2026-10-01T19:10:45Z,
NVA,ok,1,2026-10-01T19:10:45Z,2026-10-01T19:10:45Z,
NVAX,ok,1,2026-10-01T19:10:46Z,2026-10-01T19:10:46Z,
NVCR,ok,1,2026-10-01T19:10:46Z,2026-10-01T19:10:46Z,
NVCT,ok,1,2026-10-01T19:10:47Z,2026-10-01T19:10:47Z,
NVDA,ok,1,2026-10-01T19:10:47Z,2026-10-01T19:10:47Z,
NVEC,ok,1,2026-10-01T19:10:48Z,2026-10-01T19:10:48Z,
NVG,ok,1,2026-10-01T19:10:48Z,2026-10-01T19:10:48Z,
NVGS,ok,1,2026-10-01T19:10:49Z,2026-10-01T19:10:49Z,
NVMI,ok,1,2026-10-01T19:10:49Z,2026-10-01T19:10:49Z,
NVNI,ok,1,2026-10-01T19:10:50Z,2026-10-01T19:10:50Z,
NVNO,ok,1,2026-10-01T19:10:50Z,2026-10-01T19:10:50Z,
NVO,ok,1,2026-10-01T19:10:51Z,2026-10-01T19:10:51Z,
NVR,ok,1,2026-10-01T19:10:51Z,2026-10-01T19:10:51Z,
NVRI,ok,1,2026-10-01T19:10:52Z,2026-10-01T19:10:52Z,
NVS,ok,1,2026-10-01T19:10:52Z,2026-10-01T19:10:52Z,
NVST,ok,1,2026-10-01T19:10:53Z,2026-10-01T19:10:53Z,
NVT,ok,1,2026-10-01T19:10:53Z,2026-10-01T19:10:53Z,
NVTS,ok,1,2026-10-01T19:10:54Z,2026-10-01T19:10:54Z,
NVX,ok,1,2026-10-01T19:10:54Z,2026-10-01T19:10:54Z,
NWAX,ok,1,2026-10-01T19:10:55Z,2026-10-01T19:10:55Z,
NWBI,ok,1,2026-10-01T19:10:55Z,2026-10-01T19:10:55Z,
NWCL,ok,1,2026-10-01T19:10:56Z,2026-10-01T19:10:56Z,
NWE,ok,1,2026-10-01T19:10:56Z,2026-10-01T19:10:56Z,
NWFL,ok,1,2026-10-01T19:10:57Z,2026-10-01T19:10:57Z,
NWG,ok,1,2026-10-01T19:10:57Z,2026-10-01T19:10:57Z,
NWGL,ok,1,2026-10-01T19:10:58Z,2026-10-01T19:10:58Z,
NWL,ok,1,2026-10-01T19:10:58Z,2026-10-01T19:10:58Z,
NWN,ok,1,2026-10-01T19:10:59Z,2026-10-01T19:10:59Z,
NWPX,ok,1,2026-10-01T19:10:59Z,2026-10-01T19:10:59Z,
NWS,ok,1,2026-10-01T19:11:00Z,2026-10-01T19:11:00Z,
NWSA,ok,1,2026-10-01T19:11:00Z,2026-10-01T19:11:00Z,
NWTG,ok,1,2026-10-01T19:11:01Z,2026-10-01T19:11:01Z,
NX,ok,1,2026-10-01T19:11:01Z,2026-10-01T19:11:01Z,
NXAT,ok,1,2026-10-01T19:11:02Z,2026-10-01T19:11:02Z,
NXB,ok,1,2026-10-01T19:11:02Z,2026-10-01T19:11:02Z,
NXDR,ok,1,2026-10-01T19:11:03Z,2026-10-01T19:11:03Z,
NXDT,ok,1,2026-10-01T19:11:03Z,2026-10-01T19:11:03Z,
NXE,ok,1,2026-10-01T19:11:04Z,2026-10-01T19:11:04Z,
NXG,ok,1,2026-10-01T19:11:04Z,2026-10-01T19:11:04Z,
NXGL,ok,1,2026-10-01T19:11:05Z,2026-10-01T19:11:05Z,
NXH,ok,1,2026-10-01T19:11:05Z,2026-10-01T19:11:05Z,
NXL,ok,1,2026-10-01T19:11:06Z,2026-10-01T19:11:06Z,
NXP,ok,1,2026-10-01T19:11:07Z,2026-10-01T19:11:07Z,
NXPI,ok,1,2026-10-01T19:11:07Z,2026-10-01T19:11:07Z,
NXPL,ok,1,2026-10-01T19:11:07Z,2026-10-01T19:11:07Z,
NXRT,ok,1,2026-10-01T19:11:08Z,2026-10-01T19:11:08Z,
NXST,ok,1,2026-10-01T19:11:08Z,2026-10-01T19:11:08Z,
NXT,ok,1,2026-10-01T19:11:09Z,2026-10-01T19:11:09Z,
NXTC,ok,1,2026-10-01T19:11:09Z,2026-10-01T19:11:09Z,
NXTS,ok,1,2026-10-01T19:11:10Z,2026-10-01T19:11:10Z,
NXTT,ok,1,2026-10-01T19:11:10Z,2026-10-01T19:11:10Z,
NXXT,ok,1,2026-10-01T19:11:11Z,2026-10-01T19:11:11Z,
NYAX,ok,1,2026-10-01T19:11:11Z,2026-10-01T19:11:11Z,
NYC,ok,1,2026-10-01T19:11:12Z,2026-10-01T19:11:12Z,
NYT,ok,1,2026-10-01T19:11:12Z,2026-10-01T19:11:12Z,
NYXH,ok,1,2026-10-01T19:11:13Z,2026-10-01T19:11:13Z,
NZF,ok,1,2026-10-01T19:11:14Z,2026-10-01T19:11:14Z,
O,ok,1,2026-10-01T19:11:14Z,2026-10-01T19:11:14Z,
OABI,ok,1,2026-10-01T19:11:14Z,2026-10-01T19:11:14Z,
OACC,ok,1,2026-10-01T19:11:15Z,2026-10-01T19:11:15Z,
OBA,ok,1,2026-10-01T19:11:15Z,2026-10-01T19:11:15Z,
OBAI,ok,1,2026-10-01T19:11:16Z,2026-10-01T19:11:16Z,
OBDC,ok,1,2026-10-01T19:11:16Z,2026-10-01T19:11:16Z,
OBE,ok,1,2026-10-01T19:11:17Z,2026-10-01T19:11:17Z,
OBIO,ok,1,2026-10-01T19:11:17Z,2026-10-01T19:11:17Z,
OBK,ok,1,2026-10-01T19:11:18Z,2026-10-01T19:11:18Z,
OBT,ok,1,2026-10-01T19:11:18Z,2026-10-01T19:11:18Z,
OBX,ok,1,2026-10-01T19:11:19Z,2026-10-01T19:11:19Z,
OC,ok,1,2026-10-01T19:11:19Z,2026-10-01T19:11:19Z,
OCAC,ok,1,2026-10-01T19:11:20Z,2026-10-01T19:11:20Z,
OCC,ok,1,2026-10-01T19:11:20Z,2026-10-01T19:11:20Z,
OCCI,ok,1,2026-10-01T19:11:21Z,2026-10-01T19:11:21Z,
OCFC,ok,1,2026-10-01T19:11:21Z,2026-10-01T19:11:21Z,
OCG,ok,1,2026-10-01T19:11:22Z,2026-10-01T19:11:22Z,
OCGN,ok,1,2026-10-01T19:11:22Z,2026-10-01T19:11:22Z,
OCLT,ok,1,2026-10-01T19:11:23Z,2026-10-01T19:11:23Z,
OCS,ok,1,2026-10-01T19:11:23Z,2026-10-01T19:11:23Z,
OCSL,ok,1,2026-10-01T19:11:24Z,2026-10-01T19:11:24Z,
OCTV,ok,1,2026-10-01T19:11:24Z,2026-10-01T19:11:24Z,
OCUL,ok,1,2026-10-01T19:11:25Z,2026-10-01T19:11:25Z,
ODC,ok,1,2026-10-01T19:11:25Z,2026-10-01T19:11:25Z,
ODD,ok,1,2026-10-01T19:11:26Z,2026-10-01T19:11:26Z,
ODFL,ok,1,2026-10-01T19:11:26Z,2026-10-01T19:11:26Z,
ODTX,ok,1,2026-10-01T19:11:27Z,2026-10-01T19:11:27Z,
ODYS,ok,1,2026-10-01T19:11:27Z,2026-10-01T19:11:27Z,
OEC,ok,1,2026-10-01T19:11:28Z,2026-10-01T19:11:28Z,
OESX,ok,1,2026-10-01T19:11:28Z,2026-10-01T19:11:28Z,
OFAL,ok,1,2026-10-01T19:11:29Z,2026-10-01T19:11:29Z,
OFG,ok,1,2026-10-01T19:11:29Z,2026-10-01T19:11:29Z,
OFIX,ok,1,2026-10-01T19:11:30Z,2026-10-01T19:11:30Z,
OFLX,ok,1,2026-10-01T19:11:30Z,2026-10-01T19:11:30Z,
OFRM,ok,1,2026-10-01T19:11:31Z,2026-10-01T19:11:31Z,
OFS,ok,1,2026-10-01T19:11:31Z,2026-10-01T19:11:31Z,
OGC,ok,1,2026-10-01T19:11:32Z,2026-10-01T19:11:32Z,
OGCP,ok,1,2026-10-01T19:11:32Z,2026-10-01T19:11:32Z,
OGE,ok,1,2026-10-01T19:11:33Z,2026-10-01T19:11:33Z,
OGEN,ok,1,2026-10-01T19:11:33Z,2026-10-01T19:11:33Z,
OGG,ok,1,2026-10-01T19:11:34Z,2026-10-01T19:11:34Z,
OGI,ok,1,2026-10-01T19:11:34Z,2026-10-01T19:11:34Z,
OGN,ok,1,2026-10-01T19:11:35Z,2026-10-01T19:11:35Z,
OGS,ok,1,2026-10-01T19:11:35Z,2026-10-01T19:11:35Z,
OHAC,ok,1,2026-10-01T19:11:36Z,2026-10-01T19:11:36Z,
OHI,ok,1,2026-10-01T19:11:36Z,2026-10-01T19:11:36Z,
OI,ok,1,2026-10-01T19:11:37Z,2026-10-01T19:11:37Z,
OIA,ok,1,2026-10-01T19:11:37Z,2026-10-01T19:11:37Z,
OIG,ok,1,2026-10-01T19:11:38Z,2026-10-01T19:11:38Z,
OII,ok,1,2026-10-01T19:11:38Z,2026-10-01T19:11:38Z,
OIM,ok,1,2026-10-01T19:11:39Z,2026-10-01T19:11:39Z,
OIO,ok,1,2026-10-01T19:11:39Z,2026-10-01T19:11:39Z,
OIS,ok,1,2026-10-01T19:11:40Z,2026-10-01T19:11:40Z,
OKE,ok,1,2026-10-01T19:11:40Z,2026-10-01T19:11:40Z,
OKLO,ok,1,2026-10-01T19:11:41Z,2026-10-01T19:11:41Z,
OKTA,ok,1,2026-10-01T19:11:41Z,2026-10-01T19:11:41Z,
OKUR,ok,1,2026-10-01T19:11:42Z,2026-10-01T19:11:42Z,
OKYO,ok,1,2026-10-01T19:11:42Z,2026-10-01T19:11:42Z,
OLB,ok,1,2026-10-01T19:11:43Z,2026-10-01T19:11:43Z,
OLED,ok,1,2026-10-01T19:11:43Z,2026-10-01T19:11:43Z,
OLLI,ok,1,2026-10-01T19:11:44Z,2026-10-01T19:11:44Z,
OLMA,ok,1,2026-10-01T19:11:44Z,2026-10-01T19:11:44Z,
OLN,ok,1,2026-10-01T19:11:45Z,2026-10-01T19:11:45Z,
OLOX,ok,1,2026-10-01T19:11:45Z,2026-10-01T19:11:45Z,
OLP,ok,1,2026-10-01T19:11:46Z,2026-10-01T19:11:46Z,
OM,ok,1,2026-10-01T19:11:46Z,2026-10-01T19:11:46Z,
OMAB,ok,1,2026-10-01T19:11:47Z,2026-10-01T19:11:47Z,
OMC,ok,1,2026-10-01T19:11:47Z,2026-10-01T19:11:47Z,
OMCL,ok,1,2026-10-01T19:11:48Z,2026-10-01T19:11:48Z,
OMDA,ok,1,2026-10-01T19:11:48Z,2026-10-01T19:11:48Z,
OMER,ok,1,2026-10-01T19:11:49Z,2026-10-01T19:11:49Z,
OMEX,ok,1,2026-10-01T19:11:49Z,2026-10-01T19:11:49Z,
OMF,ok,1,2026-10-01T19:11:50Z,2026-10-01T19:11:50Z,
OMH,ok,1,2026-10-01T19:11:50Z,2026-10-01T19:11:50Z,
OMSE,ok,1,2026-10-01T19:11:51Z,2026-10-01T19:11:51Z,
ON,ok,1,2026-10-01T19:11:51Z,2026-10-01T19:11:51Z,
ONB,ok,1,2026-10-01T19:11:52Z,2026-10-01T19:11:52Z,
ONC,ok,1,2026-10-01T19:11:52Z,2026-10-01T19:11:52Z,
ONCH,ok,1,2026-10-01T19:11:53Z,2026-10-01T19:11:53Z,
ONCO,ok,1,2026-10-01T19:11:53Z,2026-10-01T19:11:53Z,
ONCY,ok,1,2026-10-01T19:11:54Z,2026-10-01T19:11:54Z,
ONDS,ok,1,2026-10-01T19:11:54Z,2026-10-01T19:11:54Z,
ONEG,ok,1,2026-10-01T19:11:55Z,2026-10-01T19:11:55Z,
ONEN,ok,1,2026-10-01T19:11:55Z,2026-10-01T19:11:55Z,
ONEW,ok,1,2026-10-01T19:11:56Z,2026-10-01T19:11:56Z,
ONFO,ok,1,2026-10-01T19:11:56Z,2026-10-01T19:11:56Z,
ONIT,ok,1,2026-10-01T19:11:57Z,2026-10-01T19:11:57Z,
ONL,ok,1,2026-10-01T19:11:57Z,2026-10-01T19:11:57Z,
ONMD,ok,1,2026-10-01T19:11:58Z,2026-10-01T19:11:58Z,
ONON,ok,1,2026-10-01T19:11:59Z,2026-10-01T19:11:59Z,
ONT,ok,1,2026-10-01T19:11:59Z,2026-10-01T19:11:59Z,
ONTO,ok,1,2026-10-01T19:12:00Z,2026-10-01T19:12:00Z,
OOMA,ok,1,2026-10-01T19:12:00Z,2026-10-01T19:12:00Z,
OPAD,ok,1,2026-10-01T19:12:00Z,2026-10-01T19:12:00Z,
OPAL,ok,1,2026-10-01T19:12:01Z,2026-10-01T19:12:01Z,
OPBK,ok,1,2026-10-01T19:12:01Z,2026-10-01T19:12:01Z,
OPCH,ok,1,2026-10-01T19:12:02Z,2026-10-01T19:12:02Z,
OPEN,ok,1,2026-10-01T19:12:02Z,2026-10-01T19:12:02Z,
OPFI,ok,1,2026-10-01T19:12:03Z,2026-10-01T19:12:03Z,
OPHC,ok,1,2026-10-01T19:12:03Z,2026-10-01T19:12:03Z,
OPI,ok,1,2026-10-01T19:12:04Z,2026-10-01T19:12:04Z,
OPK,ok,1,2026-10-01T19:12:04Z,2026-10-01T19:12:04Z,
OPLN,ok,1,2026-10-01T19:12:05Z,2026-10-01T19:12:05Z,
OPNW,ok,1,2026-10-01T19:12:05Z,2026-10-01T19:12:05Z,
OPP,ok,1,2026-10-01T19:12:06Z,2026-10-01T19:12:06Z,
OPRA,ok,1,2026-10-01T19:12:06Z,2026-10-01T19:12:06Z,
OPRT,ok,1,2026-10-01T19:12:07Z,2026-10-01T19:12:07Z,
OPRX,ok,1,2026-10-01T19:12:07Z,2026-10-01T19:12:07Z,
OPTH,ok,1,2026-10-01T19:12:08Z,2026-10-01T19:12:08Z,
OPTT,ok,1,2026-10-01T19:12:08Z,2026-10-01T19:12:08Z,
OPTU,ok,1,2026-10-01T19:12:09Z,2026-10-01T19:12:09Z,
OPTX,ok,1,2026-10-01T19:12:09Z,2026-10-01T19:12:09Z,
OPXS,ok,1,2026-10-01T19:12:10Z,2026-10-01T19:12:10Z,
OPY,ok,1,2026-10-01T19:12:10Z,2026-10-01T19:12:10Z,
OR,ok,1,2026-10-01T19:12:11Z,2026-10-01T19:12:11Z,
ORA,ok,1,2026-10-01T19:12:11Z,2026-10-01T19:12:11Z,
ORBS,ok,1,2026-10-01T19:12:12Z,2026-10-01T19:12:12Z,
ORC,ok,1,2026-10-01T19:12:12Z,2026-10-01T19:12:12Z,
ORCL,ok,1,2026-10-01T19:12:13Z,2026-10-01T19:12:13Z,
ORGO,ok,1,2026-10-01T19:12:13Z,2026-10-01T19:12:13Z,
ORI,ok,1,2026-10-01T19:12:14Z,2026-10-01T19:12:14Z,
ORIC,ok,1,2026-10-01T19:12:14Z,2026-10-01T19:12:14Z,
ORIO,ok,1,2026-10-01T19:12:15Z,2026-10-01T19:12:15Z,
ORIQ,ok,1,2026-10-01T19:12:15Z,2026-10-01T19:12:15Z,
ORKA,ok,1,2026-10-01T19:12:16Z,2026-10-01T19:12:16Z,
ORKT,ok,1,2026-10-01T19:12:16Z,2026-10-01T19:12:16Z,
ORLY,ok,1,2026-10-01T19:12:17Z,2026-10-01T19:12:17Z,
ORMP,ok,1,2026-10-01T19:12:17Z,2026-10-01T19:12:17Z,
ORN,ok,1,2026-10-01T19:12:18Z,2026-10-01T19:12:18Z,
ORRF,ok,1,2026-10-01T19:12:18Z,2026-10-01T19:12:18Z,
OSBC,ok,1,2026-10-01T19:12:19Z,2026-10-01T19:12:19Z,
OSCR,ok,1,2026-10-01T19:12:19Z,2026-10-01T19:12:19Z,
OSG,ok,1,2026-10-01T19:12:20Z,2026-10-01T19:12:20Z,
OSIS,ok,1,2026-10-01T19:12:20Z,2026-10-01T19:12:20Z,
OSK,ok,1,2026-10-01T19:12:21Z,2026-10-01T19:12:21Z,
OSPN,ok,1,2026-10-01T19:12:21Z,2026-10-01T19:12:21Z,
OSPR,ok,1,2026-10-01T19:12:22Z,2026-10-01T19:12:22Z,
OSS,ok,1,2026-10-01T19:12:22Z,2026-10-01T19:12:22Z,
OST,ok,1,2026-10-01T19:12:23Z,2026-10-01T19:12:23Z,
OSTX,ok,1,2026-10-01T19:12:23Z,2026-10-01T19:12:23Z,
OSUR,ok,1,2026-10-01T19:12:24Z,2026-10-01T19:12:24Z,
OSW,ok,1,2026-10-01T19:12:24Z,2026-10-01T19:12:24Z,
OTAI,ok,1,2026-10-01T19:12:25Z,2026-10-01T19:12:25Z,
OTEX,ok,1,2026-10-01T19:12:25Z,2026-10-01T19:12:25Z,
OTF,ok,1,2026-10-01T19:12:26Z,2026-10-01T19:12:26Z,
OTGA,ok,1,2026-10-01T19:12:26Z,2026-10-01T19:12:26Z,
OTIS,ok,1,2026-10-01T19:12:27Z,2026-10-01T19:12:27Z,
OTLK,ok,1,2026-10-01T19:12:27Z,2026-10-01T19:12:27Z,
OTLY,ok,1,2026-10-01T19:12:28Z,2026-10-01T19:12:28Z,
OTTR,ok,1,2026-10-01T19:12:28Z,2026-10-01T19:12:28Z,
OUST,ok,1,2026-10-01T19:12:29Z,2026-10-01T19:12:29Z,
OUT,ok,1,2026-10-01T19:12:29Z,2026-10-01T19:12:29Z,
OVBC,ok,1,2026-10-01T19:12:30Z,2026-10-01T19:12:30Z,
OVID,ok,1,2026-10-01T19:12:30Z,2026-10-01T19:12:30Z,
OVLY,ok,1,2026-10-01T19:12:31Z,2026-10-01T19:12:31Z,
OVV,ok,1,2026-10-01T19:12:31Z,2026-10-01T19:12:31Z,
OWL,ok,1,2026-10-01T19:12:32Z,2026-10-01T19:12:32Z,
OWLS,ok,1,2026-10-01T19:12:32Z,2026-10-01T19:12:32Z,
OWLT,ok,1,2026-10-01T19:12:33Z,2026-10-01T19:12:33Z,
OXBR,ok,1,2026-10-01T19:12:33Z,2026-10-01T19:12:33Z,
OXLC,ok,1,2026-10-01T19:12:34Z,2026-10-01T19:12:34Z,
OXM,ok,1,2026-10-01T19:12:34Z,2026-10-01T19:12:34Z,
OXSQ,ok,1,2026-10-01T19:12:35Z,2026-10-01T19:12:35Z,
OXY,ok,1,2026-10-01T19:12:35Z,2026-10-01T19:12:35Z,
OYSE,ok,1,2026-10-01T19:12:36Z,2026-10-01T19:12:36Z,
OZK,ok,1,2026-10-01T19:12:36Z,2026-10-01T19:12:36Z,
P,ok,1,2026-10-01T19:12:37Z,2026-10-01T19:12:37Z,
PAA,ok,1,2026-10-01T19:12:37Z,2026-10-01T19:12:37Z,
PAAC,ok,1,2026-10-01T19:12:38Z,2026-10-01T19:12:38Z,
PAAI,ok,1,2026-10-01T19:12:38Z,2026-10-01T19:12:38Z,
PAAS,ok,1,2026-10-01T19:12:39Z,2026-10-01T19:12:39Z,
PAC,ok,1,2026-10-01T19:12:39Z,2026-10-01T19:12:39Z,
PACB,ok,1,2026-10-01T19:12:40Z,2026-10-01T19:12:40Z,
PACH,ok,1,2026-10-01T19:12:40Z,2026-10-01T19:12:40Z,
PACK,ok,1,2026-10-01T19:12:41Z,2026-10-01T19:12:41Z,
PACS,ok,1,2026-10-01T19:12:41Z,2026-10-01T19:12:41Z,
PAG,ok,1,2026-10-01T19:12:42Z,2026-10-01T19:12:42Z,
PAGP,ok,1,2026-10-01T19:12:42Z,2026-10-01T19:12:42Z,
PAGS,ok,1,2026-10-01T19:12:43Z,2026-10-01T19:12:43Z,
PAHC,ok,1,2026-10-01T19:12:43Z,2026-10-01T19:12:43Z,
PAI,ok,1,2026-10-01T19:12:44Z,2026-10-01T19:12:44Z,
PAII,ok,1,2026-10-01T19:12:44Z,2026-10-01T19:12:44Z,
PAL,ok,1,2026-10-01T19:12:45Z,2026-10-01T19:12:45Z,
PALI,ok,1,2026-10-01T19:12:45Z,2026-10-01T19:12:45Z,
PALO,ok,1,2026-10-01T19:12:46Z,2026-10-01T19:12:46Z,
PAM,ok,1,2026-10-01T19:12:46Z,2026-10-01T19:12:46Z,
PAMT,ok,1,2026-10-01T19:12:47Z,2026-10-01T19:12:47Z,
PANL,ok,1,2026-10-01T19:12:47Z,2026-10-01T19:12:47Z,
PANW,ok,1,2026-10-01T19:12:48Z,2026-10-01T19:12:48Z,
PAPL,ok,1,2026-10-01T19:12:48Z,2026-10-01T19:12:48Z,
PAR,ok,1,2026-10-01T19:12:49Z,2026-10-01T19:12:49Z,
PARA,ok,1,2026-10-01T19:12:49Z,2026-10-01T19:12:49Z,
PARK,ok,1,2026-10-01T19:12:50Z,2026-10-01T19:12:50Z,
PARR,ok,1,2026-10-01T19:12:50Z,2026-10-01T19:12:50Z,
PASG,ok,1,2026-10-01T19:12:51Z,2026-10-01T19:12:51Z,
PASW,ok,1,2026-10-01T19:12:51Z,2026-10-01T19:12:51Z,
PATH,ok,1,2026-10-01T19:12:52Z,2026-10-01T19:12:52Z,
PATK,ok,1,2026-10-01T19:12:52Z,2026-10-01T19:12:52Z,
PAVM,ok,1,2026-10-01T19:12:53Z,2026-10-01T19:12:53Z,
PAVS,ok,1,2026-10-01T19:12:53Z,2026-10-01T19:12:53Z,
PAX,ok,1,2026-10-01T19:12:54Z,2026-10-01T19:12:54Z,
PAXS,ok,1,2026-10-01T19:12:54Z,2026-10-01T19:12:54Z,
PAY,ok,1,2026-10-01T19:12:55Z,2026-10-01T19:12:55Z,
PAYC,ok,1,2026-10-01T19:12:55Z,2026-10-01T19:12:55Z,
PAYO,ok,1,2026-10-01T19:12:56Z,2026-10-01T19:12:56Z,
PAYP,ok,1,2026-10-01T19:12:56Z,2026-10-01T19:12:56Z,
PAYS,ok,1,2026-10-01T19:12:57Z,2026-10-01T19:12:57Z,
PAYX,ok,1,2026-10-01T19:12:57Z,2026-10-01T19:12:57Z,
PB,ok,1,2026-10-01T19:12:58Z,2026-10-01T19:12:58Z,
PBA,ok,1,2026-10-01T19:12:58Z,2026-10-01T19:12:58Z,
PBAM,ok,1,2026-10-01T19:12:59Z,2026-10-01T19:12:59Z,
PBF,ok,1,2026-10-01T19:12:59Z,2026-10-01T19:12:59Z,
PBFS,ok,1,2026-10-01T19:13:00Z,2026-10-01T19:13:00Z,
PBH,ok,1,2026-10-01T19:13:00Z,2026-10-01T19:13:00Z,
PBHC,ok,1,2026-10-01T19:13:01Z,2026-10-01T19:13:01Z,
PBI,ok,1,2026-10-01T19:13:01Z,2026-10-01T19:13:01Z,
PBK,ok,1,2026-10-01T19:13:02Z,2026-10-01T19:13:02Z,
PBLS,ok,1,2026-10-01T19:13:02Z,2026-10-01T19:13:02Z,
PBM,ok,1,2026-10-01T19:13:03Z,2026-10-01T19:13:03Z,
PBR,ok,1,2026-10-01T19:13:03Z,2026-10-01T19:13:03Z,
PBR-A,ok,1,2026-10-01T19:13:04Z,2026-10-01T19:13:04Z,
PBT,ok,1,2026-10-01T19:13:04Z,2026-10-01T19:13:04Z,
PBYI,ok,1,2026-10-01T19:13:05Z,2026-10-01T19:13:05Z,
PC,ok,1,2026-10-01T19:13:05Z,2026-10-01T19:13:05Z,
PCAP,ok,1,2026-10-01T19:13:06Z,2026-10-01T19:13:06Z,
PCAR,ok,1,2026-10-01T19:13:06Z,2026-10-01T19:13:06Z,
PCB,ok,1,2026-10-01T19:13:07Z,2026-10-01T19:13:07Z,
PCF,ok,1,2026-10-01T19:13:07Z,2026-10-01T19:13:07Z,
PCG,ok,1,2026-10-01T19:13:08Z,2026-10-01T19:13:08Z,
PCLA,ok,1,2026-10-01T19:13:08Z,2026-10-01T19:13:08Z,
PCM,ok,1,2026-10-01T19:13:09Z,2026-10-01T19:13:09Z,
PCN,ok,1,2026-10-01T19:13:09Z,2026-10-01T19:13:09Z,
PCOR,ok,1,2026-10-01T19:13:10Z,2026-10-01T19:13:10Z,
PCQ,ok,1,2026-10-01T19:13:10Z,2026-10-01T19:13:10Z,
PCRX,ok,1,2026-10-01T19:13:11Z,2026-10-01T19:13:11Z,
PCSA,ok,1,2026-10-01T19:13:11Z,2026-10-01T19:13:11Z,
PCT,ok,1,2026-10-01T19:13:12Z,2026-10-01T19:13:12Z,
PCTY,ok,1,2026-10-01T19:13:12Z,2026-10-01T19:13:12Z,
PCVX,ok,1,2026-10-01T19:13:13Z,2026-10-01T19:13:13Z,
PCYO,ok,1,2026-10-01T19:13:13Z,2026-10-01T19:13:13Z,
PD,ok,1,2026-10-01T19:13:14Z,2026-10-01T19:13:14Z,
PDC,ok,1,2026-10-01T19:13:14Z,2026-10-01T19:13:14Z,
PDCC,ok,1,2026-10-01T19:13:15Z,2026-10-01T19:13:15Z,
PDD,ok,1,2026-10-01T19:13:15Z,2026-10-01T19:13:15Z,
PDEX,ok,1,2026-10-01T19:13:16Z,2026-10-01T19:13:16Z,
PDFS,ok,1,2026-10-01T19:13:16Z,2026-10-01T19:13:16Z,
PDI,ok,1,2026-10-01T19:13:17Z,2026-10-01T19:13:17Z,
PDLB,ok,1,2026-10-01T19:13:17Z,2026-10-01T19:13:17Z,
PDM,ok,1,2026-10-01T19:13:18Z,2026-10-01T19:13:18Z,
PDO,ok,1,2026-10-01T19:13:18Z,2026-10-01T19:13:18Z,
PDS,ok,1,2026-10-01T19:13:19Z,2026-10-01T19:13:19Z,
PDSB,ok,1,2026-10-01T19:13:19Z,2026-10-01T19:13:19Z,
PDT,ok,1,2026-10-01T19:13:20Z,2026-10-01T19:13:20Z,
PDX,ok,1,2026-10-01T19:13:20Z,2026-10-01T19:13:20Z,
PDYN,ok,1,2026-10-01T19:13:21Z,2026-10-01T19:13:21Z,
PEB,ok,1,2026-10-01T19:13:21Z,2026-10-01T19:13:21Z,
PEBK,ok,1,2026-10-01T19:13:22Z,2026-10-01T19:13:22Z,
PEBO,ok,1,2026-10-01T19:13:22Z,2026-10-01T19:13:22Z,
PECE,ok,1,2026-10-01T19:13:23Z,2026-10-01T19:13:23Z,
PECO,ok,1,2026-10-01T19:13:23Z,2026-10-01T19:13:23Z,
PED,ok,1,2026-10-01T19:13:24Z,2026-10-01T19:13:24Z,
PEG,ok,1,2026-10-01T19:13:24Z,2026-10-01T19:13:24Z,
PEGA,ok,1,2026-10-01T19:13:25Z,2026-10-01T19:13:25Z,
PEN,ok,1,2026-10-01T19:13:25Z,2026-10-01T19:13:25Z,
PENG,ok,1,2026-10-01T19:13:26Z,2026-10-01T19:13:26Z,
PENN,ok,1,2026-10-01T19:13:26Z,2026-10-01T19:13:26Z,
PEO,ok,1,2026-10-01T19:13:27Z,2026-10-01T19:13:27Z,
PEP,ok,1,2026-10-01T19:13:28Z,2026-10-01T19:13:28Z,
PEPG,ok,1,2026-10-01T19:13:28Z,2026-10-01T19:13:28Z,
PERF,ok,1,2026-10-01T19:13:28Z,2026-10-01T19:13:28Z,
PERI,ok,1,2026-10-01T19:13:29Z,2026-10-01T19:13:29Z,
PESI,ok,1,2026-10-01T19:13:29Z,2026-10-01T19:13:29Z,
PETS,ok,1,2026-10-01T19:13:30Z,2026-10-01T19:13:30Z,
PETZ,ok,1,2026-10-01T19:13:30Z,2026-10-01T19:13:30Z,
PEW,ok,1,2026-10-01T19:13:31Z,2026-10-01T19:13:31Z,
PFAI,ok,1,2026-10-01T19:13:31Z,2026-10-01T19:13:31Z,
PFBC,ok,1,2026-10-01T19:13:32Z,2026-10-01T19:13:32Z,
PFE,ok,1,2026-10-01T19:13:32Z,2026-10-01T19:13:32Z,
PFG,ok,1,2026-10-01T19:13:33Z,2026-10-01T19:13:33Z,
PFGC,ok,1,2026-10-01T19:13:33Z,2026-10-01T19:13:33Z,
PFIS,ok,1,2026-10-01T19:13:34Z,2026-10-01T19:13:34Z,
PFL,ok,1,2026-10-01T19:13:34Z,2026-10-01T19:13:34Z,
PFLT,ok,1,2026-10-01T19:13:35Z,2026-10-01T19:13:35Z,
PFN,ok,1,2026-10-01T19:13:35Z,2026-10-01T19:13:35Z,
PFS,ok,1,2026-10-01T19:13:36Z,2026-10-01T19:13:36Z,
PFSA,ok,1,2026-10-01T19:13:36Z,2026-10-01T19:13:36Z,
PFSI,ok,1,2026-10-01T19:13:37Z,2026-10-01T19:13:37Z,
PFX,ok,1,2026-10-01T19:13:37Z,2026-10-01T19:13:37Z,
PG,ok,1,2026-10-01T19:13:38Z,2026-10-01T19:13:38Z,
PGAC,ok,1,2026-10-01T19:13:38Z,2026-10-01T19:13:38Z,
PGC,ok,1,2026-10-01T19:13:39Z,2026-10-01T19:13:39Z,
PGEN,ok,1,2026-10-01T19:13:39Z,2026-10-01T19:13:39Z,
PGNY,ok,1,2026-10-01T19:13:40Z,2026-10-01T19:13:40Z,
PGP,ok,1,2026-10-01T19:13:40Z,2026-10-01T19:13:40Z,
PGR,ok,1,2026-10-01T19:13:41Z,2026-10-01T19:13:41Z,
PGY,ok,1,2026-10-01T19:13:41Z,2026-10-01T19:13:41Z,
PGZ,ok,1,2026-10-01T19:13:42Z,2026-10-01T19:13:42Z,
PH,ok,1,2026-10-01T19:13:42Z,2026-10-01T19:13:42Z,
PHAR,ok,1,2026-10-01T19:13:43Z,2026-10-01T19:13:43Z,
PHAT,ok,1,2026-10-01T19:13:43Z,2026-10-01T19:13:43Z,
PHG,ok,1,2026-10-01T19:13:44Z,2026-10-01T19:13:44Z,
PHI,ok,1,2026-10-01T19:13:44Z,2026-10-01T19:13:44Z,
PHIN,ok,1,2026-10-01T19:13:45Z,2026-10-01T19:13:45Z,
PHIO,ok,1,2026-10-01T19:13:45Z,2026-10-01T19:13:45Z,
PHK,ok,1,2026-10-01T19:13:46Z,2026-10-01T19:13:46Z,
PHM,ok,1,2026-10-01T19:13:46Z,2026-10-01T19:13:46Z,
PHOE,ok,1,2026-10-01T19:13:47Z,2026-10-01T19:13:47Z,
PHOS,ok,1,2026-10-01T19:13:47Z,2026-10-01T19:13:47Z,
PHR,ok,1,2026-10-01T19:13:48Z,2026-10-01T19:13:48Z,
PHUN,ok,1,2026-10-01T19:13:48Z,2026-10-01T19:13:48Z,
PHVS,ok,1,2026-10-01T19:13:49Z,2026-10-01T19:13:49Z,
PI,ok,1,2026-10-01T19:13:49Z,2026-10-01T19:13:49Z,
PICS,ok,1,2026-10-01T19:13:50Z,2026-10-01T19:13:50Z,
PII,ok,1,2026-10-01T19:13:50Z,2026-10-01T19:13:50Z,
PIII,ok,1,2026-10-01T19:13:51Z,2026-10-01T19:13:51Z,
PIM,ok,1,2026-10-01T19:13:51Z,2026-10-01T19:13:51Z,
PINE,ok,1,2026-10-01T19:13:52Z,2026-10-01T19:13:52Z,
PINS,ok,1,2026-10-01T19:13:52Z,2026-10-01T19:13:52Z,
PIPR,ok,1,2026-10-01T19:13:53Z,2026-10-01T19:13:53Z,
PJT,ok,1,2026-10-01T19:13:53Z,2026-10-01T19:13:53Z,
PK,ok,1,2026-10-01T19:13:54Z,2026-10-01T19:13:54Z,
PKBK,ok,1,2026-10-01T19:13:54Z,2026-10-01T19:13:54Z,
PKE,ok,1,2026-10-01T19:13:55Z,2026-10-01T19:13:55Z,
PKG,ok,1,2026-10-01T19:13:55Z,2026-10-01T19:13:55Z,
PKOH,ok,1,2026-10-01T19:13:56Z,2026-10-01T19:13:56Z,
PKX,ok,1,2026-10-01T19:13:56Z,2026-10-01T19:13:56Z,
PL,ok,1,2026-10-01T19:13:57Z,2026-10-01T19:13:57Z,
PLAB,ok,1,2026-10-01T19:13:57Z,2026-10-01T19:13:57Z,
PLAG,ok,1,2026-10-01T19:13:58Z,2026-10-01T19:13:58Z,
PLAY,ok,1,2026-10-01T19:13:58Z,2026-10-01T19:13:58Z,
PLBC,ok,1,2026-10-01T19:13:59Z,2026-10-01T19:13:59Z,
PLBL,ok,1,2026-10-01T19:13:59Z,2026-10-01T19:13:59Z,
PLBY,ok,1,2026-10-01T19:14:00Z,2026-10-01T19:14:00Z,
PLCE,ok,1,2026-10-01T19:14:00Z,2026-10-01T19:14:00Z,
PLCI,ok,1,2026-10-01T19:14:01Z,2026-10-01T19:14:01Z,
PLD,ok,1,2026-10-01T19:14:01Z,2026-10-01T19:14:01Z,
PLG,ok,1,2026-10-01T19:14:02Z,2026-10-01T19:14:02Z,
PLGO,ok,1,2026-10-01T19:14:02Z,2026-10-01T19:14:02Z,
PLMK,ok,1,2026-10-01T19:14:03Z,2026-10-01T19:14:03Z,
PLMR,ok,1,2026-10-01T19:14:03Z,2026-10-01T19:14:03Z,
PLNT,ok,1,2026-10-01T19:14:04Z,2026-10-01T19:14:04Z,
PLOW,ok,1,2026-10-01T19:14:04Z,2026-10-01T19:14:04Z,
PLPC,ok,1,2026-10-01T19:14:05Z,2026-10-01T19:14:05Z,
PLRX,ok,1,2026-10-01T19:14:05Z,2026-10-01T19:14:05Z,
PLRZ,ok,1,2026-10-01T19:14:06Z,2026-10-01T19:14:06Z,
PLSE,ok,1,2026-10-01T19:14:06Z,2026-10-01T19:14:06Z,
PLSM,ok,1,2026-10-01T19:14:07Z,2026-10-01T19:14:07Z,
PLTK,ok,1,2026-10-01T19:14:07Z,2026-10-01T19:14:07Z,
PLTR,ok,1,2026-10-01T19:14:08Z,2026-10-01T19:14:08Z,
PLUG,ok,1,2026-10-01T19:14:08Z,2026-10-01T19:14:08Z,
PLUN,ok,1,2026-10-01T19:14:09Z,2026-10-01T19:14:09Z,
PLUR,ok,1,2026-10-01T19:14:09Z,2026-10-01T19:14:09Z,
PLUS,ok,1,2026-10-01T19:14:10Z,2026-10-01T19:14:10Z,
PLUT,ok,1,2026-10-01T19:14:10Z,2026-10-01T19:14:10Z,
PLX,ok,1,2026-10-01T19:14:11Z,2026-10-01T19:14:11Z,
PLXS,ok,1,2026-10-01T19:14:11Z,2026-10-01T19:14:11Z,
PLYX,ok,1,2026-10-01T19:14:12Z,2026-10-01T19:14:12Z,
PM,ok,1,2026-10-01T19:14:12Z,2026-10-01T19:14:12Z,
PMA,ok,1,2026-10-01T19:14:13Z,2026-10-01T19:14:13Z,
PMAX,ok,1,2026-10-01T19:14:13Z,2026-10-01T19:14:13Z,
PMCB,ok,1,2026-10-01T19:14:14Z,2026-10-01T19:14:14Z,
PMEC,ok,1,2026-10-01T19:14:15Z,2026-10-01T19:14:15Z,
PMI,ok,1,2026-10-01T19:14:15Z,2026-10-01T19:14:15Z,
PML,ok,1,2026-10-01T19:14:15Z,2026-10-01T19:14:15Z,
PMM,ok,1,2026-10-01T19:14:16Z,2026-10-01T19:14:16Z,
PMN,ok,1,2026-10-01T19:14:16Z,2026-10-01T19:14:16Z,
PMO,ok,1,2026-10-01T19:14:17Z,2026-10-01T19:14:17Z,
PMT,ok,1,2026-10-01T19:14:17Z,2026-10-01T19:14:17Z,
PMTR,ok,1,2026-10-01T19:14:18Z,2026-10-01T19:14:18Z,
PMTS,ok,1,2026-10-01T19:14:18Z,2026-10-01T19:14:18Z,
PMVP,ok,1,2026-10-01T19:14:19Z,2026-10-01T19:14:19Z,
PN,ok,1,2026-10-01T19:14:19Z,2026-10-01T19:14:19Z,
PNAQ,ok,1,2026-10-01T19:14:20Z,2026-10-01T19:14:20Z,
PNBK,ok,1,2026-10-01T19:14:20Z,2026-10-01T19:14:20Z,
PNC,ok,1,2026-10-01T19:14:21Z,2026-10-01T19:14:21Z,
PNFP,ok,1,2026-10-01T19:14:21Z,2026-10-01T19:14:21Z,
PNI,ok,1,2026-10-01T19:14:22Z,2026-10-01T19:14:22Z,
PNNT,ok,1,2026-10-01T19:14:22Z,2026-10-01T19:14:22Z,
PNR,ok,1,2026-10-01T19:14:23Z,2026-10-01T19:14:23Z,
PNRG,ok,1,2026-10-01T19:14:23Z,2026-10-01T19:14:23Z,
PNTG,ok,1,2026-10-01T19:14:24Z,2026-10-01T19:14:24Z,
PNW,ok,1,2026-10-01T19:14:24Z,2026-10-01T19:14:24Z,
POAS,ok,1,2026-10-01T19:14:25Z,2026-10-01T19:14:25Z,
POCI,ok,1,2026-10-01T19:14:25Z,2026-10-01T19:14:25Z,
PODC,ok,1,2026-10-01T19:14:26Z,2026-10-01T19:14:26Z,
PODD,ok,1,2026-10-01T19:14:26Z,2026-10-01T19:14:26Z,
POET,ok,1,2026-10-01T19:14:27Z,2026-10-01T19:14:27Z,
POLA,ok,1,2026-10-01T19:14:27Z,2026-10-01T19:14:27Z,
POLE,ok,1,2026-10-01T19:14:28Z,2026-10-01T19:14:28Z,
POM,ok,1,2026-10-01T19:14:28Z,2026-10-01T19:14:28Z,
PONO,ok,1,2026-10-01T19:14:29Z,2026-10-01T19:14:29Z,
PONY,ok,1,2026-10-01T19:14:29Z,2026-10-01T19:14:29Z,
POOL,ok,1,2026-10-01T19:14:30Z,2026-10-01T19:14:30Z,
POR,ok,1,2026-10-01T19:14:30Z,2026-10-01T19:14:30Z,
POST,ok,1,2026-10-01T19:14:31Z,2026-10-01T19:14:31Z,
POWI,ok,1,2026-10-01T19:14:31Z,2026-10-01T19:14:31Z,
POWL,ok,1,2026-10-01T19:14:32Z,2026-10-01T19:14:32Z,
POWW,ok,1,2026-10-01T19:14:32Z,2026-10-01T19:14:32Z,
PPBT,ok,1,2026-10-01T19:14:33Z,2026-10-01T19:14:33Z,
PPC,ok,1,2026-10-01T19:14:33Z,2026-10-01T19:14:33Z,
PPCB,ok,1,2026-10-01T19:14:34Z,2026-10-01T19:14:34Z,
PPG,ok,1,2026-10-01T19:14:34Z,2026-10-01T19:14:34Z,
PPHC,ok,1,2026-10-01T19:14:35Z,2026-10-01T19:14:35Z,
PPIH,ok,1,2026-10-01T19:14:35Z,2026-10-01T19:14:35Z,
PPL,ok,1,2026-10-01T19:14:36Z,2026-10-01T19:14:36Z,
PPLI,ok,1,2026-10-01T19:14:36Z,2026-10-01T19:14:36Z,
PPSI,ok,1,2026-10-01T19:14:37Z,2026-10-01T19:14:37Z,
PPT,ok,1,2026-10-01T19:14:37Z,2026-10-01T19:14:37Z,
PPTA,ok,1,2026-10-01T19:14:38Z,2026-10-01T19:14:38Z,
PR,ok,1,2026-10-01T19:14:38Z,2026-10-01T19:14:38Z,
PRAA,ok,1,2026-10-01T19:14:39Z,2026-10-01T19:14:39Z,
PRAX,ok,1,2026-10-01T19:14:39Z,2026-10-01T19:14:39Z,
PRCH,ok,1,2026-10-01T19:14:40Z,2026-10-01T19:14:40Z,
PRCT,ok,1,2026-10-01T19:14:40Z,2026-10-01T19:14:40Z,
PRDO,ok,1,2026-10-01T19:14:41Z,2026-10-01T19:14:41Z,
PRE,ok,1,2026-10-01T19:14:41Z,2026-10-01T19:14:41Z,
PRFX,ok,1,2026-10-01T19:14:42Z,2026-10-01T19:14:42Z,
PRG,ok,1,2026-10-01T19:14:42Z,2026-10-01T19:14:42Z,
PRGO,ok,1,2026-10-01T19:14:43Z,2026-10-01T19:14:43Z,
PRGS,ok,1,2026-10-01T19:14:43Z,2026-10-01T19:14:43Z,
PRHI,ok,1,2026-10-01T19:14:44Z,2026-10-01T19:14:44Z,
PRI,ok,1,2026-10-01T19:14:44Z,2026-10-01T19:14:44Z,
PRIM,ok,1,2026-10-01T19:14:45Z,2026-10-01T19:14:45Z,
PRK,ok,1,2026-10-01T19:14:45Z,2026-10-01T19:14:45Z,
PRKS,ok,1,2026-10-01T19:14:46Z,2026-10-01T19:14:46Z,
PRLB,ok,1,2026-10-01T19:14:46Z,2026-10-01T19:14:46Z,
PRLD,ok,1,2026-10-01T19:14:47Z,2026-10-01T19:14:47Z,
PRM,ok,1,2026-10-01T19:14:47Z,2026-10-01T19:14:47Z,
PRMB,ok,1,2026-10-01T19:14:48Z,2026-10-01T19:14:48Z,
PRME,ok,1,2026-10-01T19:14:48Z,2026-10-01T19:14:48Z,
PROF,ok,1,2026-10-01T19:14:49Z,2026-10-01T19:14:49Z,
PROK,ok,1,2026-10-01T19:14:49Z,2026-10-01T19:14:49Z,
PROP,ok,1,2026-10-01T19:14:50Z,2026-10-01T19:14:50Z,
PROV,ok,1,2026-10-01T19:14:50Z,2026-10-01T19:14:50Z,
PRPL,ok,1,2026-10-01T19:14:51Z,2026-10-01T19:14:51Z,
PRPO,ok,1,2026-10-01T19:14:51Z,2026-10-01T19:14:51Z,
PRQR,ok,1,2026-10-01T19:14:52Z,2026-10-01T19:14:52Z,
PRSO,ok,1,2026-10-01T19:14:52Z,2026-10-01T19:14:52Z,
PRSU,ok,1,2026-10-01T19:14:53Z,2026-10-01T19:14:53Z,
PRTA,ok,1,2026-10-01T19:14:53Z,2026-10-01T19:14:53Z,
PRTH,ok,1,2026-10-01T19:14:54Z,2026-10-01T19:14:54Z,
PRTS,ok,1,2026-10-01T19:14:54Z,2026-10-01T19:14:54Z,
PRU,ok,1,2026-10-01T19:14:55Z,2026-10-01T19:14:55Z,
PRVA,ok,1,2026-10-01T19:14:55Z,2026-10-01T19:14:55Z,
PRZO,ok,1,2026-10-01T19:14:56Z,2026-10-01T19:14:56Z,
PS,ok,1,2026-10-01T19:14:56Z,2026-10-01T19:14:56Z,
PSA,ok,1,2026-10-01T19:14:57Z,2026-10-01T19:14:57Z,
PSBD,ok,1,2026-10-01T19:14:57Z,2026-10-01T19:14:57Z,
PSEC,ok,1,2026-10-01T19:14:58Z,2026-10-01T19:14:58Z,
PSF,ok,1,2026-10-01T19:14:58Z,2026-10-01T19:14:58Z,
PSFE,ok,1,2026-10-01T19:14:59Z,2026-10-01T19:14:59Z,
PSHG,ok,1,2026-10-01T19:14:59Z,2026-10-01T19:14:59Z,
PSIG,ok,1,2026-10-01T19:15:00Z,2026-10-01T19:15:00Z,
PSIX,ok,1,2026-10-01T19:15:00Z,2026-10-01T19:15:00Z,
PSKY,ok,1,2026-10-01T19:15:01Z,2026-10-01T19:15:01Z,
PSMT,ok,1,2026-10-01T19:15:01Z,2026-10-01T19:15:01Z,
PSN,ok,1,2026-10-01T19:15:02Z,2026-10-01T19:15:02Z,
PSNL,ok,1,2026-10-01T19:15:02Z,2026-10-01T19:15:02Z,
PSNY,ok,1,2026-10-01T19:15:03Z,2026-10-01T19:15:03Z,
PSNYW,ok,1,2026-10-01T19:15:03Z,2026-10-01T19:15:03Z,
PSO,ok,1,2026-10-01T19:15:04Z,2026-10-01T19:15:04Z,
PSQH,ok,1,2026-10-01T19:15:04Z,2026-10-01T19:15:04Z,
PSQL,ok,1,2026-10-01T19:15:05Z,2026-10-01T19:15:05Z,
PSTL,ok,1,2026-10-01T19:15:05Z,2026-10-01T19:15:05Z,
PSUS,ok,1,2026-10-01T19:15:06Z,2026-10-01T19:15:06Z,
PSX,ok,1,2026-10-01T19:15:06Z,2026-10-01T19:15:06Z,
PTA,ok,1,2026-10-01T19:15:07Z,2026-10-01T19:15:07Z,
PTAC,ok,1,2026-10-01T19:15:07Z,2026-10-01T19:15:07Z,
PTC,ok,1,2026-10-01T19:15:08Z,2026-10-01T19:15:08Z,
PTCT,ok,1,2026-10-01T19:15:08Z,2026-10-01T19:15:08Z,
PTEN,ok,1,2026-10-01T19:15:09Z,2026-10-01T19:15:09Z,
PTGX,ok,1,2026-10-01T19:15:10Z,2026-10-01T19:15:10Z,
PTHS,ok,1,2026-10-01T19:15:10Z,2026-10-01T19:15:10Z,
PTLE,ok,1,2026-10-01T19:15:10Z,2026-10-01T19:15:10Z,
PTLO,ok,1,2026-10-01T19:15:11Z,2026-10-01T19:15:11Z,
PTN,ok,1,2026-10-01T19:15:11Z,2026-10-01T19:15:11Z,
PTON,ok,1,2026-10-01T19:15:12Z,2026-10-01T19:15:12Z,
PTOR,ok,1,2026-10-01T19:15:12Z,2026-10-01T19:15:12Z,
PTRN,ok,1,2026-10-01T19:15:13Z,2026-10-01T19:15:13Z,
PTY,ok,1,2026-10-01T19:15:13Z,2026-10-01T19:15:13Z,
PUBM,ok,1,2026-10-01T19:15:14Z,2026-10-01T19:15:14Z,
PUK,ok,1,2026-10-01T19:15:14Z,2026-10-01T19:15:14Z,
PULM,ok,1,2026-10-01T19:15:15Z,2026-10-01T19:15:15Z,
PUMP,ok,1,2026-10-01T19:15:15Z,2026-10-01T19:15:15Z,
PURR,ok,1,2026-10-01T19:15:16Z,2026-10-01T19:15:16Z,
PUSA,ok,1,2026-10-01T19:15:16Z,2026-10-01T19:15:16Z,
PVH,ok,1,2026-10-01T19:15:17Z,2026-10-01T19:15:17Z,
PVLA,ok,1,2026-10-01T19:15:17Z,2026-10-01T19:15:17Z,
PW,ok,1,2026-10-01T19:15:18Z,2026-10-01T19:15:18Z,
PWCM,ok,1,2026-10-01T19:15:18Z,2026-10-01T19:15:18Z,
PWP,ok,1,2026-10-01T19:15:19Z,2026-10-01T19:15:19Z,
PWR,ok,1,2026-10-01T19:15:19Z,2026-10-01T19:15:19Z,
PWRL,ok,1,2026-10-01T19:15:20Z,2026-10-01T19:15:20Z,
PXED,ok,1,2026-10-01T19:15:20Z,2026-10-01T19:15:20Z,
PXLW,ok,1,2026-10-01T19:15:21Z,2026-10-01T19:15:21Z,
PXS,ok,1,2026-10-01T19:15:21Z,2026-10-01T19:15:21Z,
PYPD,ok,1,2026-10-01T19:15:22Z,2026-10-01T19:15:22Z,
PYPL,ok,1,2026-10-01T19:15:22Z,2026-10-01T19:15:22Z,
PYT,ok,1,2026-10-01T19:15:23Z,2026-10-01T19:15:23Z,
PYXS,ok,1,2026-10-01T19:15:23Z,2026-10-01T19:15:23Z,
PZG,ok,1,2026-10-01T19:15:24Z,2026-10-01T19:15:24Z,
PZZA,ok,1,2026-10-01T19:15:24Z,2026-10-01T19:15:24Z,
Q,ok,1,2026-10-01T19:15:25Z,2026-10-01T19:15:25Z,
QADR,ok,1,2026-10-01T19:15:25Z,2026-10-01T19:15:25Z,
QBTS,ok,1,2026-10-01T19:15:26Z,2026-10-01T19:15:26Z,
QCLS,ok,1,2026-10-01T19:15:26Z,2026-10-01T19:15:26Z,
QCOM,ok,1,2026-10-01T19:15:27Z,2026-10-01T19:15:27Z,
QCRH,ok,1,2026-10-01T19:15:27Z,2026-10-01T19:15:27Z,
QDEL,ok,1,2026-10-01T19:15:28Z,2026-10-01T19:15:28Z,
QETA,ok,1,2026-10-01T19:15:28Z,2026-10-01T19:15:28Z,
QFIN,ok,1,2026-10-01T19:15:29Z,2026-10-01T19:15:29Z,
QGEN,ok,1,2026-10-01T19:15:29Z,2026-10-01T19:15:29Z,
QH,ok,1,2026-10-01T19:15:30Z,2026-10-01T19:15:30Z,
QLEP,ok,1,2026-10-01T19:15:30Z,2026-10-01T19:15:30Z,
QLYS,ok,1,2026-10-01T19:15:31Z,2026-10-01T19:15:31Z,
QMCO,ok,1,2026-10-01T19:15:31Z,2026-10-01T19:15:31Z,
QMLS,ok,1,2026-10-01T19:15:32Z,2026-10-01T19:15:32Z,
QNBC,ok,1,2026-10-01T19:15:32Z,2026-10-01T19:15:32Z,
QNC,ok,1,2026-10-01T19:15:33Z,2026-10-01T19:15:33Z,
QNCX,ok,1,2026-10-01T19:15:33Z,2026-10-01T19:15:33Z,
QNME,ok,1,2026-10-01T19:15:34Z,2026-10-01T19:15:34Z,
QNRX,ok,1,2026-10-01T19:15:34Z,2026-10-01T19:15:34Z,
QNST,ok,1,2026-10-01T19:15:35Z,2026-10-01T19:15:35Z,
QNT,ok,1,2026-10-01T19:15:36Z,2026-10-01T19:15:36Z,
QNTM,ok,1,2026-10-01T19:15:36Z,2026-10-01T19:15:36Z,
QQQX,ok,1,2026-10-01T19:15:36Z,2026-10-01T19:15:36Z,
QRED,ok,1,2026-10-01T19:15:37Z,2026-10-01T19:15:37Z,
QRHC,ok,1,2026-10-01T19:15:37Z,2026-10-01T19:15:37Z,
QRVO,ok,1,2026-10-01T19:15:38Z,2026-10-01T19:15:38Z,
QS,ok,1,2026-10-01T19:15:38Z,2026-10-01T19:15:38Z,
QSEA,ok,1,2026-10-01T19:15:39Z,2026-10-01T19:15:39Z,
QSI,ok,1,2026-10-01T19:15:39Z,2026-10-01T19:15:39Z,
QSR,ok,1,2026-10-01T19:15:40Z,2026-10-01T19:15:40Z,
QTEX,ok,1,2026-10-01T19:15:40Z,2026-10-01T19:15:40Z,
QTI,ok,1,2026-10-01T19:15:41Z,2026-10-01T19:15:41Z,
QTRX,ok,1,2026-10-01T19:15:41Z,2026-10-01T19:15:41Z,
QTTB,ok,1,2026-10-01T19:15:42Z,2026-10-01T19:15:42Z,
QTWO,ok,1,2026-10-01T19:15:42Z,2026-10-01T19:15:42Z,
QUAD,ok,1,2026-10-01T19:15:43Z,2026-10-01T19:15:43Z,
QUBT,ok,1,2026-10-01T19:15:43Z,2026-10-01T19:15:43Z,
QUCY,ok,1,2026-10-01T19:15:44Z,2026-10-01T19:15:44Z,
QUIK,ok,1,2026-10-01T19:15:44Z,2026-10-01T19:15:44Z,
QUMS,ok,1,2026-10-01T19:15:45Z,2026-10-01T19:15:45Z,
QURE,ok,1,2026-10-01T19:15:45Z,2026-10-01T19:15:45Z,
QVCG,ok,1,2026-10-01T19:15:46Z,2026-10-01T19:15:46Z,
QXL,ok,1,2026-10-01T19:15:46Z,2026-10-01T19:15:46Z,
QXO,ok,1,2026-10-01T19:15:47Z,2026-10-01T19:15:47Z,
R,ok,1,2026-10-01T19:15:47Z,2026-10-01T19:15:47Z,
RA,ok,1,2026-10-01T19:15:48Z,2026-10-01T19:15:48Z,
RAC,ok,1,2026-10-01T19:15:48Z,2026-10-01T19:15:48Z,
RACC,ok,1,2026-10-01T19:15:49Z,2026-10-01T19:15:49Z,
RACD,ok,1,2026-10-01T19:15:49Z,2026-10-01T19:15:49Z,
RACE,ok,1,2026-10-01T19:15:50Z,2026-10-01T19:15:50Z,
RADX,ok,1,2026-10-01T19:15:50Z,2026-10-01T19:15:50Z,
RAIL,ok,1,2026-10-01T19:15:51Z,2026-10-01T19:15:51Z,
RAIN,ok,1,2026-10-01T19:15:51Z,2026-10-01T19:15:51Z,
RAL,ok,1,2026-10-01T19:15:52Z,2026-10-01T19:15:52Z,
RAMP,ok,1,2026-10-01T19:15:52Z,2026-10-01T19:15:52Z,
RAND,ok,1,2026-10-01T19:15:53Z,2026-10-01T19:15:53Z,
RANG,ok,1,2026-10-01T19:15:53Z,2026-10-01T19:15:53Z,
RANI,ok,1,2026-10-01T19:15:54Z,2026-10-01T19:15:54Z,
RAPP,ok,1,2026-10-01T19:15:54Z,2026-10-01T19:15:54Z,
RARE,ok,1,2026-10-01T19:15:55Z,2026-10-01T19:15:55Z,
RAVE,ok,1,2026-10-01T19:15:55Z,2026-10-01T19:15:55Z,
RAYA,ok,1,2026-10-01T19:15:56Z,2026-10-01T19:15:56Z,
RBA,ok,1,2026-10-01T19:15:56Z,2026-10-01T19:15:56Z,
RBB,ok,1,2026-10-01T19:15:57Z,2026-10-01T19:15:57Z,
RBBN,ok,1,2026-10-01T19:15:57Z,2026-10-01T19:15:57Z,
RBC,ok,1,2026-10-01T19:15:58Z,2026-10-01T19:15:58Z,
RBCAA,ok,1,2026-10-01T19:15:58Z,2026-10-01T19:15:58Z,
RBKB,ok,1,2026-10-01T19:15:59Z,2026-10-01T19:15:59Z,
RBLX,ok,1,2026-10-01T19:15:59Z,2026-10-01T19:15:59Z,
RBNE,ok,1,2026-10-01T19:16:00Z,2026-10-01T19:16:00Z,
RBRK,ok,1,2026-10-01T19:16:00Z,2026-10-01T19:16:00Z,
RC,ok,1,2026-10-01T19:16:01Z,2026-10-01T19:16:01Z,
RCAT,ok,1,2026-10-01T19:16:01Z,2026-10-01T19:16:01Z,
RCBC,ok,1,2026-10-01T19:16:02Z,2026-10-01T19:16:02Z,
RCEL,ok,1,2026-10-01T19:16:02Z,2026-10-01T19:16:02Z,
RCG,ok,1,2026-10-01T19:16:03Z,2026-10-01T19:16:03Z,
RCI,ok,1,2026-10-01T19:16:03Z,2026-10-01T19:16:03Z,
RCKT,ok,1,2026-10-01T19:16:04Z,2026-10-01T19:16:04Z,
RCKY,ok,1,2026-10-01T19:16:04Z,2026-10-01T19:16:04Z,
RCL,ok,1,2026-10-01T19:16:05Z,2026-10-01T19:16:05Z,
RCMT,ok,1,2026-10-01T19:16:05Z,2026-10-01T19:16:05Z,
RCON,ok,1,2026-10-01T19:16:06Z,2026-10-01T19:16:06Z,
RCS,ok,1,2026-10-01T19:16:06Z,2026-10-01T19:16:06Z,
RCT,ok,1,2026-10-01T19:16:07Z,2026-10-01T19:16:07Z,
RCUS,ok,1,2026-10-01T19:16:07Z,2026-10-01T19:16:07Z,
RDAC,ok,1,2026-10-01T19:16:08Z,2026-10-01T19:16:08Z,
RDAG,ok,1,2026-10-01T19:16:08Z,2026-10-01T19:16:08Z,
RDCM,ok,1,2026-10-01T19:16:09Z,2026-10-01T19:16:09Z,
RDDT,ok,1,2026-10-01T19:16:09Z,2026-10-01T19:16:09Z,
RDGT,ok,1,2026-10-01T19:16:10Z,2026-10-01T19:16:10Z,
RDHL,ok,1,2026-10-01T19:16:10Z,2026-10-01T19:16:10Z,
RDI,ok,1,2026-10-01T19:16:11Z,2026-10-01T19:16:11Z,
RDIB,ok,1,2026-10-01T19:16:11Z,2026-10-01T19:16:11Z,
RDN,ok,1,2026-10-01T19:16:12Z,2026-10-01T19:16:12Z,
RDNT,ok,1,2026-10-01T19:16:12Z,2026-10-01T19:16:12Z,
RDNW,ok,1,2026-10-01T23:26:12Z,2026-10-01T23:26:12Z,
RDVT,ok,1,2026-10-01T23:26:13Z,2026-10-01T23:26:13Z,
RDW,ok,1,2026-10-01T23:26:14Z,2026-10-01T23:26:14Z,
RDWR,ok,1,2026-10-01T23:26:15Z,2026-10-01T23:26:15Z,
RDY,ok,1,2026-10-01T23:26:16Z,2026-10-01T23:26:16Z,
RDZN,ok,1,2026-10-01T23:26:17Z,2026-10-01T23:26:17Z,
REA,ok,1,2026-10-01T23:26:19Z,2026-10-01T23:26:19Z,
REAL,ok,1,2026-10-01T23:26:19Z,2026-10-01T23:26:19Z,
REAX,ok,1,2026-10-01T23:26:20Z,2026-10-01T23:26:20Z,
REBN,ok,1,2026-10-01T23:26:22Z,2026-10-01T23:26:22Z,
RECT,ok,1,2026-10-01T23:26:16Z,2026-10-01T23:26:16Z,
REED,ok,1,2026-10-01T23:26:17Z,2026-10-01T23:26:17Z,
REF,ok,1,2026-10-01T23:26:17Z,2026-10-01T23:26:17Z,
REFI,ok,1,2026-10-01T23:26:17Z,2026-10-01T23:26:17Z,
REFR,ok,1,2026-10-01T23:26:18Z,2026-10-01T23:26:18Z,
REG,ok,1,2026-10-01T23:26:18Z,2026-10-01T23:26:18Z,
REGN,ok,1,2026-10-01T23:26:19Z,2026-10-01T23:26:19Z,
REI,ok,1,2026-10-01T23:26:19Z,2026-10-01T23:26:19Z,
REKR,ok,1,2026-10-01T23:26:20Z,2026-10-01T23:26:20Z,
RELL,ok,1,2026-10-01T23:26:20Z,2026-10-01T23:26:20Z,
RELX,ok,1,2026-10-01T23:26:21Z,2026-10-01T23:26:21Z,
RELY,ok,1,2026-10-01T23:26:21Z,2026-10-01T23:26:21Z,
RENT,ok,1,2026-10-01T23:26:22Z,2026-10-01T23:26:22Z,
RENX,ok,1,2026-10-01T23:26:22Z,2026-10-01T23:26:22Z,
REPL,ok,1,2026-10-01T23:26:23Z,2026-10-01T23:26:23Z,
REPX,ok,1,2026-10-01T23:26:24Z,2026-10-01T23:26:24Z,
RERE,ok,1,2026-10-01T23:26:24Z,2026-10-01T23:26:24Z,
RES,ok,1,2026-10-01T23:26:24Z,2026-10-01T23:26:24Z,
RETO,ok,1,2026-10-01T23:26:25Z,2026-10-01T23:26:25Z,
REVB,ok,1,2026-10-01T23:26:25Z,2026-10-01T23:26:25Z,
REX,ok,1,2026-10-01T23:26:26Z,2026-10-01T23:26:26Z,
REXR,ok,1,2026-10-01T23:26:26Z,2026-10-01T23:26:26Z,
REYN,ok,1,2026-10-01T23:26:27Z,2026-10-01T23:26:27Z,
REZI,ok,1,2026-10-01T23:26:27Z,2026-10-01T23:26:27Z,
RF,ok,1,2026-10-01T23:26:28Z,2026-10-01T23:26:28Z,
RFAI,ok,1,2026-10-01T23:26:28Z,2026-10-01T23:26:28Z,
RFAM,ok,1,2026-10-01T23:26:29Z,2026-10-01T23:26:29Z,
RFI,ok,1,2026-10-01T23:26:29Z,2026-10-01T23:26:29Z,
RFIL,ok,1,2026-10-01T23:26:30Z,2026-10-01T23:26:30Z,
RFL,ok,1,2026-10-01T23:26:30Z,2026-10-01T23:26:30Z,
RFM,ok,1,2026-10-01T23:26:31Z,2026-10-01T23:26:31Z,
RFMZ,ok,1,2026-10-01T23:26:31Z,2026-10-01T23:26:31Z,
RGA,ok,1,2026-10-01T23:26:32Z,2026-10-01T23:26:32Z,
RGC,ok,1,2026-10-01T23:26:32Z,2026-10-01T23:26:32Z,
RGCO,ok,1,2026-10-01T23:26:33Z,2026-10-01T23:26:33Z,
RGEN,ok,1,2026-10-01T23:26:33Z,2026-10-01T23:26:33Z,
RGLD,ok,1,2026-10-01T23:26:34Z,2026-10-01T23:26:34Z,
RGNT,ok,1,2026-10-01T23:26:34Z,2026-10-01T23:26:34Z,
RGNX,ok,1,2026-10-01T23:26:35Z,2026-10-01T23:26:35Z,
RGP,ok,1,2026-10-01T23:26:35Z,2026-10-01T23:26:35Z,
RGR,ok,1,2026-10-01T23:26:36Z,2026-10-01T23:26:36Z,
RGS,ok,1,2026-10-01T23:26:37Z,2026-10-01T23:26:37Z,
RGT,ok,1,2026-10-01T23:26:37Z,2026-10-01T23:26:37Z,
RGTI,ok,1,2026-10-01T23:26:37Z,2026-10-01T23:26:37Z,
RH,ok,1,2026-10-01T23:26:38Z,2026-10-01T23:26:38Z,
RHI,ok,1,2026-10-01T23:26:38Z,2026-10-01T23:26:38Z,
RHLD,ok,1,2026-10-01T23:26:39Z,2026-10-01T23:26:39Z,
RHP,ok,1,2026-10-01T23:26:39Z,2026-10-01T23:26:39Z,
RIBB,ok,1,2026-10-01T23:26:40Z,2026-10-01T23:26:40Z,
RICK,ok,1,2026-10-01T23:26:40Z,2026-10-01T23:26:40Z,
RIG,ok,1,2026-10-01T23:26:41Z,2026-10-01T23:26:41Z,
RIGL,ok,1,2026-10-01T23:26:41Z,2026-10-01T23:26:41Z,
RILY,ok,1,2026-10-01T23:26:42Z,2026-10-01T23:26:42Z,
RIME,ok,1,2026-10-01T23:26:42Z,2026-10-01T23:26:42Z,
RIO,ok,1,2026-10-01T23:26:43Z,2026-10-01T23:26:43Z,
RIOT,ok,1,2026-10-01T23:26:43Z,2026-10-01T23:26:43Z,
RITM,ok,1,2026-10-01T23:26:44Z,2026-10-01T23:26:44Z,
RIV,ok,1,2026-10-01T23:26:44Z,2026-10-01T23:26:44Z,
RIVN,ok,1,2026-10-01T23:26:45Z,2026-10-01T23:26:45Z,
RJET,ok,1,2026-10-01T23:26:45Z,2026-10-01T23:26:45Z,
RJF,ok,1,2026-10-01T23:26:46Z,2026-10-01T23:26:46Z,
RKDA,ok,1,2026-10-01T23:26:46Z,2026-10-01T23:26:46Z,
RKLB,ok,1,2026-10-01T23:26:47Z,2026-10-01T23:26:47Z,
RKT,ok,1,2026-10-01T23:26:47Z,2026-10-01T23:26:47Z,
RKTO,ok,1,2026-10-01T23:26:48Z,2026-10-01T23:26:48Z,
RL,ok,1,2026-10-01T23:26:48Z,2026-10-01T23:26:48Z,
RLAY,ok,1,2026-10-01T23:26:49Z,2026-10-01T23:26:49Z,
RLGT,ok,1,2026-10-01T23:26:49Z,2026-10-01T23:26:49Z,
RLI,ok,1,2026-10-01T23:26:50Z,2026-10-01T23:26:50Z,
RLJ,ok,1,2026-10-01T23:26:50Z,2026-10-01T23:26:50Z,
RLMD,ok,1,2026-10-01T23:26:51Z,2026-10-01T23:26:51Z,
RLTY,ok,1,2026-10-01T23:26:51Z,2026-10-01T23:26:51Z,
RLX,ok,1,2026-10-01T23:26:52Z,2026-10-01T23:26:52Z,
RLYB,ok,1,2026-10-01T23:26:52Z,2026-10-01T23:26:52Z,
RM,ok,1,2026-10-01T23:26:53Z,2026-10-01T23:26:53Z,
RMBI,ok,1,2026-10-01T23:26:53Z,2026-10-01T23:26:53Z,
RMBS,ok,1,2026-10-01T23:26:54Z,2026-10-01T23:26:54Z,
RMCF,ok,1,2026-10-01T23:26:54Z,2026-10-01T23:26:54Z,
RMCO,ok,1,2026-10-01T23:26:55Z,2026-10-01T23:26:55Z,
RMD,ok,1,2026-10-01T23:26:55Z,2026-10-01T23:26:55Z,
RMI,ok,1,2026-10-01T23:26:56Z,2026-10-01T23:26:56Z,
RMIX,ok,1,2026-10-01T23:26:56Z,2026-10-01T23:26:56Z,
RML,ok,1,2026-10-01T23:26:57Z,2026-10-01T23:26:57Z,
RMM,ok,1,2026-10-01T23:26:57Z,2026-10-01T23:26:57Z,
RMMZ,ok,1,2026-10-01T23:26:58Z,2026-10-01T23:26:58Z,
RMNI,ok,1,2026-10-01T23:26:58Z,2026-10-01T23:26:58Z,
RMR,ok,1,2026-10-01T23:26:59Z,2026-10-01T23:26:59Z,
RMSG,ok,1,2026-10-01T23:26:59Z,2026-10-01T23:26:59Z,
RMT,ok,1,2026-10-01T23:27:00Z,2026-10-01T23:27:00Z,
RMTI,ok,1,2026-10-01T23:27:00Z,2026-10-01T23:27:00Z,
RNA,ok,1,2026-10-01T23:27:01Z,2026-10-01T23:27:01Z,
RNAC,ok,1,2026-10-01T23:27:01Z,2026-10-01T23:27:01Z,
RNAQ,ok,1,2026-10-01T23:27:02Z,2026-10-01T23:27:02Z,
RNAZ,ok,1,2026-10-01T23:27:02Z,2026-10-01T23:27:02Z,
RNG,ok,1,2026-10-01T23:27:03Z,2026-10-01T23:27:03Z,
RNGR,ok,1,2026-10-01T23:27:03Z,2026-10-01T23:27:03Z,
RNGT,ok,1,2026-10-01T23:27:04Z,2026-10-01T23:27:04Z,
RNP,ok,1,2026-10-01T23:27:04Z,2026-10-01T23:27:04Z,
RNR,ok,1,2026-10-01T23:27:05Z,2026-10-01T23:27:05Z,
RNST,ok,1,2026-10-01T23:27:05Z,2026-10-01T23:27:05Z,
RNTX,ok,1,2026-10-01T23:27:06Z,2026-10-01T23:27:06Z,
RNW,ok,1,2026-10-01T23:27:06Z,2026-10-01T23:27:06Z,
RNXT,ok,1,2026-10-01T23:27:07Z,2026-10-01T23:27:07Z,
ROAD,ok,1,2026-10-01T23:27:08Z,2026-10-01T23:27:08Z,
ROC,ok,1,2026-10-01T23:27:08Z,2026-10-01T23:27:08Z,
ROCK,ok,1,2026-10-01T23:27:08Z,2026-10-01T23:27:08Z,
ROG,ok,1,2026-10-01T23:27:09Z,2026-10-01T23:27:09Z,
ROIV,ok,1,2026-10-01T23:27:09Z,2026-10-01T23:27:09Z,
ROK,ok,1,2026-10-01T23:27:10Z,2026-10-01T23:27:10Z,
ROKU,ok,1,2026-10-01T23:27:10Z,2026-10-01T23:27:10Z,
ROL,ok,1,2026-10-01T23:27:11Z,2026-10-01T23:27:11Z,
ROLR,ok,1,2026-10-01T23:27:11Z,2026-10-01T23:27:11Z,
ROMA,ok,1,2026-10-01T23:27:12Z,2026-10-01T23:27:12Z,
ROOT,ok,1,2026-10-01T23:27:12Z,2026-10-01T23:27:12Z,
ROP,ok,1,2026-10-01T23:27:13Z,2026-10-01T23:27:13Z,
ROST,ok,1,2026-10-01T23:27:13Z,2026-10-01T23:27:13Z,
RPAY,ok,1,2026-10-01T23:27:14Z,2026-10-01T23:27:14Z,
RPC,ok,1,2026-10-01T23:27:14Z,2026-10-01T23:27:14Z,
RPD,ok,1,2026-10-01T23:27:15Z,2026-10-01T23:27:15Z,
RPGL,ok,1,2026-10-01T23:27:15Z,2026-10-01T23:27:15Z,
RPID,ok,1,2026-10-01T23:27:16Z,2026-10-01T23:27:16Z,
RPM,ok,1,2026-10-01T23:27:16Z,2026-10-01T23:27:16Z,
RPRX,ok,1,2026-10-01T23:27:17Z,2026-10-01T23:27:17Z,
RPT,ok,1,2026-10-01T23:27:17Z,2026-10-01T23:27:17Z,
RQI,ok,1,2026-10-01T23:27:18Z,2026-10-01T23:27:18Z,
RR,ok,1,2026-10-01T23:27:19Z,2026-10-01T23:27:19Z,
RRBI,ok,1,2026-10-01T23:27:19Z,2026-10-01T23:27:19Z,
RRC,ok,1,2026-10-01T23:27:19Z,2026-10-01T23:27:19Z,
RREV,ok,1,2026-10-01T23:27:20Z,2026-10-01T23:27:20Z,
RRGB,ok,1,2026-10-01T23:27:20Z,2026-10-01T23:27:20Z,
RRR,ok,1,2026-10-01T23:27:21Z,2026-10-01T23:27:21Z,
RRX,ok,1,2026-10-01T23:27:21Z,2026-10-01T23:27:21Z,
RS,ok,1,2026-10-01T23:27:22Z,2026-10-01T23:27:22Z,
RSF,ok,1,2026-10-01T23:27:22Z,2026-10-01T23:27:22Z,
RSG,ok,1,2026-10-01T23:27:23Z,2026-10-01T23:27:23Z,
RSI,ok,1,2026-10-01T23:27:23Z,2026-10-01T23:27:23Z,
RSKD,ok,1,2026-10-01T23:27:24Z,2026-10-01T23:27:24Z,
RSSS,ok,1,2026-10-01T23:27:24Z,2026-10-01T23:27:24Z,
RSVR,ok,1,2026-10-01T23:27:25Z,2026-10-01T23:27:25Z,
RTAC,ok,1,2026-10-01T23:27:25Z,2026-10-01T23:27:25Z,
RTB,ok,1,2026-10-01T23:27:26Z,2026-10-01T23:27:26Z,
RTO,ok,1,2026-10-01T23:27:26Z,2026-10-01T23:27:26Z,
RTX,ok,1,2026-10-01T23:27:27Z,2026-10-01T23:27:27Z,
RUBI,ok,1,2026-10-01T23:27:27Z,2026-10-01T23:27:27Z,
RUM,ok,1,2026-10-01T23:27:28Z,2026-10-01T23:27:28Z,
RUN,ok,1,2026-10-01T23:27:28Z,2026-10-01T23:27:28Z,
RUSHA,ok,1,2026-10-01T23:27:29Z,2026-10-01T23:27:29Z,
RUSHB,ok,1,2026-10-01T23:27:29Z,2026-10-01T23:27:29Z,
RVI,ok,1,2026-10-01T23:27:30Z,2026-10-01T23:27:30Z,
RVII,ok,1,2026-10-01T23:27:30Z,2026-10-01T23:27:30Z,
RVLV,ok,1,2026-10-01T23:27:31Z,2026-10-01T23:27:31Z,
RVMD,ok,1,2026-10-01T23:27:31Z,2026-10-01T23:27:31Z,
RVP,ok,1,2026-10-01T23:27:32Z,2026-10-01T23:27:32Z,
RVSB,ok,1,2026-10-01T23:27:32Z,2026-10-01T23:27:32Z,
RVSN,ok,1,2026-10-01T23:27:33Z,2026-10-01T23:27:33Z,
RVT,ok,1,2026-10-01T23:27:33Z,2026-10-01T23:27:33Z,
RVTY,ok,1,2026-10-01T23:27:34Z,2026-10-01T23:27:34Z,
RWAY,ok,1,2026-10-01T23:27:34Z,2026-10-01T23:27:34Z,
RWT,ok,1,2026-10-01T23:27:35Z,2026-10-01T23:27:35Z,
RXO,ok,1,2026-10-01T23:27:35Z,2026-10-01T23:27:35Z,
RXRX,ok,1,2026-10-01T23:27:36Z,2026-10-01T23:27:36Z,
RXST,ok,1,2026-10-01T23:27:36Z,2026-10-01T23:27:36Z,
RXT,ok,1,2026-10-01T23:27:37Z,2026-10-01T23:27:37Z,
RY,ok,1,2026-10-01T23:27:37Z,2026-10-01T23:27:37Z,
RYAAY,ok,1,2026-10-01T23:27:38Z,2026-10-01T23:27:38Z,
RYAM,ok,1,2026-10-01T23:27:38Z,2026-10-01T23:27:38Z,
RYAN,ok,1,2026-10-01T23:27:39Z,2026-10-01T23:27:39Z,
RYDE,ok,1,2026-10-01T23:27:39Z,2026-10-01T23:27:39Z,
RYET,ok,1,2026-10-01T23:27:40Z,2026-10-01T23:27:40Z,
RYM,ok,1,2026-10-01T23:27:40Z,2026-10-01T23:27:40Z,
RYN,ok,1,2026-10-01T23:27:41Z,2026-10-01T23:27:41Z,
RYOJ,ok,1,2026-10-01T23:27:41Z,2026-10-01T23:27:41Z,
RYTM,ok,1,2026-10-01T23:27:42Z,2026-10-01T23:27:42Z,
RYZ,ok,1,2026-10-01T23:27:42Z,2026-10-01T23:27:42Z,
RZAI,ok,1,2026-10-01T23:27:43Z,2026-10-01T23:27:43Z,
RZLT,ok,1,2026-10-01T23:27:43Z,2026-10-01T23:27:43Z,
RZLV,ok,1,2026-10-01T23:27:44Z,2026-10-01T23:27:44Z,
S,ok,1,2026-10-01T23:27:44Z,2026-10-01T23:27:44Z,
SA,ok,1,2026-10-01T23:27:45Z,2026-10-01T23:27:45Z,
SAAQ,ok,1,2026-10-01T23:27:45Z,2026-10-01T23:27:45Z,
SABA,ok,1,2026-10-01T23:27:46Z,2026-10-01T23:27:46Z,
SABR,ok,1,2026-10-01T23:27:46Z,2026-10-01T23:27:46Z,
SABS,ok,1,2026-10-01T23:27:47Z,2026-10-01T23:27:47Z,
SAC,ok,1,2026-10-01T23:27:47Z,2026-10-01T23:27:47Z,
SACH,ok,1,2026-10-01T23:27:48Z,2026-10-01T23:27:48Z,
SAFE,ok,1,2026-10-01T23:27:48Z,2026-10-01T23:27:48Z,
SAFT,ok,1,2026-10-01T23:27:49Z,2026-10-01T23:27:49Z,
SAFX,ok,1,2026-10-01T23:27:49Z,2026-10-01T23:27:49Z,
SAGT,ok,1,2026-10-01T23:27:50Z,2026-10-01T23:27:50Z,
SAGU,ok,1,2026-10-01T23:27:50Z,2026-10-01T23:27:50Z,
SAH,ok,1,2026-10-01T23:27:51Z,2026-10-01T23:27:51Z,
SAIA,ok,1,2026-10-01T23:27:52Z,2026-10-01T23:27:52Z,
SAIC,ok,1,2026-10-01T23:27:52Z,2026-10-01T23:27:52Z,
SAIH,ok,1,2026-10-01T23:27:52Z,2026-10-01T23:27:52Z,
SAIL,ok,1,2026-10-01T23:27:53Z,2026-10-01T23:27:53Z,
SAM,ok,1,2026-10-01T23:27:53Z,2026-10-01T23:27:53Z,
SAMG,ok,1,2026-10-01T23:27:54Z,2026-10-01T23:27:54Z,
SAMO,ok,1,2026-10-01T23:27:54Z,2026-10-01T23:27:54Z,
SAN,ok,1,2026-10-01T23:27:55Z,2026-10-01T23:27:55Z,
SANA,ok,1,2026-10-01T23:27:55Z,2026-10-01T23:27:55Z,
SANG,ok,1,2026-10-01T23:27:56Z,2026-10-01T23:27:56Z,
SANM,ok,1,2026-10-01T23:27:56Z,2026-10-01T23:27:56Z,
SAP,ok,1,2026-10-01T23:27:57Z,2026-10-01T23:27:57Z,
SAR,ok,1,2026-10-01T23:27:57Z,2026-10-01T23:27:57Z,
SARO,ok,1,2026-10-01T23:27:58Z,2026-10-01T23:27:58Z,
SATL,ok,1,2026-10-01T23:27:58Z,2026-10-01T23:27:58Z,
SB,ok,1,2026-10-01T23:27:59Z,2026-10-01T23:27:59Z,
SBAC,ok,1,2026-10-01T23:27:59Z,2026-10-01T23:27:59Z,
SBC,ok,1,2026-10-01T23:28:00Z,2026-10-01T23:28:00Z,
SBCF,ok,1,2026-10-01T23:28:00Z,2026-10-01T23:28:00Z,
SBET,ok,1,2026-10-01T23:28:01Z,2026-10-01T23:28:01Z,
SBFG,ok,1,2026-10-01T23:28:01Z,2026-10-01T23:28:01Z,
SBFM,ok,1,2026-10-01T23:28:02Z,2026-10-01T23:28:02Z,
SBGI,ok,1,2026-10-01T23:28:02Z,2026-10-01T23:28:02Z,
SBH,ok,1,2026-10-01T23:28:03Z,2026-10-01T23:28:03Z,
SBI,ok,1,2026-10-01T23:28:03Z,2026-10-01T23:28:03Z,
SBLK,ok,1,2026-10-01T23:28:04Z,2026-10-01T23:28:04Z,
SBMT,ok,1,2026-10-01T23:28:04Z,2026-10-01T23:28:04Z,
SBR,ok,1,2026-10-01T23:28:05Z,2026-10-01T23:28:05Z,
SBRA,ok,1,2026-10-01T23:28:05Z,2026-10-01T23:28:05Z,
SBS,ok,1,2026-10-01T23:28:06Z,2026-10-01T23:28:06Z,
SBSI,ok,1,2026-10-01T23:28:06Z,2026-10-01T23:28:06Z,
SBSW,ok,1,2026-10-01T23:28:07Z,2026-10-01T23:28:07Z,
SBUX,ok,1,2026-10-01T23:28:07Z,2026-10-01T23:28:07Z,
SBXE,ok,1,2026-10-01T23:28:08Z,2026-10-01T23:28:08Z,
SCAG,ok,1,2026-10-01T23:28:08Z,2026-10-01T23:28:08Z,
SCCO,ok,1,2026-10-01T23:28:09Z,2026-10-01T23:28:09Z,
SCD,ok,1,2026-10-01T23:28:09Z,2026-10-01T23:28:09Z,
SCHL,ok,1,2026-10-01T23:28:10Z,2026-10-01T23:28:10Z,
SCHW,ok,1,2026-10-01T23:28:10Z,2026-10-01T23:28:10Z,
SCI,ok,1,2026-10-01T23:28:11Z,2026-10-01T23:28:11Z,
SCII,ok,1,2026-10-01T23:28:11Z,2026-10-01T23:28:11Z,
SCKT,ok,1,2026-10-01T23:28:12Z,2026-10-01T23:28:12Z,
SCL,ok,1,2026-10-01T23:28:12Z,2026-10-01T23:28:12Z,
SCLX,ok,1,2026-10-01T23:28:13Z,2026-10-01T23:28:13Z,
SCM,ok,1,2026-10-01T23:28:13Z,2026-10-01T23:28:13Z,
SCNI,ok,1,2026-10-01T23:28:14Z,2026-10-01T23:28:14Z,
SCNX,ok,1,2026-10-01T23:28:14Z,2026-10-01T23:28:14Z,
SCOR,ok,1,2026-10-01T23:28:15Z,2026-10-01T23:28:15Z,
SCPQ,ok,1,2026-10-01T23:28:15Z,2026-10-01T23:28:15Z,
SCSC,ok,1,2026-10-01T23:28:16Z,2026-10-01T23:28:16Z,
SCTX,ok,1,2026-10-01T23:28:17Z,2026-10-01T23:28:17Z,
SCWO,ok,1,2026-10-01T23:28:17Z,2026-10-01T23:28:17Z,
SCYX,ok,1,2026-10-01T23:28:17Z,2026-10-01T23:28:17Z,
SCZM,ok,1,2026-10-01T23:28:18Z,2026-10-01T23:28:18Z,
SD,ok,1,2026-10-01T23:28:18Z,2026-10-01T23:28:18Z,
SDA,ok,1,2026-10-01T23:28:19Z,2026-10-01T23:28:19Z,
SDEV,ok,1,2026-10-01T23:28:19Z,2026-10-01T23:28:19Z,
SDGR,ok,1,2026-10-01T23:28:20Z,2026-10-01T23:28:20Z,
SDHC,ok,1,2026-10-01T23:28:20Z,2026-10-01T23:28:20Z,
SDHI,ok,1,2026-10-01T23:28:21Z,2026-10-01T23:28:21Z,
SDHY,ok,1,2026-10-01T23:28:21Z,2026-10-01T23:28:21Z,
SDOT,ok,1,2026-10-01T23:28:22Z,2026-10-01T23:28:22Z,
SDRL,ok,1,2026-10-01T23:28:22Z,2026-10-01T23:28:22Z,
SDST,ok,1,2026-10-01T23:28:23Z,2026-10-01T23:28:23Z,
SE,ok,1,2026-10-01T23:28:23Z,2026-10-01T23:28:23Z,
SEAT,ok,1,2026-10-01T23:28:24Z,2026-10-01T23:28:24Z,
SEB,ok,1,2026-10-01T23:28:24Z,2026-10-01T23:28:24Z,
SECZ,ok,1,2026-10-01T23:28:25Z,2026-10-01T23:28:25Z,
SEDG,ok,1,2026-10-01T23:28:25Z,2026-10-01T23:28:25Z,
SEED,ok,1,2026-10-01T23:28:26Z,2026-10-01T23:28:26Z,
SEER,ok,1,2026-10-01T23:28:27Z,2026-10-01T23:28:27Z,
SEG,ok,1,2026-10-01T23:28:27Z,2026-10-01T23:28:27Z,
SEGG,ok,1,2026-10-01T23:28:28Z,2026-10-01T23:28:28Z,
SEI,ok,1,2026-10-01T23:28:28Z,2026-10-01T23:28:28Z,
SEIC,ok,1,2026-10-01T23:28:28Z,2026-10-01T23:28:28Z,
SELF,ok,1,2026-10-01T23:28:29Z,2026-10-01T23:28:29Z,
SENEA,ok,1,2026-10-01T23:28:29Z,2026-10-01T23:28:29Z,
SENEB,ok,1,2026-10-01T23:28:30Z,2026-10-01T23:28:30Z,
SENS,ok,1,2026-10-01T23:28:30Z,2026-10-01T23:28:30Z,
SEPN,ok,1,2026-10-01T23:28:31Z,2026-10-01T23:28:31Z,
SER,ok,1,2026-10-01T23:28:31Z,2026-10-01T23:28:31Z,
SERA,ok,1,2026-10-01T23:28:32Z,2026-10-01T23:28:32Z,
SERV,ok,1,2026-10-01T23:28:32Z,2026-10-01T23:28:32Z,
SES,ok,1,2026-10-01T23:28:33Z,2026-10-01T23:28:33Z,
SEV,ok,1,2026-10-01T23:28:33Z,2026-10-01T23:28:33Z,
SEVN,ok,1,2026-10-01T23:28:34Z,2026-10-01T23:28:34Z,
SEZL,ok,1,2026-10-01T23:28:34Z,2026-10-01T23:28:34Z,
SF,ok,1,2026-10-01T23:28:35Z,2026-10-01T23:28:35Z,
SFBC,ok,1,2026-10-01T23:28:35Z,2026-10-01T23:28:35Z,
SFBS,ok,1,2026-10-01T23:28:36Z,2026-10-01T23:28:36Z,
SFD,ok,1,2026-10-01T23:28:36Z,2026-10-01T23:28:36Z,
SFHG,ok,1,2026-10-01T23:28:37Z,2026-10-01T23:28:37Z,
SFIX,ok,1,2026-10-01T23:28:37Z,2026-10-01T23:28:37Z,
SFL,ok,1,2026-10-01T23:28:38Z,2026-10-01T23:28:38Z,
SFM,ok,1,2026-10-01T23:28:38Z,2026-10-01T23:28:38Z,
SFNC,ok,1,2026-10-01T23:28:39Z,2026-10-01T23:28:39Z,
SFST,ok,1,2026-10-01T23:28:39Z,2026-10-01T23:28:39Z,
SFWL,ok,1,2026-10-01T23:28:40Z,2026-10-01T23:28:40Z,
SG,ok,1,2026-10-01T23:28:41Z,2026-10-01T23:28:41Z,
SGA,ok,1,2026-10-01T23:28:41Z,2026-10-01T23:28:41Z,
SGC,ok,1,2026-10-01T23:28:41Z,2026-10-01T23:28:41Z,
SGHC,ok,1,2026-10-01T23:28:42Z,2026-10-01T23:28:42Z,
SGHT,ok,1,2026-10-01T23:28:42Z,2026-10-01T23:28:42Z,
SGI,ok,1,2026-10-01T23:28:43Z,2026-10-01T23:28:43Z,
SGLD,ok,1,2026-10-01T23:28:43Z,2026-10-01T23:28:43Z,
SGLY,ok,1,2026-10-01T23:28:44Z,2026-10-01T23:28:44Z,
SGML,ok,1,2026-10-01T23:28:44Z,2026-10-01T23:28:44Z,
SGMT,ok,1,2026-10-01T23:28:45Z,2026-10-01T23:28:45Z,
SGP,ok,1,2026-10-01T23:28:45Z,2026-10-01T23:28:45Z,
SGRX,ok,1,2026-10-01T23:28:46Z,2026-10-01T23:28:46Z,
SGRY,ok,1,2026-10-01T23:28:46Z,2026-10-01T23:28:46Z,
SGU,ok,1,2026-10-01T23:28:47Z,2026-10-01T23:28:47Z,
SHAK,ok,1,2026-10-01T23:28:47Z,2026-10-01T23:28:47Z,
SHAZ,ok,1,2026-10-01T23:28:48Z,2026-10-01T23:28:48Z,
SHBI,ok,1,2026-10-01T23:28:48Z,2026-10-01T23:28:48Z,
SHC,ok,1,2026-10-01T23:28:49Z,2026-10-01T23:28:49Z,
SHEL,ok,1,2026-10-01T23:28:49Z,2026-10-01T23:28:49Z,
SHEN,ok,1,2026-10-01T23:28:50Z,2026-10-01T23:28:50Z,
SHFS,ok,1,2026-10-01T23:28:50Z,2026-10-01T23:28:50Z,
SHG,ok,1,2026-10-01T23:28:51Z,2026-10-01T23:28:51Z,
SHIM,ok,1,2026-10-01T23:28:51Z,2026-10-01T23:28:51Z,
SHIP,ok,1,2026-10-01T23:28:52Z,2026-10-01T23:28:52Z,
SHLS,ok,1,2026-10-01T23:28:52Z,2026-10-01T23:28:52Z,
SHMD,ok,1,2026-10-01T23:28:53Z,2026-10-01T23:28:53Z,
SHO,ok,1,2026-10-01T23:28:53Z,2026-10-01T23:28:53Z,
SHOE,ok,1,2026-10-01T23:28:54Z,2026-10-01T23:28:54Z,
SHOO,ok,1,2026-10-01T23:28:54Z,2026-10-01T23:28:54Z,
SHOP,ok,1,2026-10-01T23:28:55Z,2026-10-01T23:28:55Z,
SHOT,ok,1,2026-10-01T23:28:55Z,2026-10-01T23:28:55Z,
SHPH,ok,1,2026-10-01T23:28:56Z,2026-10-01T23:28:56Z,
SHW,ok,1,2026-10-01T23:28:56Z,2026-10-01T23:28:56Z,
SI,ok,1,2026-10-01T23:28:57Z,2026-10-01T23:28:57Z,
SIBN,ok,1,2026-10-01T23:28:57Z,2026-10-01T23:28:57Z,
SID,ok,1,2026-10-01T23:28:58Z,2026-10-01T23:28:58Z,
SIDU,ok,1,2026-10-01T23:28:58Z,2026-10-01T23:28:58Z,
SIEB,ok,1,2026-10-01T23:28:59Z,2026-10-01T23:28:59Z,
SIF,ok,1,2026-10-01T23:28:59Z,2026-10-01T23:28:59Z,
SIFY,ok,1,2026-10-01T23:29:00Z,2026-10-01T23:29:00Z,
SIG,ok,1,2026-10-01T23:29:00Z,2026-10-01T23:29:00Z,
SIGA,ok,1,2026-10-01T23:29:01Z,2026-10-01T23:29:01Z,
SIGI,ok,1,2026-10-01T23:29:01Z,2026-10-01T23:29:01Z,
SII,ok,1,2026-10-01T23:29:02Z,2026-10-01T23:29:02Z,
SILC,ok,1,2026-10-01T23:29:02Z,2026-10-01T23:29:02Z,
SILO,ok,1,2026-10-01T23:29:03Z,2026-10-01T23:29:03Z,
SIM,ok,1,2026-10-01T23:29:04Z,2026-10-01T23:29:04Z,
SIMA,ok,1,2026-10-01T23:29:04Z,2026-10-01T23:29:04Z,
SIMO,ok,1,2026-10-01T23:29:04Z,2026-10-01T23:29:04Z,
SIND,ok,1,2026-10-01T23:29:05Z,2026-10-01T23:29:05Z,
SINT,ok,1,2026-10-01T23:29:05Z,2026-10-01T23:29:05Z,
SION,ok,1,2026-10-01T23:29:06Z,2026-10-01T23:29:06Z,
SIRI,ok,1,2026-10-01T23:29:06Z,2026-10-01T23:29:06Z,
SITC,ok,1,2026-10-01T23:29:07Z,2026-10-01T23:29:07Z,
SITE,ok,1,2026-10-01T23:29:07Z,2026-10-01T23:29:07Z,
SITM,ok,1,2026-10-01T23:29:08Z,2026-10-01T23:29:08Z,
SJ,ok,1,2026-10-01T23:29:08Z,2026-10-01T23:29:08Z,
SJM,ok,1,2026-10-01T23:29:09Z,2026-10-01T23:29:09Z,
SJT,ok,1,2026-10-01T23:29:09Z,2026-10-01T23:29:09Z,
SKE,ok,1,2026-10-01T23:29:10Z,2026-10-01T23:29:10Z,
SKHY,ok,1,2026-10-01T23:29:10Z,2026-10-01T23:29:10Z,
SKIL,ok,1,2026-10-01T23:29:11Z,2026-10-01T23:29:11Z,
SKIN,ok,1,2026-10-01T23:29:11Z,2026-10-01T23:29:11Z,
SKK,ok,1,2026-10-01T23:29:12Z,2026-10-01T23:29:12Z,
SKM,ok,1,2026-10-01T23:29:13Z,2026-10-01T23:29:13Z,
SKT,ok,1,2026-10-01T23:29:13Z,2026-10-01T23:29:13Z,
SKWD,ok,1,2026-10-01T23:29:13Z,2026-10-01T23:29:13Z,
SKY,ok,1,2026-10-01T23:29:14Z,2026-10-01T23:29:14Z,
SKYA,ok,1,2026-10-01T23:29:14Z,2026-10-01T23:29:14Z,
SKYE,ok,1,2026-10-01T23:29:15Z,2026-10-01T23:29:15Z,
SKYH,ok,1,2026-10-01T23:29:15Z,2026-10-01T23:29:15Z,
SKYQ,ok,1,2026-10-01T23:29:16Z,2026-10-01T23:29:16Z,
SKYW,ok,1,2026-10-01T23:29:16Z,2026-10-01T23:29:16Z,
SKYX,ok,1,2026-10-01T23:29:17Z,2026-10-01T23:29:17Z,
SLAB,ok,1,2026-10-01T23:29:17Z,2026-10-01T23:29:17Z,
SLB,ok,1,2026-10-01T23:29:18Z,2026-10-01T23:29:18Z,
SLBT,ok,1,2026-10-01T23:29:18Z,2026-10-01T23:29:18Z,
SLDB,ok,1,2026-10-01T23:29:19Z,2026-10-01T23:29:19Z,
SLDE,ok,1,2026-10-01T23:29:19Z,2026-10-01T23:29:19Z,
SLDP,ok,1,2026-10-01T23:29:20Z,2026-10-01T23:29:20Z,
SLE,ok,1,2026-10-01T23:29:20Z,2026-10-01T23:29:20Z,
SLF,ok,1,2026-10-01T23:29:21Z,2026-10-01T23:29:21Z,
SLG,ok,1,2026-10-01T23:29:21Z,2026-10-01T23:29:21Z,
SLGB,ok,1,2026-10-01T23:29:22Z,2026-10-01T23:29:22Z,
SLGL,ok,1,2026-10-01T23:29:22Z,2026-10-01T23:29:22Z,
SLGN,ok,1,2026-10-01T23:29:23Z,2026-10-01T23:29:23Z,
SLI,ok,1,2026-10-01T23:29:23Z,2026-10-01T23:29:23Z,
SLM,ok,1,2026-10-01T23:29:24Z,2026-10-01T23:29:24Z,
SLMT,ok,1,2026-10-01T23:29:24Z,2026-10-01T23:29:24Z,
SLN,ok,1,2026-10-01T23:29:25Z,2026-10-01T23:29:25Z,
SLND,ok,1,2026-10-01T23:29:25Z,2026-10-01T23:29:25Z,
SLNG,ok,1,2026-10-01T23:29:26Z,2026-10-01T23:29:26Z,
SLNH,ok,1,2026-10-01T23:29:26Z,2026-10-01T23:29:26Z,
SLP,ok,1,2026-10-01T23:29:27Z,2026-10-01T23:29:27Z,
SLQT,ok,1,2026-10-01T23:29:27Z,2026-10-01T23:29:27Z,
SLRC,ok,1,2026-10-01T23:29:28Z,2026-10-01T23:29:28Z,
SLS,ok,1,2026-10-01T23:29:28Z,2026-10-01T23:29:28Z,
SLSN,ok,1,2026-10-01T23:29:29Z,2026-10-01T23:29:29Z,
SLSR,ok,1,2026-10-01T23:29:29Z,2026-10-01T23:29:29Z,
SLVM,ok,1,2026-10-01T23:29:30Z,2026-10-01T23:29:30Z,
SLXN,ok,1,2026-10-01T23:29:30Z,2026-10-01T23:29:30Z,
SM,ok,1,2026-10-01T23:29:31Z,2026-10-01T23:29:31Z,
SMA,ok,1,2026-10-01T23:29:31Z,2026-10-01T23:29:31Z,
SMBC,ok,1,2026-10-01T23:29:32Z,2026-10-01T23:29:32Z,
SMBK,ok,1,2026-10-01T23:29:32Z,2026-10-01T23:29:32Z,
SMC,ok,1,2026-10-01T23:29:33Z,2026-10-01T23:29:33Z,
SMCI,ok,1,2026-10-01T23:29:33Z,2026-10-01T23:29:33Z,
SMFG,ok,1,2026-10-01T23:29:34Z,2026-10-01T23:29:34Z,
SMG,ok,1,2026-10-01T23:29:34Z,2026-10-01T23:29:34Z,
SMHB,ok,1,2026-10-01T23:29:35Z,2026-10-01T23:29:35Z,
SMHI,ok,1,2026-10-01T23:29:35Z,2026-10-01T23:29:35Z,
SMID,ok,1,2026-10-01T23:29:36Z,2026-10-01T23:29:36Z,
SMJF,ok,1,2026-10-01T23:29:36Z,2026-10-01T23:29:36Z,
SMMT,ok,1,2026-10-01T23:29:37Z,2026-10-01T23:29:37Z,
SMP,ok,1,2026-10-01T23:29:38Z,2026-10-01T23:29:38Z,
SMPL,ok,1,2026-10-01T23:29:38Z,2026-10-01T23:29:38Z,
SMR,ok,1,2026-10-01T23:29:38Z,2026-10-01T23:29:38Z,
SMRT,ok,1,2026-10-01T23:29:39Z,2026-10-01T23:29:39Z,
SMSI,ok,1,2026-10-01T23:29:39Z,2026-10-01T23:29:39Z,
SMTC,ok,1,2026-10-01T23:29:40Z,2026-10-01T23:29:40Z,
SMTI,ok,1,2026-10-01T23:29:40Z,2026-10-01T23:29:40Z,
SMTK,ok,1,2026-10-01T23:29:41Z,2026-10-01T23:29:41Z,
SMWB,ok,1,2026-10-01T23:29:41Z,2026-10-01T23:29:41Z,
SMX,ok,1,2026-10-01T23:29:42Z,2026-10-01T23:29:42Z,
SMXT,ok,1,2026-10-01T23:29:42Z,2026-10-01T23:29:42Z,
SN,ok,1,2026-10-01T23:29:43Z,2026-10-01T23:29:43Z,
SNA,ok,1,2026-10-01T23:29:43Z,2026-10-01T23:29:43Z,
SNAL,ok,1,2026-10-01T23:29:44Z,2026-10-01T23:29:44Z,
SNAP,ok,1,2026-10-01T23:29:44Z,2026-10-01T23:29:44Z,
SND,ok,1,2026-10-01T23:29:45Z,2026-10-01T23:29:45Z,
SNDA,ok,1,2026-10-01T23:29:45Z,2026-10-01T23:29:45Z,
SNDK,ok,1,2026-10-01T23:29:46Z,2026-10-01T23:29:46Z,
SNDL,ok,1,2026-10-01T23:29:47Z,2026-10-01T23:29:47Z,
SNDR,ok,1,2026-10-01T23:29:47Z,2026-10-01T23:29:47Z,
SNDX,ok,1,2026-10-01T23:29:47Z,2026-10-01T23:29:47Z,
SNES,ok,1,2026-10-01T23:29:48Z,2026-10-01T23:29:48Z,
SNEX,ok,1,2026-10-01T23:29:48Z,2026-10-01T23:29:48Z,
SNFCA,ok,1,2026-10-01T23:29:49Z,2026-10-01T23:29:49Z,
SNGX,ok,1,2026-10-01T23:29:49Z,2026-10-01T23:29:49Z,
SNN,ok,1,2026-10-01T23:29:50Z,2026-10-01T23:29:50Z,
SNOA,ok,1,2026-10-01T23:29:50Z,2026-10-01T23:29:50Z,
SNOW,ok,1,2026-10-01T23:29:51Z,2026-10-01T23:29:51Z,
SNPS,ok,1,2026-10-01T23:29:51Z,2026-10-01T23:29:51Z,
SNSC,ok,1,2026-10-01T23:29:52Z,2026-10-01T23:29:52Z,
SNT,ok,1,2026-10-01T23:29:52Z,2026-10-01T23:29:52Z,
SNTG,ok,1,2026-10-01T23:29:53Z,2026-10-01T23:29:53Z,
SNTI,ok,1,2026-10-01T23:29:53Z,2026-10-01T23:29:53Z,
SNWV,ok,1,2026-10-01T23:29:54Z,2026-10-01T23:29:54Z,
SNX,ok,1,2026-10-01T23:29:54Z,2026-10-01T23:29:54Z,
SNY,ok,1,2026-10-01T23:29:55Z,2026-10-01T23:29:55Z,
SO,ok,1,2026-10-01T23:29:55Z,2026-10-01T23:29:55Z,
SOAR,ok,1,2026-10-01T23:29:56Z,2026-10-01T23:29:56Z,
SOBO,ok,1,2026-10-01T23:29:56Z,2026-10-01T23:29:56Z,
SOC,ok,1,2026-10-01T23:29:57Z,2026-10-01T23:29:57Z,
SOCA,ok,1,2026-10-01T23:29:57Z,2026-10-01T23:29:57Z,
SOFI,ok,1,2026-10-01T23:29:58Z,2026-10-01T23:29:58Z,
SOGP,ok,1,2026-10-01T23:29:58Z,2026-10-01T23:29:58Z,
SOHU,ok,1,2026-10-01T23:29:59Z,2026-10-01T23:29:59Z,
SOLS,ok,1,2026-10-01T23:29:59Z,2026-10-01T23:29:59Z,
SOLV,ok,1,2026-10-01T23:30:00Z,2026-10-01T23:30:00Z,
SON,ok,1,2026-10-01T23:30:00Z,2026-10-01T23:30:00Z,
SONM,ok,1,2026-10-01T23:30:01Z,2026-10-01T23:30:01Z,
SONO,ok,1,2026-10-01T23:30:01Z,2026-10-01T23:30:01Z,
SONY,ok,1,2026-10-01T23:30:02Z,2026-10-01T23:30:02Z,
SOPH,ok,1,2026-10-01T23:30:02Z,2026-10-01T23:30:02Z,
SOR,ok,1,2026-10-01T23:30:03Z,2026-10-01T23:30:03Z,
SORA,ok,1,2026-10-01T23:30:03Z,2026-10-01T23:30:03Z,
SORN,ok,1,2026-10-01T23:30:04Z,2026-10-01T23:30:04Z,
SOS,ok,1,2026-10-01T23:30:04Z,2026-10-01T23:30:04Z,
SOTK,ok,1,2026-10-01T23:30:05Z,2026-10-01T23:30:05Z,
SOUL,ok,1,2026-10-01T23:30:05Z,2026-10-01T23:30:05Z,
SOUN,ok,1,2026-10-01T23:30:06Z,2026-10-01T23:30:06Z,
SOWG,ok,1,2026-10-01T23:30:06Z,2026-10-01T23:30:06Z,
SPAI,ok,1,2026-10-01T23:30:07Z,2026-10-01T23:30:07Z,
SPB,ok,1,2026-10-01T23:30:07Z,2026-10-01T23:30:07Z,
SPCB,ok,1,2026-10-01T23:30:08Z,2026-10-01T23:30:08Z,
SPCE,ok,1,2026-10-01T23:30:08Z,2026-10-01T23:30:08Z,
SPCX,ok,1,2026-10-01T23:30:09Z,2026-10-01T23:30:09Z,
SPE,ok,1,2026-10-01T23:30:09Z,2026-10-01T23:30:09Z,
SPEG,ok,1,2026-10-01T23:30:10Z,2026-10-01T23:30:10Z,
SPFI,ok,1,2026-10-01T23:30:10Z,2026-10-01T23:30:10Z,
SPG,ok,1,2026-10-01T23:30:11Z,2026-10-01T23:30:11Z,
SPGI,ok,1,2026-10-01T23:30:11Z,2026-10-01T23:30:11Z,
SPH,ok,1,2026-10-01T23:30:12Z,2026-10-01T23:30:12Z,
SPHL,ok,1,2026-10-01T23:30:12Z,2026-10-01T23:30:12Z,
SPHR,ok,1,2026-10-01T23:30:13Z,2026-10-01T23:30:13Z,
SPIR,ok,1,2026-10-01T23:30:13Z,2026-10-01T23:30:13Z,
SPKL,ok,1,2026-10-01T23:30:14Z,2026-10-01T23:30:14Z,
SPMC,ok,1,2026-10-01T23:30:14Z,2026-10-01T23:30:14Z,
SPNT,ok,1,2026-10-01T23:30:15Z,2026-10-01T23:30:15Z,
SPOK,ok,1,2026-10-01T23:30:16Z,2026-10-01T23:30:16Z,
SPOT,ok,1,2026-10-01T23:30:16Z,2026-10-01T23:30:16Z,
SPPL,ok,1,2026-10-01T23:30:16Z,2026-10-01T23:30:16Z,
SPRB,ok,1,2026-10-01T23:30:17Z,2026-10-01T23:30:17Z,
SPRC,ok,1,2026-10-01T23:30:17Z,2026-10-01T23:30:17Z,
SPRO,ok,1,2026-10-01T23:30:18Z,2026-10-01T23:30:18Z,
SPRU,ok,1,2026-10-01T23:30:18Z,2026-10-01T23:30:18Z,
SPRY,ok,1,2026-10-01T23:30:19Z,2026-10-01T23:30:19Z,
SPSC,ok,1,2026-10-01T23:30:19Z,2026-10-01T23:30:19Z,
SPT,ok,1,2026-10-01T23:30:20Z,2026-10-01T23:30:20Z,
SPTX,ok,1,2026-10-01T23:30:20Z,2026-10-01T23:30:20Z,
SPWH,ok,1,2026-10-01T23:30:21Z,2026-10-01T23:30:21Z,
SPWR,ok,1,2026-10-01T23:30:21Z,2026-10-01T23:30:21Z,
SPXC,ok,1,2026-10-01T23:30:22Z,2026-10-01T23:30:22Z,
SPXX,ok,1,2026-10-01T23:30:22Z,2026-10-01T23:30:22Z,
SQFT,ok,1,2026-10-01T23:30:23Z,2026-10-01T23:30:23Z,
SQM,ok,1,2026-10-01T23:30:23Z,2026-10-01T23:30:23Z,
SQNS,ok,1,2026-10-01T23:30:24Z,2026-10-01T23:30:24Z,
SR,ok,1,2026-10-01T23:30:24Z,2026-10-01T23:30:24Z,
SRAD,ok,1,2026-10-01T23:30:25Z,2026-10-01T23:30:25Z,
SRBK,ok,1,2026-10-01T23:30:25Z,2026-10-01T23:30:25Z,
SRCE,ok,1,2026-10-01T23:30:26Z,2026-10-01T23:30:26Z,
SRE,ok,1,2026-10-01T23:30:26Z,2026-10-01T23:30:26Z,
SRFM,ok,1,2026-10-01T23:30:27Z,2026-10-01T23:30:27Z,
SRG,ok,1,2026-10-01T23:30:28Z,2026-10-01T23:30:28Z,
SRI,ok,1,2026-10-01T23:30:28Z,2026-10-01T23:30:28Z,
SRL,ok,1,2026-10-01T23:30:28Z,2026-10-01T23:30:28Z,
SRPT,ok,1,2026-10-01T23:30:29Z,2026-10-01T23:30:29Z,
SRRK,ok,1,2026-10-01T23:30:30Z,2026-10-01T23:30:30Z,
SRTA,ok,1,2026-10-01T23:30:30Z,2026-10-01T23:30:30Z,
SRTS,ok,1,2026-10-01T23:30:30Z,2026-10-01T23:30:30Z,
SRV,ok,1,2026-10-01T23:30:31Z,2026-10-01T23:30:31Z,
SRXH,ok,1,2026-10-01T23:30:31Z,2026-10-01T23:30:31Z,
SRZN,ok,1,2026-10-01T23:30:32Z,2026-10-01T23:30:32Z,
SSAC,ok,1,2026-10-01T23:30:32Z,2026-10-01T23:30:32Z,
SSB,ok,1,2026-10-01T23:30:33Z,2026-10-01T23:30:33Z,
SSBI,ok,1,2026-10-01T23:30:33Z,2026-10-01T23:30:33Z,
SSD,ok,1,2026-10-01T23:30:34Z,2026-10-01T23:30:34Z,
SSEA,ok,1,2026-10-01T23:30:34Z,2026-10-01T23:30:34Z,
SSII,ok,1,2026-10-01T23:30:35Z,2026-10-01T23:30:35Z,
SSL,ok,1,2026-10-01T23:30:35Z,2026-10-01T23:30:35Z,
SSM,ok,1,2026-10-01T23:30:36Z,2026-10-01T23:30:36Z,
SSMR,ok,1,2026-10-01T23:30:37Z,2026-10-01T23:30:37Z,
SSNC,ok,1,2026-10-01T23:30:37Z,2026-10-01T23:30:37Z,
SSP,ok,1,2026-10-01T23:30:38Z,2026-10-01T23:30:38Z,
SSRM,ok,1,2026-10-01T23:30:38Z,2026-10-01T23:30:38Z,
SST,ok,1,2026-10-01T23:30:38Z,2026-10-01T23:30:38Z,
SSTI,ok,1,2026-10-01T23:30:39Z,2026-10-01T23:30:39Z,
SSTK,ok,1,2026-10-01T23:30:39Z,2026-10-01T23:30:39Z,
SSYS,ok,1,2026-10-01T23:30:40Z,2026-10-01T23:30:40Z,
ST,ok,1,2026-10-01T23:30:40Z,2026-10-01T23:30:40Z,
STAA,ok,1,2026-10-01T23:30:41Z,2026-10-01T23:30:41Z,
STAG,ok,1,2026-10-01T23:30:41Z,2026-10-01T23:30:41Z,
STAK,ok,1,2026-10-01T23:30:42Z,2026-10-01T23:30:42Z,
STBA,ok,1,2026-10-01T23:30:42Z,2026-10-01T23:30:42Z,
STC,ok,1,2026-10-01T23:30:43Z,2026-10-01T23:30:43Z,
STDN,ok,1,2026-10-01T23:30:43Z,2026-10-01T23:30:43Z,
STE,ok,1,2026-10-01T23:30:44Z,2026-10-01T23:30:44Z,
STEM,ok,1,2026-10-01T23:30:45Z,2026-10-01T23:30:45Z,
STEP,ok,1,2026-10-01T23:30:45Z,2026-10-01T23:30:45Z,
STEW,ok,1,2026-10-01T23:30:45Z,2026-10-01T23:30:45Z,
STEX,ok,1,2026-10-01T23:30:46Z,2026-10-01T23:30:46Z,
STFS,ok,1,2026-10-01T23:30:46Z,2026-10-01T23:30:46Z,
STG,ok,1,2026-10-01T23:30:47Z,2026-10-01T23:30:47Z,
STGW,ok,1,2026-10-01T23:30:47Z,2026-10-01T23:30:47Z,
STHO,ok,1,2026-10-01T23:30:48Z,2026-10-01T23:30:48Z,
STI,ok,1,2026-10-01T23:30:48Z,2026-10-01T23:30:48Z,
STIM,ok,1,2026-10-01T23:30:49Z,2026-10-01T23:30:49Z,
STK,ok,1,2026-10-01T23:30:49Z,2026-10-01T23:30:49Z,
STKE,ok,1,2026-10-01T23:30:50Z,2026-10-01T23:30:50Z,
STKH,ok,1,2026-10-01T23:30:50Z,2026-10-01T23:30:50Z,
STKS,ok,1,2026-10-01T23:30:51Z,2026-10-01T23:30:51Z,
STLA,ok,1,2026-10-01T23:30:51Z,2026-10-01T23:30:51Z,
STLD,ok,1,2026-10-01T23:30:52Z,2026-10-01T23:30:52Z,
STLN,ok,1,2026-10-01T23:30:52Z,2026-10-01T23:30:52Z,
STM,ok,1,2026-10-01T23:30:53Z,2026-10-01T23:30:53Z,
STN,ok,1,2026-10-01T23:30:53Z,2026-10-01T23:30:53Z,
STNE,ok,1,2026-10-01T23:30:54Z,2026-10-01T23:30:54Z,
STNG,ok,1,2026-10-01T23:30:55Z,2026-10-01T23:30:55Z,
STOK,ok,1,2026-10-01T23:30:55Z,2026-10-01T23:30:55Z,
STRA,ok,1,2026-10-01T23:30:55Z,2026-10-01T23:30:55Z,
STRL,ok,1,2026-10-01T23:30:56Z,2026-10-01T23:30:56Z,
STRO,ok,1,2026-10-01T23:30:56Z,2026-10-01T23:30:56Z,
STRR,ok,1,2026-10-01T23:30:57Z,2026-10-01T23:30:57Z,
STRT,ok,1,2026-10-01T23:30:57Z,2026-10-01T23:30:57Z,
STRW,ok,1,2026-10-01T23:30:58Z,2026-10-01T23:30:58Z,
STRZ,ok,1,2026-10-01T23:30:58Z,2026-10-01T23:30:58Z,
STT,ok,1,2026-10-01T23:30:59Z,2026-10-01T23:30:59Z,
STTK,ok,1,2026-10-01T23:30:59Z,2026-10-01T23:30:59Z,
STUB,ok,1,2026-10-01T23:31:00Z,2026-10-01T23:31:00Z,
STVN,ok,1,2026-10-01T23:31:00Z,2026-10-01T23:31:00Z,
STWD,ok,1,2026-10-01T23:31:01Z,2026-10-01T23:31:01Z,
STX,ok,1,2026-10-01T23:31:01Z,2026-10-01T23:31:01Z,
STXS,ok,1,2026-10-01T23:31:02Z,2026-10-01T23:31:02Z,
STZ,ok,1,2026-10-01T23:31:02Z,2026-10-01T23:31:02Z,
SU,ok,1,2026-10-01T23:31:03Z,2026-10-01T23:31:03Z,
SUGP,ok,1,2026-10-01T23:31:03Z,2026-10-01T23:31:03Z,
SUI,ok,1,2026-10-01T23:31:04Z,2026-10-01T23:31:04Z,
SUIG,ok,1,2026-10-01T23:31:04Z,2026-10-01T23:31:04Z,
SUJA,ok,1,2026-10-01T23:31:05Z,2026-10-01T23:31:05Z,
SUMA,ok,1,2026-10-01T23:31:05Z,2026-10-01T23:31:05Z,
SUN,ok,1,2026-10-01T23:31:06Z,2026-10-01T23:31:06Z,
SUNB,ok,1,2026-10-01T23:31:07Z,2026-10-01T23:31:07Z,
SUNC,ok,1,2026-10-01T23:31:07Z,2026-10-01T23:31:07Z,
SUNE,ok,1,2026-10-01T23:31:07Z,2026-10-01T23:31:07Z,
SUNS,ok,1,2026-10-01T23:31:08Z,2026-10-01T23:31:08Z,
SUPN,ok,1,2026-10-01T23:31:09Z,2026-10-01T23:31:09Z,
SUPV,ok,1,2026-10-01T23:31:09Z,2026-10-01T23:31:09Z,
SUPX,ok,1,2026-10-01T23:31:09Z,2026-10-01T23:31:09Z,
SURG,ok,1,2026-10-01T23:31:10Z,2026-10-01T23:31:10Z,
SUZ,ok,1,2026-10-01T23:31:10Z,2026-10-01T23:31:10Z,
SVA,ok,1,2026-10-01T23:31:11Z,2026-10-01T23:31:11Z,
SVAQ,ok,1,2026-10-01T23:31:11Z,2026-10-01T23:31:11Z,
SVC,ok,1,2026-10-01T23:31:12Z,2026-10-01T23:31:12Z,
SVCC,ok,1,2026-10-01T23:31:12Z,2026-10-01T23:31:12Z,
SVCO,ok,1,2026-10-01T23:31:13Z,2026-10-01T23:31:13Z,
SVIA,ok,1,2026-10-01T23:31:13Z,2026-10-01T23:31:13Z,
SVIV,ok,1,2026-10-01T23:31:14Z,2026-10-01T23:31:14Z,
SVM,ok,1,2026-10-01T23:31:14Z,2026-10-01T23:31:14Z,
SVRA,ok,1,2026-10-01T23:31:15Z,2026-10-01T23:31:15Z,
SVRE,ok,1,2026-10-01T23:31:15Z,2026-10-01T23:31:15Z,
SVRN,ok,1,2026-10-01T23:31:16Z,2026-10-01T23:31:16Z,
SVV,ok,1,2026-10-01T23:31:16Z,2026-10-01T23:31:16Z,
SW,ok,1,2026-10-01T23:31:17Z,2026-10-01T23:31:17Z,
SWAG,ok,1,2026-10-01T23:31:17Z,2026-10-01T23:31:17Z,
SWBI,ok,1,2026-10-01T23:31:18Z,2026-10-01T23:31:18Z,
SWIM,ok,1,2026-10-01T23:31:18Z,2026-10-01T23:31:18Z,
SWK,ok,1,2026-10-01T23:31:19Z,2026-10-01T23:31:19Z,
SWKS,ok,1,2026-10-01T23:31:19Z,2026-10-01T23:31:19Z,
SWMR,ok,1,2026-10-01T23:31:20Z,2026-10-01T23:31:20Z,
SWRD,ok,1,2026-10-01T23:31:20Z,2026-10-01T23:31:20Z,
SWVL,ok,1,2026-10-01T23:31:21Z,2026-10-01T23:31:21Z,
SWX,ok,1,2026-10-01T23:31:21Z,2026-10-01T23:31:21Z,
SWZ,ok,1,2026-10-01T23:31:22Z,2026-10-01T23:31:22Z,
SXC,ok,1,2026-10-01T23:31:22Z,2026-10-01T23:31:22Z,
SXI,ok,1,2026-10-01T23:31:23Z,2026-10-01T23:31:23Z,
SXT,ok,1,2026-10-01T23:31:23Z,2026-10-01T23:31:23Z,
SXTC,ok,1,2026-10-01T23:31:24Z,2026-10-01T23:31:24Z,
SXTP,ok,1,2026-10-01T23:31:24Z,2026-10-01T23:31:24Z,
SY,ok,1,2026-10-01T23:31:25Z,2026-10-01T23:31:25Z,
SYBT,ok,1,2026-10-01T23:31:25Z,2026-10-01T23:31:25Z,
SYF,ok,1,2026-10-01T23:31:26Z,2026-10-01T23:31:26Z,
SYK,ok,1,2026-10-01T23:31:26Z,2026-10-01T23:31:26Z,
SYM,ok,1,2026-10-01T23:31:27Z,2026-10-01T23:31:27Z,
SYNA,ok,1,2026-10-01T23:31:27Z,2026-10-01T23:31:27Z,
SYNX,ok,1,2026-10-01T23:31:28Z,2026-10-01T23:31:28Z,
SYPR,ok,1,2026-10-01T23:31:28Z,2026-10-01T23:31:28Z,
SYRE,ok,1,2026-10-01T23:31:29Z,2026-10-01T23:31:29Z,
SYY,ok,1,2026-10-01T23:31:29Z,2026-10-01T23:31:29Z,
SZZL,ok,1,2026-10-01T23:31:30Z,2026-10-01T23:31:30Z,
T,ok,1,2026-10-01T23:31:30Z,2026-10-01T23:31:30Z,
TAC,ok,1,2026-10-01T23:31:31Z,2026-10-01T23:31:31Z,
TACH,ok,1,2026-10-01T23:31:31Z,2026-10-01T23:31:31Z,
TACO,ok,1,2026-10-01T23:31:32Z,2026-10-01T23:31:32Z,
TACT,ok,1,2026-10-01T23:31:32Z,2026-10-01T23:31:32Z,
TAK,ok,1,2026-10-01T23:31:33Z,2026-10-01T23:31:33Z,
TAL,ok,1,2026-10-01T23:31:33Z,2026-10-01T23:31:33Z,
TALO,ok,1,2026-10-01T23:31:34Z,2026-10-01T23:31:34Z,
TANH,ok,1,2026-10-01T23:31:34Z,2026-10-01T23:31:34Z,
TAOP,ok,1,2026-10-01T23:31:35Z,2026-10-01T23:31:35Z,
TAOX,ok,1,2026-10-01T23:31:35Z,2026-10-01T23:31:35Z,
TAP,ok,1,2026-10-01T23:31:36Z,2026-10-01T23:31:36Z,
TAP-A,ok,1,2026-10-01T23:31:37Z,2026-10-01T23:31:37Z,
TARA,ok,1,2026-10-01T23:31:37Z,2026-10-01T23:31:37Z,
TARS,ok,1,2026-10-01T23:31:37Z,2026-10-01T23:31:37Z,
TASK,ok,1,2026-10-01T23:31:38Z,2026-10-01T23:31:38Z,
TATT,ok,1,2026-10-01T23:31:38Z,2026-10-01T23:31:38Z,
TAVI,ok,1,2026-10-01T23:31:39Z,2026-10-01T23:31:39Z,
TAYD,ok,1,2026-10-01T23:31:39Z,2026-10-01T23:31:39Z,
TBBB,ok,1,2026-10-01T23:31:40Z,2026-10-01T23:31:40Z,
TBBK,ok,1,2026-10-01T23:31:40Z,2026-10-01T23:31:40Z,
TBCH,ok,1,2026-10-01T23:31:41Z,2026-10-01T23:31:41Z,
TBI,ok,1,2026-10-01T23:31:41Z,2026-10-01T23:31:41Z,
TBLA,ok,1,2026-10-01T23:31:42Z,2026-10-01T23:31:42Z,
TBLD,ok,1,2026-10-01T23:31:43Z,2026-10-01T23:31:43Z,
TBN,ok,1,2026-10-01T23:31:43Z,2026-10-01T23:31:43Z,
TC,ok,1,2026-10-01T23:31:44Z,2026-10-01T23:31:44Z,
TCBI,ok,1,2026-10-01T23:31:44Z,2026-10-01T23:31:44Z,
TCBK,ok,1,2026-10-01T23:31:44Z,2026-10-01T23:31:44Z,
TCBS,ok,1,2026-10-01T23:31:45Z,2026-10-01T23:31:45Z,
TCBX,ok,1,2026-10-01T23:31:45Z,2026-10-01T23:31:45Z,
TCGX,ok,1,2026-10-01T23:31:46Z,2026-10-01T23:31:46Z,
TCI,ok,1,2026-10-01T23:31:46Z,2026-10-01T23:31:46Z,
TCMD,ok,1,2026-10-01T23:31:47Z,2026-10-01T23:31:47Z,
TCOM,ok,1,2026-10-01T23:31:47Z,2026-10-01T23:31:47Z,
TCPC,ok,1,2026-10-01T23:31:48Z,2026-10-01T23:31:48Z,
TCRT,ok,1,2026-10-01T23:31:48Z,2026-10-01T23:31:48Z,
TCRX,ok,1,2026-10-01T23:31:49Z,2026-10-01T23:31:49Z,
TCX,ok,1,2026-10-01T23:31:49Z,2026-10-01T23:31:49Z,
TD,ok,1,2026-10-01T23:31:50Z,2026-10-01T23:31:50Z,
TDAC,ok,1,2026-10-01T23:31:50Z,2026-10-01T23:31:50Z,
TDAY,ok,1,2026-10-01T23:31:51Z,2026-10-01T23:31:51Z,
TDC,ok,1,2026-10-01T23:31:51Z,2026-10-01T23:31:51Z,
TDF,ok,1,2026-10-01T23:31:52Z,2026-10-01T23:31:52Z,
TDG,ok,1,2026-10-01T23:31:52Z,2026-10-01T23:31:52Z,
TDIC,ok,1,2026-10-01T23:31:53Z,2026-10-01T23:31:53Z,
TDOC,ok,1,2026-10-01T23:31:53Z,2026-10-01T23:31:53Z,
TDS,ok,1,2026-10-01T23:31:54Z,2026-10-01T23:31:54Z,
TDTH,ok,1,2026-10-01T23:31:54Z,2026-10-01T23:31:54Z,
TDUP,ok,1,2026-10-01T23:31:55Z,2026-10-01T23:31:55Z,
TDW,ok,1,2026-10-01T23:31:55Z,2026-10-01T23:31:55Z,
TDWD,ok,1,2026-10-01T23:31:56Z,2026-10-01T23:31:56Z,
TDY,ok,1,2026-10-01T23:31:56Z,2026-10-01T23:31:56Z,
TE,ok,1,2026-10-01T23:31:57Z,2026-10-01T23:31:57Z,
TEAD,ok,1,2026-10-01T23:31:57Z,2026-10-01T23:31:57Z,
TEAM,ok,1,2026-10-01T23:31:58Z,2026-10-01T23:31:58Z,
TECH,ok,1,2026-10-01T23:31:58Z,2026-10-01T23:31:58Z,
TECK,ok,1,2026-10-01T23:31:59Z,2026-10-01T23:31:59Z,
TECX,ok,1,2026-10-01T23:31:59Z,2026-10-01T23:31:59Z,
TEI,ok,1,2026-10-01T23:32:00Z,2026-10-01T23:32:00Z,
TEL,ok,1,2026-10-01T23:32:01Z,2026-10-01T23:32:01Z,
TELA,ok,1,2026-10-01T23:32:01Z,2026-10-01T23:32:01Z,
TELO,ok,1,2026-10-01T23:32:01Z,2026-10-01T23:32:01Z,
TEM,ok,1,2026-10-01T23:32:02Z,2026-10-01T23:32:02Z,
TEN,ok,1,2026-10-01T23:32:02Z,2026-10-01T23:32:02Z,
TENB,ok,1,2026-10-01T23:32:03Z,2026-10-01T23:32:03Z,
TENX,ok,1,2026-10-01T23:32:03Z,2026-10-01T23:32:03Z,
TEO,ok,1,2026-10-01T23:32:04Z,2026-10-01T23:32:04Z,
TER,ok,1,2026-10-01T23:32:04Z,2026-10-01T23:32:04Z,
TEVA,ok,1,2026-10-01T23:32:05Z,2026-10-01T23:32:05Z,
TEX,ok,1,2026-10-01T23:32:05Z,2026-10-01T23:32:05Z,
TFC,ok,1,2026-10-01T23:32:06Z,2026-10-01T23:32:06Z,
TFII,ok,1,2026-10-01T23:32:06Z,2026-10-01T23:32:06Z,
TFIN,ok,1,2026-10-01T23:32:07Z,2026-10-01T23:32:07Z,
TFPM,ok,1,2026-10-01T23:32:07Z,2026-10-01T23:32:07Z,
TFSL,ok,1,2026-10-01T23:32:08Z,2026-10-01T23:32:08Z,
TFX,ok,1,2026-10-01T23:32:08Z,2026-10-01T23:32:08Z,
TG,ok,1,2026-10-01T23:32:09Z,2026-10-01T23:32:09Z,
TGB,ok,1,2026-10-01T23:32:09Z,2026-10-01T23:32:09Z,
TGE,ok,1,2026-10-01T23:32:10Z,2026-10-01T23:32:10Z,
TGEN,ok,1,2026-10-01T23:32:11Z,2026-10-01T23:32:11Z,
TGHL,ok,1,2026-10-01T23:32:11Z,2026-10-01T23:32:11Z,
TGL,ok,1,2026-10-01T23:32:11Z,2026-10-01T23:32:11Z,
TGLS,ok,1,2026-10-01T23:32:12Z,2026-10-01T23:32:12Z,
TGS,ok,1,2026-10-01T23:32:12Z,2026-10-01T23:32:12Z,
TGT,ok,1,2026-10-01T23:32:13Z,2026-10-01T23:32:13Z,
TGTX,ok,1,2026-10-01T23:32:13Z,2026-10-01T23:32:13Z,
TH,ok,1,2026-10-01T23:32:14Z,2026-10-01T23:32:14Z,
THC,ok,1,2026-10-01T23:32:14Z,2026-10-01T23:32:14Z,
THCH,ok,1,2026-10-01T23:32:15Z,2026-10-01T23:32:15Z,
THEO,ok,1,2026-10-01T23:32:15Z,2026-10-01T23:32:15Z,
THFF,ok,1,2026-10-01T23:32:16Z,2026-10-01T23:32:16Z,
THG,ok,1,2026-10-01T23:32:17Z,2026-10-01T23:32:17Z,
THH,ok,1,2026-10-01T23:32:17Z,2026-10-01T23:32:17Z,
THM,ok,1,2026-10-01T23:32:17Z,2026-10-01T23:32:17Z,
THO,ok,1,2026-10-01T23:32:18Z,2026-10-01T23:32:18Z,
THQ,ok,1,2026-10-01T23:32:18Z,2026-10-01T23:32:18Z,
THRM,ok,1,2026-10-01T23:32:19Z,2026-10-01T23:32:19Z,
THRMV,ok,1,2026-10-01T23:32:20Z,2026-10-01T23:32:20Z,
THRY,ok,1,2026-10-01T23:32:20Z,2026-10-01T23:32:20Z,
THW,ok,1,2026-10-01T23:32:20Z,2026-10-01T23:32:20Z,
TIC,ok,1,2026-10-01T23:32:21Z,2026-10-01T23:32:21Z,
TIGO,ok,1,2026-10-01T23:32:21Z,2026-10-01T23:32:21Z,
TIGR,ok,1,2026-10-01T23:32:22Z,2026-10-01T23:32:22Z,
TII,ok,1,2026-10-01T23:32:22Z,2026-10-01T23:32:22Z,
TIL,ok,1,2026-10-01T23:32:23Z,2026-10-01T23:32:23Z,
TILE,ok,1,2026-10-01T23:32:23Z,2026-10-01T23:32:23Z,
TIMB,ok,1,2026-10-01T23:32:24Z,2026-10-01T23:32:24Z,
TIPT,ok,1,2026-10-01T23:32:24Z,2026-10-01T23:32:24Z,
TISI,ok,1,2026-10-01T23:32:25Z,2026-10-01T23:32:25Z,
TITN,ok,1,2026-10-01T23:32:26Z,2026-10-01T23:32:26Z,
TJGC,ok,1,2026-10-01T23:32:26Z,2026-10-01T23:32:26Z,
TJX,ok,1,2026-10-01T23:32:26Z,2026-10-01T23:32:26Z,
TK,ok,1,2026-10-01T23:32:27Z,2026-10-01T23:32:27Z,
TKC,ok,1,2026-10-01T23:32:28Z,2026-10-01T23:32:28Z,
TKLF,ok,1,2026-10-01T23:32:28Z,2026-10-01T23:32:28Z,
TKNO,ok,1,2026-10-01T23:32:28Z,2026-10-01T23:32:28Z,
TKO,ok,1,2026-10-01T23:32:29Z,2026-10-01T23:32:29Z,
TKR,ok,1,2026-10-01T23:32:29Z,2026-10-01T23:32:29Z,
TLAC,ok,1,2026-10-01T23:32:30Z,2026-10-01T23:32:30Z,
TLF,ok,1,2026-10-01T23:32:30Z,2026-10-01T23:32:30Z,
TLIH,ok,1,2026-10-01T23:32:31Z,2026-10-01T23:32:31Z,
TLK,ok,1,2026-10-01T23:32:31Z,2026-10-01T23:32:31Z,
TLN,ok,1,2026-10-01T23:32:32Z,2026-10-01T23:32:32Z,
TLNC,ok,1,2026-10-01T23:32:32Z,2026-10-01T23:32:32Z,
TLPH,ok,1,2026-10-01T23:32:33Z,2026-10-01T23:32:33Z,
TLRY,ok,1,2026-10-01T23:32:33Z,2026-10-01T23:32:33Z,
TLS,ok,1,2026-10-01T23:32:34Z,2026-10-01T23:32:34Z,
TLSA,ok,1,2026-10-01T23:32:35Z,2026-10-01T23:32:35Z,
TLSI,ok,1,2026-10-01T23:32:35Z,2026-10-01T23:32:35Z,
TLX,ok,1,2026-10-01T23:32:35Z,2026-10-01T23:32:35Z,
TLYS,ok,1,2026-10-01T23:32:36Z,2026-10-01T23:32:36Z,
TM,ok,1,2026-10-01T23:32:36Z,2026-10-01T23:32:36Z,
TMC,ok,1,2026-10-01T23:32:37Z,2026-10-01T23:32:37Z,
TMCI,ok,1,2026-10-01T23:32:38Z,2026-10-01T23:32:38Z,
TMCR,ok,1,2026-10-01T23:32:38Z,2026-10-01T23:32:38Z,
TMDE,ok,1,2026-10-01T23:32:39Z,2026-10-01T23:32:39Z,
TMDX,ok,1,2026-10-01T23:32:39Z,2026-10-01T23:32:39Z,
TME,ok,1,2026-10-01T23:32:39Z,2026-10-01T23:32:39Z,
TMO,ok,1,2026-10-01T23:32:40Z,2026-10-01T23:32:40Z,
TMP,ok,1,2026-10-01T23:32:40Z,2026-10-01T23:32:40Z,
TMQ,ok,1,2026-10-01T23:32:41Z,2026-10-01T23:32:41Z,
TMS,ok,1,2026-10-01T23:32:41Z,2026-10-01T23:32:41Z,
TMTS,ok,1,2026-10-01T23:32:42Z,2026-10-01T23:32:42Z,
TMUS,ok,1,2026-10-01T23:32:42Z,2026-10-01T23:32:42Z,
TNC,ok,1,2026-10-01T23:32:43Z,2026-10-01T23:32:43Z,
TNDM,ok,1,2026-10-01T23:32:43Z,2026-10-01T23:32:43Z,
TNET,ok,1,2026-10-01T23:32:44Z,2026-10-01T23:32:44Z,
TNGX,ok,1,2026-10-01T23:32:44Z,2026-10-01T23:32:44Z,
TNK,ok,1,2026-10-01T23:32:45Z,2026-10-01T23:32:45Z,
TNL,ok,1,2026-10-01T23:32:46Z,2026-10-01T23:32:46Z,
TNMG,ok,1,2026-10-01T23:32:46Z,2026-10-01T23:32:46Z,
TNON,ok,1,2026-10-01T23:32:47Z,2026-10-01T23:32:47Z,
TNXP,ok,1,2026-10-01T23:32:47Z,2026-10-01T23:32:47Z,
TNYA,ok,1,2026-10-01T23:32:47Z,2026-10-01T23:32:47Z,
TOL,ok,1,2026-10-01T23:32:48Z,2026-10-01T23:32:48Z,
TOMZ,ok,1,2026-10-01T23:32:49Z,2026-10-01T23:32:49Z,
TONT,ok,1,2026-10-01T23:32:49Z,2026-10-01T23:32:49Z,
TONX,ok,1,2026-10-01T23:32:49Z,2026-10-01T23:32:49Z,
TOON,ok,1,2026-10-01T23:32:50Z,2026-10-01T23:32:50Z,
TOP,ok,1,2026-10-01T23:32:50Z,2026-10-01T23:32:50Z,
TOPP,ok,1,2026-10-01T23:32:51Z,2026-10-01T23:32:51Z,
TOPS,ok,1,2026-10-01T23:32:51Z,2026-10-01T23:32:51Z,
TORO,ok,1,2026-10-01T23:32:52Z,2026-10-01T23:32:52Z,
TOST,ok,1,2026-10-01T23:32:52Z,2026-10-01T23:32:52Z,
TOUR,ok,1,2026-10-01T23:32:53Z,2026-10-01T23:32:53Z,
TOVX,ok,1,2026-10-01T23:32:53Z,2026-10-01T23:32:53Z,
TOWN,ok,1,2026-10-01T23:32:54Z,2026-10-01T23:32:54Z,
TOYO,ok,1,2026-10-01T23:32:54Z,2026-10-01T23:32:54Z,
TP,ok,1,2026-10-01T23:32:55Z,2026-10-01T23:32:55Z,
TPB,ok,1,2026-10-01T23:32:55Z,2026-10-01T23:32:55Z,
TPC,ok,1,2026-10-01T23:32:56Z,2026-10-01T23:32:56Z,
TPCS,ok,1,2026-10-01T23:32:56Z,2026-10-01T23:32:56Z,
TPET,ok,1,2026-10-01T23:32:57Z,2026-10-01T23:32:57Z,
TPG,ok,1,2026-10-01T23:32:57Z,2026-10-01T23:32:57Z,
TPL,ok,1,2026-10-01T23:32:58Z,2026-10-01T23:32:58Z,
TPR,ok,1,2026-10-01T23:32:59Z,2026-10-01T23:32:59Z,
TPST,ok,1,2026-10-01T23:32:59Z,2026-10-01T23:32:59Z,
TPVG,ok,1,2026-10-01T23:32:59Z,2026-10-01T23:32:59Z,
TR,ok,1,2026-10-01T23:33:00Z,2026-10-01T23:33:00Z,
TRAD,ok,1,2026-10-01T23:33:00Z,2026-10-01T23:33:00Z,
TRAK,ok,1,2026-10-01T23:33:01Z,2026-10-01T23:33:01Z,
TRAW,ok,1,2026-10-01T23:33:01Z,2026-10-01T23:33:01Z,
TRAX,ok,1,2026-10-01T23:33:02Z,2026-10-01T23:33:02Z,
TRBG,ok,1,2026-10-01T23:33:02Z,2026-10-01T23:33:02Z,
TRC,ok,1,2026-10-01T23:33:03Z,2026-10-01T23:33:03Z,
TRDA,ok,1,2026-10-01T23:33:03Z,2026-10-01T23:33:03Z,
TREE,ok,1,2026-10-01T23:33:04Z,2026-10-01T23:33:04Z,
TREO,ok,1,2026-10-01T23:33:04Z,2026-10-01T23:33:04Z,
TREX,ok,1,2026-10-01T23:33:05Z,2026-10-01T23:33:05Z,
TRGP,ok,1,2026-10-01T23:33:05Z,2026-10-01T23:33:05Z,
TRGS,ok,1,2026-10-01T23:33:06Z,2026-10-01T23:33:06Z,
TRI,ok,1,2026-10-01T23:33:06Z,2026-10-01T23:33:06Z,
TRIB,ok,1,2026-10-01T23:33:07Z,2026-10-01T23:33:07Z,
TRIN,ok,1,2026-10-01T23:33:07Z,2026-10-01T23:33:07Z,
TRIP,ok,1,2026-10-01T23:33:08Z,2026-10-01T23:33:08Z,
TRLV,ok,1,2026-10-01T23:33:08Z,2026-10-01T23:33:08Z,
TRMB,ok,1,2026-10-01T23:33:09Z,2026-10-01T23:33:09Z,
TRMD,ok,1,2026-10-01T23:33:09Z,2026-10-01T23:33:09Z,
TRMK,ok,1,2026-10-01T23:33:10Z,2026-10-01T23:33:10Z,
TRN,ok,1,2026-10-01T23:33:10Z,2026-10-01T23:33:10Z,
TRNO,ok,1,2026-10-01T23:33:11Z,2026-10-01T23:33:11Z,
TRNR,ok,1,2026-10-01T23:33:11Z,2026-10-01T23:33:11Z,
TRNS,ok,1,2026-10-01T23:33:12Z,2026-10-01T23:33:12Z,
TRON,ok,1,2026-10-01T23:33:13Z,2026-10-01T23:33:13Z,
TROO,ok,1,2026-10-01T23:33:13Z,2026-10-01T23:33:13Z,
TROW,ok,1,2026-10-01T23:33:13Z,2026-10-01T23:33:13Z,
TROX,ok,1,2026-10-01T23:33:14Z,2026-10-01T23:33:14Z,
TRP,ok,1,2026-10-01T23:33:14Z,2026-10-01T23:33:14Z,
TRS,ok,1,2026-10-01T23:33:15Z,2026-10-01T23:33:15Z,
TRSG,ok,1,2026-10-01T23:33:15Z,2026-10-01T23:33:15Z,
TRST,ok,1,2026-10-01T23:33:16Z,2026-10-01T23:33:16Z,
TRT,ok,1,2026-10-01T23:33:16Z,2026-10-01T23:33:16Z,
TRTX,ok,1,2026-10-01T23:33:17Z,2026-10-01T23:33:17Z,
TRU,ok,1,2026-10-01T23:33:17Z,2026-10-01T23:33:17Z,
TRUG,ok,1,2026-10-01T23:33:18Z,2026-10-01T23:33:18Z,
TRUP,ok,1,2026-10-01T23:33:18Z,2026-10-01T23:33:18Z,
TRV,ok,1,2026-10-01T23:33:19Z,2026-10-01T23:33:19Z,
TRVG,ok,1,2026-10-01T23:33:19Z,2026-10-01T23:33:19Z,
TRVI,ok,1,2026-10-01T23:33:20Z,2026-10-01T23:33:20Z,
TRX,ok,1,2026-10-01T23:33:20Z,2026-10-01T23:33:20Z,
TS,ok,1,2026-10-01T23:33:21Z,2026-10-01T23:33:21Z,
TSAT,ok,1,2026-10-01T23:33:21Z,2026-10-01T23:33:21Z,
TSBK,ok,1,2026-10-01T23:33:22Z,2026-10-01T23:33:22Z,
TSCO,ok,1,2026-10-01T23:33:23Z,2026-10-01T23:33:23Z,
TSEM,ok,1,2026-10-01T23:33:23Z,2026-10-01T23:33:23Z,
TSHA,ok,1,2026-10-01T23:33:23Z,2026-10-01T23:33:23Z,
TSI,ok,1,2026-10-01T23:33:24Z,2026-10-01T23:33:24Z,
TSLA,ok,1,2026-10-01T23:33:24Z,2026-10-01T23:33:24Z,
TSLX,ok,1,2026-10-01T23:33:25Z,2026-10-01T23:33:25Z,
TSM,ok,1,2026-10-01T23:33:25Z,2026-10-01T23:33:25Z,
TSN,ok,1,2026-10-01T23:33:26Z,2026-10-01T23:33:26Z,
TSQ,ok,1,2026-10-01T23:33:26Z,2026-10-01T23:33:26Z,
TSSI,ok,1,2026-10-01T23:33:27Z,2026-10-01T23:33:27Z,
TT,ok,1,2026-10-01T23:33:27Z,2026-10-01T23:33:27Z,
TTAM,ok,1,2026-10-01T23:33:28Z,2026-10-01T23:33:28Z,
TTAN,ok,1,2026-10-01T23:33:28Z,2026-10-01T23:33:28Z,
TTC,ok,1,2026-10-01T23:33:29Z,2026-10-01T23:33:29Z,
TTD,ok,1,2026-10-01T23:33:30Z,2026-10-01T23:33:30Z,
TTE,ok,1,2026-10-01T23:33:30Z,2026-10-01T23:33:30Z,
TTEC,ok,1,2026-10-01T23:33:30Z,2026-10-01T23:33:30Z,
TTEK,ok,1,2026-10-01T23:33:31Z,2026-10-01T23:33:31Z,
TTGT,ok,1,2026-10-01T23:33:31Z,2026-10-01T23:33:31Z,
TTI,ok,1,2026-10-01T23:33:32Z,2026-10-01T23:33:32Z,
TTMI,ok,1,2026-10-01T23:33:32Z,2026-10-01T23:33:32Z,
TTRX,ok,1,2026-10-01T23:33:33Z,2026-10-01T23:33:33Z,
TTWO,ok,1,2026-10-01T23:33:33Z,2026-10-01T23:33:33Z,
TU,ok,1,2026-10-01T23:33:34Z,2026-10-01T23:33:34Z,
TULP,ok,1,2026-10-01T23:33:34Z,2026-10-01T23:33:34Z,
TURB,ok,1,2026-10-01T23:33:35Z,2026-10-01T23:33:35Z,
TUSK,ok,1,2026-10-01T23:33:35Z,2026-10-01T23:33:35Z,
TUYA,ok,1,2026-10-01T23:33:36Z,2026-10-01T23:33:36Z,
TV,ok,1,2026-10-01T23:33:37Z,2026-10-01T23:33:37Z,
TVA,ok,1,2026-10-01T23:33:37Z,2026-10-01T23:33:37Z,
TVAI,ok,1,2026-10-01T23:33:37Z,2026-10-01T23:33:37Z,
TVC,ok,1,2026-10-01T23:33:38Z,2026-10-01T23:33:38Z,
TVE,ok,1,2026-10-01T23:33:38Z,2026-10-01T23:33:38Z,
TVGN,ok,1,2026-10-01T23:33:39Z,2026-10-01T23:33:39Z,
TVIV,ok,1,2026-10-01T23:33:39Z,2026-10-01T23:33:39Z,
TVRD,ok,1,2026-10-01T23:33:40Z,2026-10-01T23:33:40Z,
TVTX,ok,1,2026-10-01T23:33:40Z,2026-10-01T23:33:40Z,
TW,ok,1,2026-10-01T23:33:41Z,2026-10-01T23:33:41Z,
TWAV,ok,1,2026-10-01T23:33:42Z,2026-10-01T23:33:42Z,
TWFG,ok,1,2026-10-01T23:33:42Z,2026-10-01T23:33:42Z,
TWG,ok,1,2026-10-01T23:33:42Z,2026-10-01T23:33:42Z,
TWI,ok,1,2026-10-01T23:33:43Z,2026-10-01T23:33:43Z,
TWIN,ok,1,2026-10-01T23:33:43Z,2026-10-01T23:33:43Z,
TWLO,ok,1,2026-10-01T23:33:44Z,2026-10-01T23:33:44Z,
TWLV,ok,1,2026-10-01T23:33:44Z,2026-10-01T23:33:44Z,
TWN,ok,1,2026-10-01T23:33:45Z,2026-10-01T23:33:45Z,
TWST,ok,1,2026-10-01T23:33:45Z,2026-10-01T23:33:45Z,
TX,ok,1,2026-10-01T23:33:46Z,2026-10-01T23:33:46Z,
TXG,ok,1,2026-10-01T23:33:46Z,2026-10-01T23:33:46Z,
TXMD,ok,1,2026-10-01T23:33:47Z,2026-10-01T23:33:47Z,
TXN,ok,1,2026-10-01T23:33:47Z,2026-10-01T23:33:47Z,
TXNM,ok,1,2026-10-01T23:33:48Z,2026-10-01T23:33:48Z,
TXO,ok,1,2026-10-01T23:33:48Z,2026-10-01T23:33:48Z,
TXRH,ok,1,2026-10-01T23:33:49Z,2026-10-01T23:33:49Z,
TXT,ok,1,2026-10-01T23:33:49Z,2026-10-01T23:33:49Z,
TY,ok,1,2026-10-01T23:33:50Z,2026-10-01T23:33:50Z,
TYG,ok,1,2026-10-01T23:33:50Z,2026-10-01T23:33:50Z,
TYGO,ok,1,2026-10-01T23:33:51Z,2026-10-01T23:33:51Z,
TYL,ok,1,2026-10-01T23:33:51Z,2026-10-01T23:33:51Z,
TYRA,ok,1,2026-10-01T23:33:52Z,2026-10-01T23:33:52Z,
TZOO,ok,1,2026-10-01T23:33:53Z,2026-10-01T23:33:53Z,
U,ok,1,2026-10-01T23:33:53Z,2026-10-01T23:33:53Z,
UA,ok,1,2026-10-01T23:33:53Z,2026-10-01T23:33:53Z,
UAA,ok,1,2026-10-01T23:33:54Z,2026-10-01T23:33:54Z,
UAC,ok,1,2026-10-01T23:33:54Z,2026-10-01T23:33:54Z,
UAL,ok,1,2026-10-01T23:33:55Z,2026-10-01T23:33:55Z,
UAMY,ok,1,2026-10-01T23:33:55Z,2026-10-01T23:33:55Z,
UAN,ok,1,2026-10-01T23:33:56Z,2026-10-01T23:33:56Z,
UAVS,ok,1,2026-10-01T23:33:56Z,2026-10-01T23:33:56Z,
UBCP,ok,1,2026-10-01T23:33:57Z,2026-10-01T23:33:57Z,
UBER,ok,1,2026-10-01T23:33:57Z,2026-10-01T23:33:57Z,
UBS,ok,1,2026-10-01T23:33:58Z,2026-10-01T23:33:58Z,
UBSI,ok,1,2026-10-01T23:33:58Z,2026-10-01T23:33:58Z,
UCAR,ok,1,2026-10-01T23:33:59Z,2026-10-01T23:33:59Z,
UCB,ok,1,2026-10-01T23:33:59Z,2026-10-01T23:33:59Z,
UCFI,ok,1,2026-10-01T23:34:00Z,2026-10-01T23:34:00Z,
UCIB,ok,1,2026-10-01T23:34:01Z,2026-10-01T23:34:01Z,
UCL,ok,1,2026-10-01T23:34:01Z,2026-10-01T23:34:01Z,
UCTT,ok,1,2026-10-01T23:34:01Z,2026-10-01T23:34:01Z,
UDR,ok,1,2026-10-01T23:34:02Z,2026-10-01T23:34:02Z,
UE,ok,1,2026-10-01T23:34:02Z,2026-10-01T23:34:02Z,
UEC,ok,1,2026-10-01T23:34:03Z,2026-10-01T23:34:03Z,
UEIC,ok,1,2026-10-01T23:34:03Z,2026-10-01T23:34:03Z,
UFCS,ok,1,2026-10-01T23:34:04Z,2026-10-01T23:34:04Z,
UFG,ok,1,2026-10-01T23:34:04Z,2026-10-01T23:34:04Z,
UFI,ok,1,2026-10-01T23:34:05Z,2026-10-01T23:34:05Z,
UFPI,ok,1,2026-10-01T23:34:05Z,2026-10-01T23:34:05Z,
UFPT,ok,1,2026-10-01T23:34:06Z,2026-10-01T23:34:06Z,
UG,ok,1,2026-10-01T23:34:06Z,2026-10-01T23:34:06Z,
UGI,ok,1,2026-10-01T23:34:07Z,2026-10-01T23:34:07Z,
UGP,ok,1,2026-10-01T23:34:07Z,2026-10-01T23:34:07Z,
UHAL,ok,1,2026-10-01T23:34:08Z,2026-10-01T23:34:08Z,
UHAL-B,ok,1,2026-10-01T23:34:09Z,2026-10-01T23:34:09Z,
UHS,ok,1,2026-10-01T23:34:09Z,2026-10-01T23:34:09Z,
UHT,ok,1,2026-10-01T23:34:09Z,2026-10-01T23:34:09Z,
UI,ok,1,2026-10-01T23:34:10Z,2026-10-01T23:34:10Z,
UIS,ok,1,2026-10-01T23:34:10Z,2026-10-01T23:34:10Z,
UK,ok,1,2026-10-01T23:34:11Z,2026-10-01T23:34:11Z,
UL,ok,1,2026-10-01T23:34:11Z,2026-10-01T23:34:11Z,
ULBI,ok,1,2026-10-01T23:34:12Z,2026-10-01T23:34:12Z,
ULCC,ok,1,2026-10-01T23:34:12Z,2026-10-01T23:34:12Z,
ULH,ok,1,2026-10-01T23:34:13Z,2026-10-01T23:34:13Z,
ULS,ok,1,2026-10-01T23:34:13Z,2026-10-01T23:34:13Z,
ULTA,ok,1,2026-10-01T23:34:14Z,2026-10-01T23:34:14Z,
UMAC,ok,1,2026-10-01T23:34:14Z,2026-10-01T23:34:14Z,
UMBF,ok,1,2026-10-01T23:34:15Z,2026-10-01T23:34:15Z,
UMC,ok,1,2026-10-01T23:34:15Z,2026-10-01T23:34:15Z,
UMH,ok,1,2026-10-01T23:34:16Z,2026-10-01T23:34:16Z,
UNB,ok,1,2026-10-01T23:34:16Z,2026-10-01T23:34:16Z,
UNCY,ok,1,2026-10-01T23:34:17Z,2026-10-01T23:34:17Z,
UNF,ok,1,2026-10-01T23:34:17Z,2026-10-01T23:34:17Z,
UNFI,ok,1,2026-10-01T23:34:18Z,2026-10-01T23:34:18Z,
UNH,ok,1,2026-10-01T23:34:18Z,2026-10-01T23:34:18Z,
UNIT,ok,1,2026-10-01T23:34:19Z,2026-10-01T23:34:19Z,
UNM,ok,1,2026-10-01T23:34:19Z,2026-10-01T23:34:19Z,
UNP,ok,1,2026-10-01T23:34:20Z,2026-10-01T23:34:20Z,
UNTY,ok,1,2026-10-01T23:34:20Z,2026-10-01T23:34:20Z,
UONE,ok,1,2026-10-01T23:34:21Z,2026-10-01T23:34:21Z,
UONEK,ok,1,2026-10-01T23:34:21Z,2026-10-01T23:34:21Z,
UP,ok,1,2026-10-01T23:34:22Z,2026-10-01T23:34:22Z,
UPB,ok,1,2026-10-01T23:34:22Z,2026-10-01T23:34:22Z,
UPBD,ok,1,2026-10-01T23:34:23Z,2026-10-01T23:34:23Z,
UPC,ok,1,2026-10-01T23:34:23Z,2026-10-01T23:34:23Z,
UPLD,ok,1,2026-10-01T23:34:24Z,2026-10-01T23:34:24Z,
UPS,ok,1,2026-10-01T23:34:24Z,2026-10-01T23:34:24Z,
UPST,ok,1,2026-10-01T23:34:25Z,2026-10-01T23:34:25Z,
UPWK,ok,1,2026-10-01T23:34:25Z,2026-10-01T23:34:25Z,
UPXI,ok,1,2026-10-01T23:34:26Z,2026-10-01T23:34:26Z,
URBN,ok,1,2026-10-01T23:34:26Z,2026-10-01T23:34:26Z,
URG,ok,1,2026-10-01T23:34:27Z,2026-10-01T23:34:27Z,
URGN,ok,1,2026-10-01T23:34:27Z,2026-10-01T23:34:27Z,
URI,ok,1,2026-10-01T23:34:28Z,2026-10-01T23:34:28Z,
UROY,ok,1,2026-10-01T23:34:28Z,2026-10-01T23:34:28Z,
USA,ok,1,2026-10-01T23:34:29Z,2026-10-01T23:34:29Z,
USAC,ok,1,2026-10-01T23:34:29Z,2026-10-01T23:34:29Z,
USAR,ok,1,2026-10-01T23:34:30Z,2026-10-01T23:34:30Z,
USAS,ok,1,2026-10-01T23:34:31Z,2026-10-01T23:34:31Z,
USAU,ok,1,2026-10-01T23:34:31Z,2026-10-01T23:34:31Z,
USB,ok,1,2026-10-01T23:34:31Z,2026-10-01T23:34:31Z,
USBC,ok,1,2026-10-01T23:34:32Z,2026-10-01T23:34:32Z,
USCB,ok,1,2026-10-01T23:34:32Z,2026-10-01T23:34:32Z,
USDE,ok,1,2026-10-01T23:34:33Z,2026-10-01T23:34:33Z,
USEA,ok,1,2026-10-01T23:34:33Z,2026-10-01T23:34:33Z,
USFD,ok,1,2026-10-01T23:34:34Z,2026-10-01T23:34:34Z,
USGO,ok,1,2026-10-01T23:34:34Z,2026-10-01T23:34:34Z,
USIO,ok,1,2026-10-01T23:34:35Z,2026-10-01T23:34:35Z,
USLM,ok,1,2026-10-01T23:34:35Z,2026-10-01T23:34:35Z,
USNA,ok,1,2026-10-01T23:34:36Z,2026-10-01T23:34:36Z,
USPH,ok,1,2026-10-01T23:34:36Z,2026-10-01T23:34:36Z,
UTF,ok,1,2026-10-01T23:34:37Z,2026-10-01T23:34:37Z,
UTG,ok,1,2026-10-01T23:34:37Z,2026-10-01T23:34:37Z,
UTHR,ok,1,2026-10-01T23:34:38Z,2026-10-01T23:34:38Z,
UTI,ok,1,2026-10-01T23:34:38Z,2026-10-01T23:34:38Z,
UTL,ok,1,2026-10-01T23:34:39Z,2026-10-01T23:34:39Z,
UTMD,ok,1,2026-10-01T23:34:40Z,2026-10-01T23:34:40Z,
UTSI,ok,1,2026-10-01T23:34:40Z,2026-10-01T23:34:40Z,
UTZ,ok,1,2026-10-01T23:34:40Z,2026-10-01T23:34:40Z,
UUU,ok,1,2026-10-01T23:34:41Z,2026-10-01T23:34:41Z,
UUUU,ok,1,2026-10-01T23:34:41Z,2026-10-01T23:34:41Z,
UVE,ok,1,2026-10-01T23:34:42Z,2026-10-01T23:34:42Z,
UVSP,ok,1,2026-10-01T23:34:42Z,2026-10-01T23:34:42Z,
UVV,ok,1,2026-10-01T23:34:43Z,2026-10-01T23:34:43Z,
UWMC,ok,1,2026-10-01T23:34:43Z,2026-10-01T23:34:43Z,
UXIN,ok,1,2026-10-01T23:34:44Z,2026-10-01T23:34:44Z,
UYSC,ok,1,2026-10-01T23:34:44Z,2026-10-01T23:34:44Z,
UZX,ok,1,2026-10-01T23:34:45Z,2026-10-01T23:34:45Z,
V,ok,1,2026-10-01T23:34:45Z,2026-10-01T23:34:45Z,
VABK,ok,1,2026-10-01T23:34:46Z,2026-10-01T23:34:46Z,
VAC,ok,1,2026-10-01T23:34:46Z,2026-10-01T23:34:46Z,
VACI,ok,1,2026-10-01T23:34:47Z,2026-10-01T23:34:47Z,
VAI,ok,1,2026-10-01T23:34:47Z,2026-10-01T23:34:47Z,
VAL,ok,1,2026-10-01T23:34:48Z,2026-10-01T23:34:48Z,
VALE,ok,1,2026-10-01T23:34:48Z,2026-10-01T23:34:48Z,
VALN,ok,1,2026-10-01T23:34:49Z,2026-10-01T23:34:49Z,
VALU,ok,1,2026-10-01T23:34:49Z,2026-10-01T23:34:49Z,
VANI,ok,1,2026-10-01T23:34:50Z,2026-10-01T23:34:50Z,
VATE,ok,1,2026-10-01T23:34:50Z,2026-10-01T23:34:50Z,
VBF,ok,1,2026-10-01T23:34:51Z,2026-10-01T23:34:51Z,
VBIO,ok,1,2026-10-01T23:34:51Z,2026-10-01T23:34:51Z,
VBNK,ok,1,2026-10-01T23:34:52Z,2026-10-01T23:34:52Z,
VC,ok,1,2026-10-01T23:34:52Z,2026-10-01T23:34:52Z,
VCEL,ok,1,2026-10-01T23:34:53Z,2026-10-01T23:34:53Z,
VCIG,ok,1,2026-10-01T23:34:53Z,2026-10-01T23:34:53Z,
VCRE,ok,1,2026-10-01T23:34:54Z,2026-10-01T23:34:54Z,
VCTR,ok,1,2026-10-01T23:34:54Z,2026-10-01T23:34:54Z,
VCV,ok,1,2026-10-01T23:34:55Z,2026-10-01T23:34:55Z,
VCX,ok,1,2026-10-01T23:34:55Z,2026-10-01T23:34:55Z,
VCYT,ok,1,2026-10-01T23:34:56Z,2026-10-01T23:34:56Z,
VECA,ok,1,2026-10-01T23:34:56Z,2026-10-01T23:34:56Z,
VECO,ok,1,2026-10-01T23:34:57Z,2026-10-01T23:34:57Z,
VEEA,ok,1,2026-10-01T23:34:57Z,2026-10-01T23:34:57Z,
VEEE,ok,1,2026-10-01T23:34:58Z,2026-10-01T23:34:58Z,
VEEV,ok,1,2026-10-01T23:34:58Z,2026-10-01T23:34:58Z,
VEL,ok,1,2026-10-01T23:34:59Z,2026-10-01T23:34:59Z,
VELO,ok,1,2026-10-01T23:35:00Z,2026-10-01T23:35:00Z,
VENU,ok,1,2026-10-01T23:35:00Z,2026-10-01T23:35:00Z,
VEON,ok,1,2026-10-01T23:35:00Z,2026-10-01T23:35:00Z,
VERA,ok,1,2026-10-01T23:35:01Z,2026-10-01T23:35:01Z,
VERI,ok,1,2026-10-01T23:35:01Z,2026-10-01T23:35:01Z,
VERU,ok,1,2026-10-01T23:35:02Z,2026-10-01T23:35:02Z,
VERX,ok,1,2026-10-01T23:35:03Z,2026-10-01T23:35:03Z,
VET,ok,1,2026-10-01T23:35:03Z,2026-10-01T23:35:03Z,
VFC,ok,1,2026-10-01T23:35:03Z,2026-10-01T23:35:03Z,
VFF,ok,1,2026-10-01T23:35:04Z,2026-10-01T23:35:04Z,
VFS,ok,1,2026-10-01T23:35:04Z,2026-10-01T23:35:04Z,
VG,ok,1,2026-10-01T23:35:05Z,2026-10-01T23:35:05Z,
VGAS,ok,1,2026-10-01T23:35:06Z,2026-10-01T23:35:06Z,
VGI,ok,1,2026-10-01T23:35:06Z,2026-10-01T23:35:06Z,
VGM,ok,1,2026-10-01T23:35:06Z,2026-10-01T23:35:06Z,
VGNT,ok,1,2026-10-01T23:35:07Z,2026-10-01T23:35:07Z,
VGZ,ok,1,2026-10-01T23:35:07Z,2026-10-01T23:35:07Z,
VHC,ok,1,2026-10-01T23:35:08Z,2026-10-01T23:35:08Z,
VHCP,ok,1,2026-10-01T23:35:08Z,2026-10-01T23:35:08Z,
VHI,ok,1,2026-10-01T23:35:09Z,2026-10-01T23:35:09Z,
VHUB,ok,1,2026-10-01T23:35:09Z,2026-10-01T23:35:09Z,
VIA,ok,1,2026-10-01T23:35:10Z,2026-10-01T23:35:10Z,
VIAV,ok,1,2026-10-01T23:35:10Z,2026-10-01T23:35:10Z,
VICI,ok,1,2026-10-01T23:35:11Z,2026-10-01T23:35:11Z,
VICR,ok,1,2026-10-01T23:35:11Z,2026-10-01T23:35:11Z,
VIDA,ok,1,2026-10-01T23:35:12Z,2026-10-01T23:35:12Z,
VII,ok,1,2026-10-01T23:35:12Z,2026-10-01T23:35:12Z,
VIK,ok,1,2026-10-01T23:35:13Z,2026-10-01T23:35:13Z,
VINP,ok,1,2026-10-01T23:35:13Z,2026-10-01T23:35:13Z,
VIOT,ok,1,2026-10-01T23:35:14Z,2026-10-01T23:35:14Z,
VIP,ok,1,2026-10-01T23:35:14Z,2026-10-01T23:35:14Z,
VIPS,ok,1,2026-10-01T23:35:15Z,2026-10-01T23:35:15Z,
VIR,ok,1,2026-10-01T23:35:15Z,2026-10-01T23:35:15Z,
VIRC,ok,1,2026-10-01T23:35:16Z,2026-10-01T23:35:16Z,
VIRT,ok,1,2026-10-01T23:35:16Z,2026-10-01T23:35:16Z,
VISN,ok,1,2026-10-01T23:35:17Z,2026-10-01T23:35:17Z,
VIST,ok,1,2026-10-01T23:35:17Z,2026-10-01T23:35:17Z,
VITL,ok,1,2026-10-01T23:35:18Z,2026-10-01T23:35:18Z,
VIV,ok,1,2026-10-01T23:35:18Z,2026-10-01T23:35:18Z,
VIVK,ok,1,2026-10-01T23:35:19Z,2026-10-01T23:35:19Z,
VIVO,ok,1,2026-10-01T23:35:19Z,2026-10-01T23:35:19Z,
VIVS,ok,1,2026-10-01T23:35:20Z,2026-10-01T23:35:20Z,
VKI,ok,1,2026-10-01T23:35:21Z,2026-10-01T23:35:21Z,
VKQ,ok,1,2026-10-01T23:35:21Z,2026-10-01T23:35:21Z,
VKTX,ok,1,2026-10-01T23:35:21Z,2026-10-01T23:35:21Z,
VLGEA,ok,1,2026-10-01T23:35:22Z,2026-10-01T23:35:22Z,
VLN,ok,1,2026-10-01T23:35:23Z,2026-10-01T23:35:23Z,
VLO,ok,1,2026-10-01T23:35:23Z,2026-10-01T23:35:23Z,
VLOS,ok,1,2026-10-01T23:35:24Z,2026-10-01T23:35:24Z,
VLRS,ok,1,2026-10-01T23:35:24Z,2026-10-01T23:35:24Z,
VLT,ok,1,2026-10-01T23:35:24Z,2026-10-01T23:35:24Z,
VLTO,ok,1,2026-10-01T23:35:25Z,2026-10-01T23:35:25Z,
VLY,ok,1,2026-10-01T23:35:25Z,2026-10-01T23:35:25Z,
VMAR,ok,1,2026-10-01T23:35:26Z,2026-10-01T23:35:26Z,
VMC,ok,1,2026-10-01T23:35:26Z,2026-10-01T23:35:26Z,
VMD,ok,1,2026-10-01T23:35:27Z,2026-10-01T23:35:27Z,
VMET,ok,1,2026-10-01T23:35:27Z,2026-10-01T23:35:27Z,
VMI,ok,1,2026-10-01T23:35:28Z,2026-10-01T23:35:28Z,
VMO,ok,1,2026-10-01T23:35:28Z,2026-10-01T23:35:28Z,
VMRK,ok,1,2026-10-01T23:35:29Z,2026-10-01T23:35:29Z,
VNCE,ok,1,2026-10-01T23:35:29Z,2026-10-01T23:35:29Z,
VNDA,ok,1,2026-10-01T23:35:30Z,2026-10-01T23:35:30Z,
VNET,ok,1,2026-10-01T23:35:30Z,2026-10-01T23:35:30Z,
VNME,ok,1,2026-10-01T23:35:31Z,2026-10-01T23:35:31Z,
VNO,ok,1,2026-10-01T23:35:31Z,2026-10-01T23:35:31Z,
VNOM,ok,1,2026-10-01T23:35:32Z,2026-10-01T23:35:32Z,
VNRX,ok,1,2026-10-01T23:35:32Z,2026-10-01T23:35:32Z,
VNT,ok,1,2026-10-01T23:35:33Z,2026-10-01T23:35:33Z,
VNTG,ok,1,2026-10-01T23:35:33Z,2026-10-01T23:35:33Z,
VOD,ok,1,2026-10-01T23:35:34Z,2026-10-01T23:35:34Z,
VOGX,ok,1,2026-10-01T23:35:34Z,2026-10-01T23:35:34Z,
VOR,ok,1,2026-10-01T23:35:35Z,2026-10-01T23:35:35Z,
VOXR,ok,1,2026-10-01T23:35:35Z,2026-10-01T23:35:35Z,
VOYA,ok,1,2026-10-01T23:35:36Z,2026-10-01T23:35:36Z,
VOYG,ok,1,2026-10-01T23:35:36Z,2026-10-01T23:35:36Z,
VPG,ok,1,2026-10-01T23:35:37Z,2026-10-01T23:35:37Z,
VPV,ok,1,2026-10-01T23:35:37Z,2026-10-01T23:35:37Z,
VRA,ok,1,2026-10-01T23:35:38Z,2026-10-01T23:35:38Z,
VRAX,ok,1,2026-10-01T23:35:38Z,2026-10-01T23:35:38Z,
VRCA,ok,1,2026-10-01T23:35:39Z,2026-10-01T23:35:39Z,
VRDN,ok,1,2026-10-01T23:35:39Z,2026-10-01T23:35:39Z,
VREX,ok,1,2026-10-01T23:35:40Z,2026-10-01T23:35:40Z,
VRM,ok,1,2026-10-01T23:35:40Z,2026-10-01T23:35:40Z,
VRNS,ok,1,2026-10-01T23:35:41Z,2026-10-01T23:35:41Z,
VRRM,ok,1,2026-10-01T23:35:41Z,2026-10-01T23:35:41Z,
VRSK,ok,1,2026-10-01T23:35:42Z,2026-10-01T23:35:42Z,
VRSN,ok,1,2026-10-01T23:35:42Z,2026-10-01T23:35:42Z,
VRT,ok,1,2026-10-01T23:35:43Z,2026-10-01T23:35:43Z,
VRTS,ok,1,2026-10-01T23:35:43Z,2026-10-01T23:35:43Z,
VRTX,ok,1,2026-10-01T23:35:44Z,2026-10-01T23:35:44Z,
VRXA,ok,1,2026-10-01T23:35:44Z,2026-10-01T23:35:44Z,
VS,ok,1,2026-10-01T23:35:45Z,2026-10-01T23:35:45Z,
VSA,ok,1,2026-10-01T23:35:45Z,2026-10-01T23:35:45Z,
VSAT,ok,1,2026-10-01T23:35:46Z,2026-10-01T23:35:46Z,
VSEC,ok,1,2026-10-01T23:35:46Z,2026-10-01T23:35:46Z,
VSH,ok,1,2026-10-01T23:35:47Z,2026-10-01T23:35:47Z,
VSME,ok,1,2026-10-01T23:35:47Z,2026-10-01T23:35:47Z,
VSNT,ok,1,2026-10-01T23:35:48Z,2026-10-01T23:35:48Z,
VST,ok,1,2026-10-01T23:35:48Z,2026-10-01T23:35:48Z,
VSTM,ok,1,2026-10-01T23:35:49Z,2026-10-01T23:35:49Z,
VSTS,ok,1,2026-10-01T23:35:49Z,2026-10-01T23:35:49Z,
VSXY,ok,1,2026-10-01T23:35:50Z,2026-10-01T23:35:50Z,
VTAK,ok,1,2026-10-01T23:35:50Z,2026-10-01T23:35:50Z,
VTEX,ok,1,2026-10-01T23:35:51Z,2026-10-01T23:35:51Z,
VTGN,ok,1,2026-10-01T23:35:51Z,2026-10-01T23:35:51Z,
VTIX,ok,1,2026-10-01T23:35:52Z,2026-10-01T23:35:52Z,
VTMX,ok,1,2026-10-01T23:35:52Z,2026-10-01T23:35:52Z,
VTN,ok,1,2026-10-01T23:35:53Z,2026-10-01T23:35:53Z,
VTOL,ok,1,2026-10-01T23:35:53Z,2026-10-01T23:35:53Z,
VTR,ok,1,2026-10-01T23:35:54Z,2026-10-01T23:35:54Z,
VTRS,ok,1,2026-10-01T23:35:54Z,2026-10-01T23:35:54Z,
VTS,ok,1,2026-10-01T23:35:55Z,2026-10-01T23:35:55Z,
VTSI,ok,1,2026-10-01T23:35:55Z,2026-10-01T23:35:55Z,
VTVT,ok,1,2026-10-01T23:35:56Z,2026-10-01T23:35:56Z,
VUZI,ok,1,2026-10-01T23:35:56Z,2026-10-01T23:35:56Z,
VVOS,ok,1,2026-10-01T23:35:57Z,2026-10-01T23:35:57Z,
VVR,ok,1,2026-10-01T23:35:57Z,2026-10-01T23:35:57Z,
VVV,ok,1,2026-10-01T23:35:58Z,2026-10-01T23:35:58Z,
VVX,ok,1,2026-10-01T23:35:58Z,2026-10-01T23:35:58Z,
VWAV,ok,1,2026-10-01T23:35:59Z,2026-10-01T23:35:59Z,
VXX,ok,1,2026-10-01T23:36:00Z,2026-10-01T23:36:00Z,
VXZ,ok,1,2026-10-01T23:36:00Z,2026-10-01T23:36:00Z,
VYGR,ok,1,2026-10-01T23:36:00Z,2026-10-01T23:36:00Z,
VYLR,ok,1,2026-10-01T23:36:01Z,2026-10-01T23:36:01Z,
VYX,ok,1,2026-10-01T23:36:01Z,2026-10-01T23:36:01Z,
VZ,ok,1,2026-10-01T23:36:02Z,2026-10-01T23:36:02Z,
VZLA,ok,1,2026-10-01T23:36:02Z,2026-10-01T23:36:02Z,
W,ok,1,2026-10-01T23:36:03Z,2026-10-01T23:36:03Z,
WAB,ok,1,2026-10-01T23:36:03Z,2026-10-01T23:36:03Z,
WABC,ok,1,2026-10-01T23:36:04Z,2026-10-01T23:36:04Z,
WAFD,ok,1,2026-10-01T23:36:04Z,2026-10-01T23:36:04Z,
WAFU,ok,1,2026-10-01T23:36:05Z,2026-10-01T23:36:05Z,
WAL,ok,1,2026-10-01T23:36:05Z,2026-10-01T23:36:05Z,
WALD,ok,1,2026-10-01T23:36:06Z,2026-10-01T23:36:06Z,
WASH,ok,1,2026-10-01T23:36:06Z,2026-10-01T23:36:06Z,
WAT,ok,1,2026-10-01T23:36:07Z,2026-10-01T23:36:07Z,
WATR,ok,1,2026-10-01T23:36:07Z,2026-10-01T23:36:07Z,
WATT,ok,1,2026-10-01T23:36:08Z,2026-10-01T23:36:08Z,
WAVE,ok,1,2026-10-01T23:36:08Z,2026-10-01T23:36:08Z,
WAY,ok,1,2026-10-01T23:36:09Z,2026-10-01T23:36:09Z,
WB,ok,1,2026-10-01T23:36:09Z,2026-10-01T23:36:09Z,
WBD,ok,1,2026-10-01T23:36:10Z,2026-10-01T23:36:10Z,
WBI,ok,1,2026-10-01T23:36:10Z,2026-10-01T23:36:10Z,
WBTN,ok,1,2026-10-01T23:36:11Z,2026-10-01T23:36:11Z,
WBUY,ok,1,2026-10-01T23:36:11Z,2026-10-01T23:36:11Z,
WBX,ok,1,2026-10-01T23:36:12Z,2026-10-01T23:36:12Z,
WCC,ok,1,2026-10-01T23:36:12Z,2026-10-01T23:36:12Z,
WCCB,ok,1,2026-10-01T23:36:13Z,2026-10-01T23:36:13Z,
WCN,ok,1,2026-10-01T23:36:13Z,2026-10-01T23:36:13Z,
WCT,ok,1,2026-10-01T23:36:14Z,2026-10-01T23:36:14Z,
WD,ok,1,2026-10-01T23:36:14Z,2026-10-01T23:36:14Z,
WDAY,ok,1,2026-10-01T23:36:15Z,2026-10-01T23:36:15Z,
WDC,ok,1,2026-10-01T23:36:15Z,2026-10-01T23:36:15Z,
WDFC,ok,1,2026-10-01T23:36:16Z,2026-10-01T23:36:16Z,
WDH,ok,1,2026-10-01T23:36:16Z,2026-10-01T23:36:16Z,
WDI,ok,1,2026-10-01T23:36:17Z,2026-10-01T23:36:17Z,
WDS,ok,1,2026-10-01T23:36:17Z,2026-10-01T23:36:17Z,
WEAV,ok,1,2026-10-01T23:36:18Z,2026-10-01T23:36:18Z,
WEC,ok,1,2026-10-01T23:36:18Z,2026-10-01T23:36:18Z,
WELL,ok,1,2026-10-01T23:36:19Z,2026-10-01T23:36:19Z,
WEN,ok,1,2026-10-01T23:36:19Z,2026-10-01T23:36:19Z,
WENC,ok,1,2026-10-01T23:36:20Z,2026-10-01T23:36:20Z,
WENN,ok,1,2026-10-01T23:36:20Z,2026-10-01T23:36:20Z,
WERN,ok,1,2026-10-01T23:36:21Z,2026-10-01T23:36:21Z,
WES,ok,1,2026-10-01T23:36:22Z,2026-10-01T23:36:22Z,
WEST,ok,1,2026-10-01T23:36:22Z,2026-10-01T23:36:22Z,
WETH,ok,1,2026-10-01T23:36:22Z,2026-10-01T23:36:22Z,
WETO,ok,1,2026-10-01T23:36:23Z,2026-10-01T23:36:23Z,
WEX,ok,1,2026-10-01T23:36:23Z,2026-10-01T23:36:23Z,
WEYS,ok,1,2026-10-01T23:36:24Z,2026-10-01T23:36:24Z,
WF,ok,1,2026-10-01T23:36:24Z,2026-10-01T23:36:24Z,
WFC,ok,1,2026-10-01T23:36:25Z,2026-10-01T23:36:25Z,
WFCF,ok,1,2026-10-01T23:36:25Z,2026-10-01T23:36:25Z,
WFF,ok,1,2026-10-01T23:36:26Z,2026-10-01T23:36:26Z,
WFG,ok,1,2026-10-01T23:36:26Z,2026-10-01T23:36:26Z,
WFRD,ok,1,2026-10-01T23:36:27Z,2026-10-01T23:36:27Z,
WGO,ok,1,2026-10-01T23:36:27Z,2026-10-01T23:36:27Z,
WGS,ok,1,2026-10-01T23:36:28Z,2026-10-01T23:36:28Z,
WH,ok,1,2026-10-01T23:36:28Z,2026-10-01T23:36:28Z,
WHD,ok,1,2026-10-01T23:36:29Z,2026-10-01T23:36:29Z,
WHF,ok,1,2026-10-01T23:36:29Z,2026-10-01T23:36:29Z,
WHG,ok,1,2026-10-01T23:36:30Z,2026-10-01T23:36:30Z,
WHK,ok,1,2026-10-01T23:36:30Z,2026-10-01T23:36:30Z,
WHLR,ok,1,2026-10-01T23:36:31Z,2026-10-01T23:36:31Z,
WHR,ok,1,2026-10-01T23:36:31Z,2026-10-01T23:36:31Z,
WHWK,ok,1,2026-10-01T23:36:32Z,2026-10-01T23:36:32Z,
WIA,ok,1,2026-10-01T23:36:33Z,2026-10-01T23:36:33Z,
WIMI,ok,1,2026-10-01T23:36:33Z,2026-10-01T23:36:33Z,
WINA,ok,1,2026-10-01T23:36:33Z,2026-10-01T23:36:33Z,
WING,ok,1,2026-10-01T23:36:34Z,2026-10-01T23:36:34Z,
WIT,ok,1,2026-10-01T23:36:34Z,2026-10-01T23:36:34Z,
WIW,ok,1,2026-10-01T23:36:35Z,2026-10-01T23:36:35Z,
WIX,ok,1,2026-10-01T23:36:35Z,2026-10-01T23:36:35Z,
WK,ok,1,2026-10-01T23:36:36Z,2026-10-01T23:36:36Z,
WKC,ok,1,2026-10-01T23:36:37Z,2026-10-01T23:36:37Z,
WKEY,ok,1,2026-10-01T23:36:37Z,2026-10-01T23:36:37Z,
WKHS,ok,1,2026-10-01T23:36:37Z,2026-10-01T23:36:37Z,
WKSP,ok,1,2026-10-01T23:36:38Z,2026-10-01T23:36:38Z,
WLCO,ok,1,2026-10-01T23:36:38Z,2026-10-01T23:36:38Z,
WLDN,ok,1,2026-10-01T23:36:39Z,2026-10-01T23:36:39Z,
WLDS,ok,1,2026-10-01T23:36:39Z,2026-10-01T23:36:39Z,
WLFC,ok,1,2026-10-01T23:36:40Z,2026-10-01T23:36:40Z,
WLII,ok,1,2026-10-01T23:36:40Z,2026-10-01T23:36:40Z,
WLK,ok,1,2026-10-01T23:36:41Z,2026-10-01T23:36:41Z,
WLKP,ok,1,2026-10-01T23:36:41Z,2026-10-01T23:36:41Z,
WLTH,ok,1,2026-10-01T23:36:42Z,2026-10-01T23:36:42Z,
WLY,ok,1,2026-10-01T23:36:42Z,2026-10-01T23:36:42Z,
WLYB,ok,1,2026-10-01T23:36:43Z,2026-10-01T23:36:43Z,
WM,ok,1,2026-10-01T23:36:43Z,2026-10-01T23:36:43Z,
WMB,ok,1,2026-10-01T23:36:44Z,2026-10-01T23:36:44Z,
WMG,ok,1,2026-10-01T23:36:44Z,2026-10-01T23:36:44Z,
WMK,ok,1,2026-10-01T23:36:45Z,2026-10-01T23:36:45Z,
WMS,ok,1,2026-10-01T23:36:45Z,2026-10-01T23:36:45Z,
WMT,ok,1,2026-10-01T23:36:46Z,2026-10-01T23:36:46Z,
WNC,ok,1,2026-10-01T23:36:47Z,2026-10-01T23:36:47Z,
WNEB,ok,1,2026-10-01T23:36:47Z,2026-10-01T23:36:47Z,
WNW,ok,1,2026-10-01T23:36:47Z,2026-10-01T23:36:47Z,
WOK,ok,1,2026-10-01T23:36:48Z,2026-10-01T23:36:48Z,
WOLF,ok,1,2026-10-01T23:36:48Z,2026-10-01T23:36:48Z,
WOOF,ok,1,2026-10-01T23:36:49Z,2026-10-01T23:36:49Z,
WOR,ok,1,2026-10-01T23:36:49Z,2026-10-01T23:36:49Z,
WPAC,ok,1,2026-10-01T23:36:50Z,2026-10-01T23:36:50Z,
WPC,ok,1,2026-10-01T23:36:50Z,2026-10-01T23:36:50Z,
WPM,ok,1,2026-10-01T23:36:51Z,2026-10-01T23:36:51Z,
WPP,ok,1,2026-10-01T23:36:52Z,2026-10-01T23:36:52Z,
WPRT,ok,1,2026-10-01T23:36:52Z,2026-10-01T23:36:52Z,
WRAP,ok,1,2026-10-01T23:36:52Z,2026-10-01T23:36:52Z,
WRB,ok,1,2026-10-01T23:36:53Z,2026-10-01T23:36:53Z,
WRBY,ok,1,2026-10-01T23:36:53Z,2026-10-01T23:36:53Z,
WRD,ok,1,2026-10-01T23:36:54Z,2026-10-01T23:36:54Z,
WRLD,ok,1,2026-10-01T23:36:54Z,2026-10-01T23:36:54Z,
WRN,ok,1,2026-10-01T23:36:55Z,2026-10-01T23:36:55Z,
WS,ok,1,2026-10-01T23:36:55Z,2026-10-01T23:36:55Z,
WSBC,ok,1,2026-10-01T23:36:56Z,2026-10-01T23:36:56Z,
WSBF,ok,1,2026-10-01T23:36:56Z,2026-10-01T23:36:56Z,
WSBK,ok,1,2026-10-01T23:36:57Z,2026-10-01T23:36:57Z,
WSC,ok,1,2026-10-01T23:36:57Z,2026-10-01T23:36:57Z,
WSE,ok,1,2026-10-01T23:36:58Z,2026-10-01T23:36:58Z,
WSFS,ok,1,2026-10-01T23:36:58Z,2026-10-01T23:36:58Z,
WSHP,ok,1,2026-10-01T23:36:59Z,2026-10-01T23:36:59Z,
WSM,ok,1,2026-10-01T23:36:59Z,2026-10-01T23:36:59Z,
WSO,ok,1,2026-10-01T23:37:00Z,2026-10-01T23:37:00Z,
WSO-B,ok,1,2026-10-01T23:37:00Z,2026-10-01T23:37:00Z,
WST,ok,1,2026-10-01T23:37:01Z,2026-10-01T23:37:01Z,
WSTN,ok,1,2026-10-01T23:37:01Z,2026-10-01T23:37:01Z,
WT,ok,1,2026-10-01T23:37:02Z,2026-10-01T23:37:02Z,
WTBA,ok,1,2026-10-01T23:37:02Z,2026-10-01T23:37:02Z,
WTF,ok,1,2026-10-01T23:37:03Z,2026-10-01T23:37:03Z,
WTFC,ok,1,2026-10-01T23:37:03Z,2026-10-01T23:37:03Z,
WTG,ok,1,2026-10-01T23:37:04Z,2026-10-01T23:37:04Z,
WTI,ok,1,2026-10-01T23:37:05Z,2026-10-01T23:37:05Z,
WTM,ok,1,2026-10-01T23:37:05Z,2026-10-01T23:37:05Z,
WTRG,ok,1,2026-10-01T23:37:05Z,2026-10-01T23:37:05Z,
WTS,ok,1,2026-10-01T23:37:06Z,2026-10-01T23:37:06Z,
WTTR,ok,1,2026-10-01T23:37:06Z,2026-10-01T23:37:06Z,
WTW,ok,1,2026-10-01T23:37:07Z,2026-10-01T23:37:07Z,
WU,ok,1,2026-10-01T23:37:07Z,2026-10-01T23:37:07Z,
WULF,ok,1,2026-10-01T23:37:08Z,2026-10-01T23:37:08Z,
WVE,ok,1,2026-10-01T23:37:08Z,2026-10-01T23:37:08Z,
WVVI,ok,1,2026-10-01T23:37:09Z,2026-10-01T23:37:09Z,
WW,ok,1,2026-10-01T23:37:09Z,2026-10-01T23:37:09Z,
WWD,ok,1,2026-10-01T23:37:10Z,2026-10-01T23:37:10Z,
WWR,ok,1,2026-10-01T23:37:11Z,2026-10-01T23:37:11Z,
WWW,ok,1,2026-10-01T23:37:11Z,2026-10-01T23:37:11Z,
WXM,ok,1,2026-10-01T23:37:11Z,2026-10-01T23:37:11Z,
WY,ok,1,2026-10-01T23:37:12Z,2026-10-01T23:37:12Z,
WYFI,ok,1,2026-10-01T23:37:12Z,2026-10-01T23:37:12Z,
WYHG,ok,1,2026-10-01T23:37:13Z,2026-10-01T23:37:13Z,
WYNN,ok,1,2026-10-01T23:37:13Z,2026-10-01T23:37:13Z,
WYY,ok,1,2026-10-01T23:37:14Z,2026-10-01T23:37:14Z,
XAIR,ok,1,2026-10-01T23:37:14Z,2026-10-01T23:37:14Z,
XBIO,ok,1,2026-10-01T23:37:15Z,2026-10-01T23:37:15Z,
XBIT,ok,1,2026-10-01T23:37:15Z,2026-10-01T23:37:15Z,
XBP,ok,1,2026-10-01T23:37:16Z,2026-10-01T23:37:16Z,
XCBE,ok,1,2026-10-01T23:37:16Z,2026-10-01T23:37:16Z,
XCH,ok,1,2026-10-01T23:37:17Z,2026-10-01T23:37:17Z,
XCUR,ok,1,2026-10-01T23:37:17Z,2026-10-01T23:37:17Z,
XE,ok,1,2026-10-01T23:37:18Z,2026-10-01T23:37:18Z,
XEL,ok,1,2026-10-01T23:37:18Z,2026-10-01T23:37:18Z,
XELB,ok,1,2026-10-01T23:37:19Z,2026-10-01T23:37:19Z,
XENE,ok,1,2026-10-01T23:37:19Z,2026-10-01T23:37:19Z,
XERS,ok,1,2026-10-01T23:37:20Z,2026-10-01T23:37:20Z,
XFLH,ok,1,2026-10-01T23:37:20Z,2026-10-01T23:37:20Z,
XFLT,ok,1,2026-10-01T23:37:21Z,2026-10-01T23:37:21Z,
XFOR,ok,1,2026-10-01T23:37:21Z,2026-10-01T23:37:21Z,
XGN,ok,1,2026-10-01T23:37:22Z,2026-10-01T23:37:22Z,
XHG,ok,1,2026-10-01T23:37:22Z,2026-10-01T23:37:22Z,
XHLD,ok,1,2026-10-01T23:37:23Z,2026-10-01T23:37:23Z,
XHR,ok,1,2026-10-01T23:37:23Z,2026-10-01T23:37:23Z,
XIFR,ok,1,2026-10-01T23:37:24Z,2026-10-01T23:37:24Z,
XIII,ok,1,2026-10-01T23:37:24Z,2026-10-01T23:37:24Z,
XLAB,ok,1,2026-10-01T23:37:25Z,2026-10-01T23:37:25Z,
XLO,ok,1,2026-10-01T23:37:25Z,2026-10-01T23:37:25Z,
XMAX,ok,1,2026-10-01T23:37:26Z,2026-10-01T23:37:26Z,
XMTR,ok,1,2026-10-01T23:37:26Z,2026-10-01T23:37:26Z,
XNCR,ok,1,2026-10-01T23:37:27Z,2026-10-01T23:37:27Z,
XNDU,ok,1,2026-10-01T23:37:27Z,2026-10-01T23:37:27Z,
XNET,ok,1,2026-10-01T23:37:28Z,2026-10-01T23:37:28Z,
XOM,ok,1,2026-10-01T23:37:28Z,2026-10-01T23:37:28Z,
XOS,ok,1,2026-10-01T23:37:29Z,2026-10-01T23:37:29Z,
XP,ok,1,2026-10-01T23:37:29Z,2026-10-01T23:37:29Z,
XPEL,ok,1,2026-10-01T23:37:30Z,2026-10-01T23:37:30Z,
XPER,ok,1,2026-10-01T23:37:31Z,2026-10-01T23:37:31Z,
XPEV,ok,1,2026-10-01T23:37:31Z,2026-10-01T23:37:31Z,
XPL,ok,1,2026-10-01T23:37:31Z,2026-10-01T23:37:31Z,
XPO,ok,1,2026-10-01T23:37:32Z,2026-10-01T23:37:32Z,
XPOF,ok,1,2026-10-01T23:37:32Z,2026-10-01T23:37:32Z,
XPON,ok,1,2026-10-01T23:37:33Z,2026-10-01T23:37:33Z,
XPRO,ok,1,2026-10-01T23:37:33Z,2026-10-01T23:37:33Z,
XRAY,ok,1,2026-10-01T23:37:34Z,2026-10-01T23:37:34Z,
XRN,ok,1,2026-10-01T23:37:34Z,2026-10-01T23:37:34Z,
XRPN,ok,1,2026-10-01T23:37:35Z,2026-10-01T23:37:35Z,
XRTX,ok,1,2026-10-01T23:37:35Z,2026-10-01T23:37:35Z,
XRX,ok,1,2026-10-01T23:37:36Z,2026-10-01T23:37:36Z,
XSLL,ok,1,2026-10-01T23:37:36Z,2026-10-01T23:37:36Z,
XTER,ok,1,2026-10-01T23:37:37Z,2026-10-01T23:37:37Z,
XTIA,ok,1,2026-10-01T23:37:37Z,2026-10-01T23:37:37Z,
XTLB,ok,1,2026-10-01T23:37:38Z,2026-10-01T23:37:38Z,
XTND,ok,1,2026-10-01T23:37:38Z,2026-10-01T23:37:38Z,
XTNT,ok,1,2026-10-01T23:37:39Z,2026-10-01T23:37:39Z,
XWEL,ok,1,2026-10-01T23:37:39Z,2026-10-01T23:37:39Z,
XXI,ok,1,2026-10-01T23:37:40Z,2026-10-01T23:37:40Z,
XXII,ok,1,2026-10-01T23:37:40Z,2026-10-01T23:37:40Z,
XYF,ok,1,2026-10-01T23:37:41Z,2026-10-01T23:37:41Z,
XYL,ok,1,2026-10-01T23:37:41Z,2026-10-01T23:37:41Z,
XYZ,ok,1,2026-10-01T23:37:42Z,2026-10-01T23:37:42Z,
XZO,ok,1,2026-10-01T23:37:42Z,2026-10-01T23:37:42Z,
YAAS,ok,1,2026-10-01T23:37:43Z,2026-10-01T23:37:43Z,
YALA,ok,1,2026-10-01T23:37:43Z,2026-10-01T23:37:43Z,
YARW,ok,1,2026-10-01T23:37:44Z,2026-10-01T23:37:44Z,
YB,ok,1,2026-10-01T23:37:44Z,2026-10-01T23:37:44Z,
YCBD,ok,1,2026-10-01T23:37:45Z,2026-10-01T23:37:45Z,
YCY,ok,1,2026-10-01T23:37:45Z,2026-10-01T23:37:45Z,
YDDL,ok,1,2026-10-01T23:37:46Z,2026-10-01T23:37:46Z,
YDES,ok,1,2026-10-01T23:37:47Z,2026-10-01T23:37:47Z,
YDKG,ok,1,2026-10-01T23:37:47Z,2026-10-01T23:37:47Z,
YELP,ok,1,2026-10-01T23:37:47Z,2026-10-01T23:37:47Z,
YETI,ok,1,2026-10-01T23:37:48Z,2026-10-01T23:37:48Z,
YEXT,ok,1,2026-10-01T23:37:48Z,2026-10-01T23:37:48Z,
YFOR,ok,1,2026-10-01T23:37:49Z,2026-10-01T23:37:49Z,
YHC,ok,1,2026-10-01T23:37:49Z,2026-10-01T23:37:49Z,
YHGJ,ok,1,2026-10-01T23:37:50Z,2026-10-01T23:37:50Z,
YHNA,ok,1,2026-10-01T23:37:51Z,2026-10-01T23:37:51Z,
YI,ok,1,2026-10-01T23:37:51Z,2026-10-01T23:37:51Z,
YIBO,ok,1,2026-10-01T23:37:51Z,2026-10-01T23:37:51Z,
YICC,ok,1,2026-10-01T23:37:52Z,2026-10-01T23:37:52Z,
YJ,ok,1,2026-10-01T23:37:52Z,2026-10-01T23:37:52Z,
YMAT,ok,1,2026-10-01T23:37:53Z,2026-10-01T23:37:53Z,
YMM,ok,1,2026-10-01T23:37:53Z,2026-10-01T23:37:53Z,
YMT,ok,1,2026-10-01T23:37:54Z,2026-10-01T23:37:54Z,
YORW,ok,1,2026-10-01T23:37:54Z,2026-10-01T23:37:54Z,
YOU,ok,1,2026-10-01T23:37:55Z,2026-10-01T23:37:55Z,
YOUL,ok,1,2026-10-01T23:37:55Z,2026-10-01T23:37:55Z,
YPF,ok,1,2026-10-01T23:37:56Z,2026-10-01T23:37:56Z,
YQ,ok,1,2026-10-01T23:37:56Z,2026-10-01T23:37:56Z,
YRD,ok,1,2026-10-01T23:37:57Z,2026-10-01T23:37:57Z,
YSG,ok,1,2026-10-01T23:37:57Z,2026-10-01T23:37:57Z,
YSS,ok,1,2026-10-01T23:37:58Z,2026-10-01T23:37:58Z,
YSWY,ok,1,2026-10-01T23:37:58Z,2026-10-01T23:37:58Z,
YSXT,ok,1,2026-10-01T23:37:59Z,2026-10-01T23:37:59Z,
YTRA,ok,1,2026-10-01T23:37:59Z,2026-10-01T23:37:59Z,
YUM,ok,1,2026-10-01T23:38:00Z,2026-10-01T23:38:00Z,
YUMC,ok,1,2026-10-01T23:38:00Z,2026-10-01T23:38:00Z,
YXT,ok,1,2026-10-01T23:38:01Z,2026-10-01T23:38:01Z,
YYAI,ok,1,2026-10-01T23:38:01Z,2026-10-01T23:38:01Z,
Z,ok,1,2026-10-01T23:38:02Z,2026-10-01T23:38:02Z,
ZBAO,ok,1,2026-10-01T23:38:02Z,2026-10-01T23:38:02Z,
ZBH,ok,1,2026-10-01T23:38:03Z,2026-10-01T23:38:03Z,
ZBIO,ok,1,2026-10-01T23:38:04Z,2026-10-01T23:38:04Z,
ZBRA,ok,1,2026-10-01T23:38:04Z,2026-10-01T23:38:04Z,
ZCMD,ok,1,2026-10-01T23:38:04Z,2026-10-01T23:38:04Z,
ZD,ok,1,2026-10-01T23:38:05Z,2026-10-01T23:38:05Z,
ZDAI,ok,1,2026-10-01T23:38:05Z,2026-10-01T23:38:05Z,
ZDGE,ok,1,2026-10-01T23:38:06Z,2026-10-01T23:38:06Z,
ZENA,ok,1,2026-10-01T23:38:06Z,2026-10-01T23:38:06Z,
ZEO,ok,1,2026-10-01T23:38:07Z,2026-10-01T23:38:07Z,
ZEPP,ok,1,2026-10-01T23:38:08Z,2026-10-01T23:38:08Z,
ZETA,ok,1,2026-10-01T23:38:08Z,2026-10-01T23:38:08Z,
ZG,ok,1,2026-10-01T23:38:08Z,2026-10-01T23:38:08Z,
ZGN,ok,1,2026-10-01T23:38:09Z,2026-10-01T23:38:09Z,
ZH,ok,1,2026-10-01T23:38:09Z,2026-10-01T23:38:09Z,
ZIM,ok,1,2026-10-01T23:38:10Z,2026-10-01T23:38:10Z,
ZION,ok,1,2026-10-01T23:38:10Z,2026-10-01T23:38:10Z,
ZIP,ok,1,2026-10-01T23:38:11Z,2026-10-01T23:38:11Z,
ZJK,ok,1,2026-10-01T23:38:11Z,2026-10-01T23:38:11Z,
ZJYL,ok,1,2026-10-01T23:38:12Z,2026-10-01T23:38:12Z,
ZKH,ok,1,2026-10-01T23:38:12Z,2026-10-01T23:38:12Z,
ZKIN,ok,1,2026-10-01T23:38:13Z,2026-10-01T23:38:13Z,
ZKP,ok,1,2026-10-01T23:38:13Z,2026-10-01T23:38:13Z,
ZLAB,ok,1,2026-10-01T23:38:14Z,2026-10-01T23:38:14Z,
ZM,ok,1,2026-10-01T23:38:15Z,2026-10-01T23:38:15Z,
ZNB,ok,1,2026-10-01T23:38:15Z,2026-10-01T23:38:15Z,
ZNTL,ok,1,2026-10-01T23:38:15Z,2026-10-01T23:38:15Z,
ZONE,ok,1,2026-10-01T23:38:16Z,2026-10-01T23:38:16Z,
ZOOZ,ok,1,2026-10-01T23:38:16Z,2026-10-01T23:38:16Z,
ZS,ok,1,2026-10-01T23:38:17Z,2026-10-01T23:38:17Z,
ZSQR,ok,1,2026-10-01T23:38:17Z,2026-10-01T23:38:17Z,
ZSTK,ok,1,2026-10-01T23:38:18Z,2026-10-01T23:38:18Z,
ZTG,ok,1,2026-10-01T23:38:18Z,2026-10-01T23:38:18Z,
ZTO,ok,1,2026-10-01T23:38:19Z,2026-10-01T23:38:19Z,
ZTR,ok,1,2026-10-01T23:38:19Z,2026-10-01T23:38:19Z,
ZTS,ok,1,2026-10-01T23:38:20Z,2026-10-01T23:38:20Z,
ZUMZ,ok,1,2026-10-01T23:38:20Z,2026-10-01T23:38:20Z,
ZURA,ok,1,2026-10-01T23:38:21Z,2026-10-01T23:38:21Z,
ZVIA,ok,1,2026-10-01T23:38:21Z,2026-10-01T23:38:21Z,
ZVRA,ok,1,2026-10-01T23:38:22Z,2026-10-01T23:38:22Z,
ZWS,ok,1,2026-10-01T23:38:23Z,2026-10-01T23:38:23Z,
ZYBT,ok,1,2026-10-01T23:38:23Z,2026-10-01T23:38:23Z,
ZYME,ok,1,2026-10-01T23:38:23Z,2026-10-01T23:38:23Z,
