ticker,name,exchange,is_etf,source
A,"Agilent Technologies, Inc. Common Stock",N,False,nasdaqtrader
AA,Alcoa Corporation Common Stock,N,False,nasdaqtrader
AAC-U,"Ares Acquisition Corporation III Units, each consisting of one Class A ordinary share and one-tenth of one redeemable warrant",N,False,nasdaqtrader
AACB,Artius II Acquisition Inc. - Class A Ordinary Shares,NASDAQ,False,nasdaqtrader
AACBR,Artius II Acquisition Inc. - Rights,NASDAQ,False,nasdaqtrader
AACBU,Artius II Acquisition Inc. - Units,NASDAQ,False,nasdaqtrader
AACG,"ATA Creativity Global - American Depositary Shares, each representing two common shares",NASDAQ,False,nasdaqtrader
AACI,Armada Acquisition Corp. III - Class A Ordinary Share,NASDAQ,False,nasdaqtrader
AACIU,Armada Acquisition Corp. III - Units,NASDAQ,False,nasdaqtrader
AACIW,Armada Acquisition Corp. III - Warrant,NASDAQ,False,nasdaqtrader
AACO,Abony Acquisition Corp. I - Class A Ordinary Share,NASDAQ,False,nasdaqtrader
AACOU,Abony Acquisition Corp. I - Units,NASDAQ,False,nasdaqtrader
AACOW,Abony Acquisition Corp. I - Warrants,NASDAQ,False,nasdaqtrader
AACP,Apogee Acquisition Corp - Class A Ordinary Shares,NASDAQ,False,nasdaqtrader
AACPR,Apogee Acquisition Corp - Rights,NASDAQ,False,nasdaqtrader
AACPU,Apogee Acquisition Corp - Units,NASDAQ,False,nasdaqtrader
AACPW,Apogee Acquisition Corp - Warrant,NASDAQ,False,nasdaqtrader
AADX,"Applied Aerospace & Defense, Inc. Common Stock",N,False,nasdaqtrader
AAL,"American Airlines Group, Inc. - Common Stock",NASDAQ,False,nasdaqtrader
AAME,Atlantic American Corporation - Common Stock,NASDAQ,False,nasdaqtrader
AAMI,Acadian Asset Management Inc. Common Stock,N,False,nasdaqtrader
AAOI,"Applied Optoelectronics, Inc. - Common Stock",NASDAQ,False,nasdaqtrader
AAON,"AAON, Inc. - Common Stock",NASDAQ,False,nasdaqtrader
AAP,Advance Auto Parts Inc.,N,False,nasdaqtrader
AAPG,Ascentage Pharma Group International - American Depository Shares,NASDAQ,False,nasdaqtrader
AAPL,Apple Inc. - Common Stock,NASDAQ,False,nasdaqtrader
AARD,"Aardvark Therapeutics, Inc. - Common Stock",NASDAQ,False,nasdaqtrader
AAT,"American Assets Trust, Inc. Common Stock",N,False,nasdaqtrader
AAUC,Allied Gold Corporation Common Shares,N,False,nasdaqtrader
AB,AllianceBernstein Holding L.P.  Units,N,False,nasdaqtrader
ABAT,American Battery Technology Company - Common Stock,NASDAQ,False,nasdaqtrader
ABBV,AbbVie Inc. Common Stock,N,False,nasdaqtrader
ABCB,Ameris Bancorp Common Stock,N,False,nasdaqtrader
ABCL,AbCellera Biologics Inc. - Common Shares,NASDAQ,False,nasdaqtrader
ABEO,Abeona Therapeutics Inc. - Common Stock,NASDAQ,False,nasdaqtrader
ABEV,Ambev S.A. American Depositary Shares (Each representing 1 Common Share),N,False,nasdaqtrader
ABG,Asbury Automotive Group Inc Common Stock,N,False,nasdaqtrader
ABLV,Able View Global Inc. - Class B Ordinary Shares,NASDAQ,False,nasdaqtrader
ABLVW,Able View Global Inc. - Warrant,NASDAQ,False,nasdaqtrader
ABM,ABM Industries Incorporated Common Stock,N,False,nasdaqtrader
ABNB,"Airbnb, Inc. - Class A Common Stock",NASDAQ,False,nasdaqtrader
ABOS,"Acumen Pharmaceuticals, Inc. - Common Stock",NASDAQ,False,nasdaqtrader
ABR,Arbor Realty Trust Common Stock,N,False,nasdaqtrader
ABR-PD,"Arbor Realty Trust 6.375% Series D Cumulative Redeemable Preferred Stock, Liquidation Preference $25.00 per Share",N,False,nasdaqtrader
ABR-PE,Arbor Realty Trust 6.25% Series E Cumulative Redeemable Preferred Stock,N,False,nasdaqtrader
ABR-PF,"Arbor Realty Trust 6.25% Series F Fixed-to-Floating Rate Cumulative Redeemable Preferred Stock, Liquidation Preference $25.00 per share",N,False,nasdaqtrader
ABSI,Absci Corporation - Common Stock,NASDAQ,False,nasdaqtrader
ABT,Abbott Laboratories Common Stock,N,False,nasdaqtrader
ABTC,American Bitcoin Corp. - Class A Common Stock,NASDAQ,False,nasdaqtrader
ABTS,Abits Group Inc - Ordinary Shares,NASDAQ,False,nasdaqtrader
ABUS,Arbutus Biopharma Corporation - Common Stock,NASDAQ,False,nasdaqtrader
ABVC,"ABVC BioPharma, Inc. - Common Stock",NASDAQ,False,nasdaqtrader
ABVX,Abivax SA - American Depositary Shares,NASDAQ,False,nasdaqtrader
ABX,"Abacus Global Management, Inc. Class A Common Stock",N,False,nasdaqtrader
ABXL,"Abacus Global Management, Inc. 9.875% Fixed Rate Senior Notes due 2028",N,False,nasdaqtrader
ACA,"Arcosa, Inc. Common Stock",N,False,nasdaqtrader
ACAA,Averin Capital Acquisition Corp. - Class A Ordinary Shares,NASDAQ,False,nasdaqtrader
ACAAU,Averin Capital Acquisition Corp. - Units,NASDAQ,False,nasdaqtrader
ACAAW,Averin Capital Acquisition Corp. - Warrants,NASDAQ,False,nasdaqtrader
ACAD,ACADIA Pharmaceuticals Inc. - Common Stock,NASDAQ,False,nasdaqtrader
ACB,Aurora Cannabis Inc. - Common Shares,NASDAQ,False,nasdaqtrader
ACCL,Acco Group Holdings Limited - Class A Ordinary Shares,NASDAQ,False,nasdaqtrader
ACCO,Acco Brands Corporation Common Stock,N,False,nasdaqtrader
ACCS,ACCESS Newswire Inc. Common Stock,A,False,nasdaqtrader
ACDC,ProFrac Holding Corp. - Class A Common Stock,NASDAQ,False,nasdaqtrader
ACEL,"Accel Entertainment, Inc.",N,False,nasdaqtrader
ACET,"Adicet Bio, Inc. - Common Stock",NASDAQ,False,nasdaqtrader
ACFN,"Acorn Energy, Inc. - Common Stock",NASDAQ,False,nasdaqtrader
ACGC,ACP Holdings Acquisition Corp. - Class A Ordinary Shares,NASDAQ,False,nasdaqtrader
ACGCU,ACP Holdings Acquisition Corp. - Units,NASDAQ,False,nasdaqtrader
ACGCW,ACP Holdings Acquisition Corp. - Warrants,NASDAQ,False,nasdaqtrader
ACGL,Arch Capital Group Ltd. - Common Stock,NASDAQ,False,nasdaqtrader
ACGLN,"Arch Capital Group Ltd. - Depositary Shares, each Representing a 1/1,000th Interest in a 4.550% Non-Cumulative Preferred Share, Series G",NASDAQ,False,nasdaqtrader
ACGLO,"Arch Capital Group Ltd. - Depositary Shares Each Representing 1/1,000th Interest in a Share of5.45% Non-Cumulative Preferred Shares, Series F",NASDAQ,False,nasdaqtrader
ACH,"Accendra Health, Inc. Common Stock",N,False,nasdaqtrader
ACHC,"Acadia Healthcare Company, Inc. - Common Stock",NASDAQ,False,nasdaqtrader
ACHR,Archer Aviation Inc. Class A Common Stock,N,False,nasdaqtrader
ACHR-W,"Archer Aviation Inc. Redeemable Warrants, each whole warrant exercisable for one Class A common stock at an exercise price of $11.50",N,False,nasdaqtrader
ACHV,"Achieve Life Sciences, Inc.  - Common Shares",NASDAQ,False,nasdaqtrader
ACI,"Albertsons Companies, Inc. Class A Common Stock",N,False,nasdaqtrader
ACIC,American Coastal Insurance Corporation - Common Stock,NASDAQ,False,nasdaqtrader
ACIU,AC Immune SA - Common Stock,NASDAQ,False,nasdaqtrader
ACIW,"ACI Worldwide, Inc. - Common Stock",NASDAQ,False,nasdaqtrader
ACLS,"Axcelis Technologies, Inc. - Common Stock",NASDAQ,False,nasdaqtrader
ACM,AECOM Common Stock,N,False,nasdaqtrader
ACMR,"ACM Research, Inc. - Class A Common Stock",NASDAQ,False,nasdaqtrader
ACN,Accenture plc Class A Ordinary Shares (Ireland),N,False,nasdaqtrader
ACNB,ACNB Corporation - Common Stock,NASDAQ,False,nasdaqtrader
ACNT,Ascent Industries Co. - Common Stock,NASDAQ,False,nasdaqtrader
ACOG,Alpha Cognition Inc. - Common Stock,NASDAQ,False,nasdaqtrader
ACON,"Aclarion, Inc. - Common Stock",NASDAQ,False,nasdaqtrader
ACONW,"Aclarion, Inc. - Warrant",NASDAQ,False,nasdaqtrader
ACP,abrdn Income Credit Strategies Fund Common Shares,N,False,nasdaqtrader
ACP-PA,abrdn Income Credit Strategies Fund 5.250% Series A Perpetual Preferred Stock,N,False,nasdaqtrader
ACR,ACRES Commercial Realty Corp. Common Stock,N,False,nasdaqtrader
ACR-PC,ACRES Commercial Realty Corp. 8.625% Fixed-to-Floating Series C Cumulative Redeemable Preferred Stock,N,False,nasdaqtrader
ACR-PD,ACRES Commercial Realty Corp. 7.875% Series D Cumulative Redeemable Preferred Stock,N,False,nasdaqtrader
ACRE,Ares Commercial Real Estate Corporation Common Stock,N,False,nasdaqtrader
ACRS,"Aclaris Therapeutics, Inc. - Common Stock",NASDAQ,False,nasdaqtrader
ACRV,"Acrivon Therapeutics, Inc. - Common Stock",NASDAQ,False,nasdaqtrader
ACT,"Enact Holdings, Inc. - Common Stock",NASDAQ,False,nasdaqtrader
ACTG,Acacia Research Corporation - Common Stock,NASDAQ,False,nasdaqtrader
ACTU,"Actuate Therapeutics, Inc. - Common stock",NASDAQ,False,nasdaqtrader
ACU,Acme United Corporation. Common Stock,A,False,nasdaqtrader
ACV,Virtus Diversified Income & Convertible Fund Common Shares of Beneficial Interest,N,False,nasdaqtrader
ACVA,ACV Auctions Inc. Class A Common Stock,N,False,nasdaqtrader
ACXP,"Acurx Pharmaceuticals, Inc. - Common Stock",NASDAQ,False,nasdaqtrader
AD,"Array Digital Infrastructure, Inc. Common Shares",N,False,nasdaqtrader
ADAC,American Drive Acquisition Company - Class A Ordinary Shares,NASDAQ,False,nasdaqtrader
ADACU,American Drive Acquisition Company - Units,NASDAQ,False,nasdaqtrader
ADACW,American Drive Acquisition Company - Warrant,NASDAQ,False,nasdaqtrader
ADAG,"Adagene Inc. - ADS, each representing 1.25 ordinary shares",NASDAQ,False,nasdaqtrader
ADAM,"Adamas Trust, Inc. - Common Stock",NASDAQ,False,nasdaqtrader
ADAMG,"Adamas Trust, Inc. - 9.125% Senior Notes Due 2030",NASDAQ,False,nasdaqtrader
ADAMH,"Adamas Trust, Inc. - 9.875% Senior Notes Due 2030",NASDAQ,False,nasdaqtrader
ADAMI,"Adamas Trust, Inc. - 9.125% Senior Notes Due 2029",NASDAQ,False,nasdaqtrader
ADAML,"Adamas Trust, Inc. - 6.875% Series F Fixed-to-Floating Rate Cumulative Redeemable Preferred Stock, $0.01 par value per share",NASDAQ,False,nasdaqtrader
ADAMM,"Adamas Trust, Inc. - 7.875% Series E Fixed-to-Floating Rate Cumulative Redeemable Preferred Stock",NASDAQ,False,nasdaqtrader
ADAMN,"Adamas Trust, Inc. - 8.00% Series D Fixed-to-Floating Rate Cumulative Redeemable Preferred Stock",NASDAQ,False,nasdaqtrader
ADAMO,"Adamas Trust, Inc. - 9.250% Senior Notes Due 2031",NASDAQ,False,nasdaqtrader
ADAMZ,"Adamas Trust, Inc. - 7.000% Series G Cumulative Redeemable Preferred Stock, $0.01 par value per share",NASDAQ,False,nasdaqtrader
ADBE,Adobe Inc. - Common Stock,NASDAQ,False,nasdaqtrader
ADC,Agree Realty Corporation Common Stock,N,False,nasdaqtrader
ADC-PA,"Agree Realty Corporation Depositary Shares, each representing 1/1,000th of a 4.250% Series A Cumulative Redeemable Preferred Stock",N,False,nasdaqtrader
ADCT,ADC Therapeutics SA Common Shares,N,False,nasdaqtrader
ADEA,Adeia Inc.  - Common Stock,NASDAQ,False,nasdaqtrader
ADGM,"Adagio Medical Holdings, Inc - Common Stock",NASDAQ,False,nasdaqtrader
ADI,"Analog Devices, Inc. - Common Stock",NASDAQ,False,nasdaqtrader
ADIG,ADI Global Distribution Inc. Common Stock,N,False,nasdaqtrader
ADIL,"Adial Pharmaceuticals, Inc - Common Stock",NASDAQ,False,nasdaqtrader
ADM,Archer-Daniels-Midland Company Common Stock,N,False,nasdaqtrader
ADMA,ADMA Biologics Inc - Common Stock,NASDAQ,False,nasdaqtrader
ADNT,Adient plc Ordinary Shares,N,False,nasdaqtrader
ADP,"Automatic Data Processing, Inc. - Common Stock",NASDAQ,False,nasdaqtrader
ADPT,Adaptive Biotechnologies Corporation - Common Stock,NASDAQ,False,nasdaqtrader
ADSE,ADS-TEC ENERGY PLC - Ordinary Shares,NASDAQ,False,nasdaqtrader
ADSEW,ADS-TEC ENERGY PLC - Warrant,NASDAQ,False,nasdaqtrader
ADSK,"Autodesk, Inc. - Common Stock",NASDAQ,False,nasdaqtrader
ADT,ADT Inc. Common Stock,N,False,nasdaqtrader
ADTN,"ADTRAN Holdings, Inc. - Common Stock",NASDAQ,False,nasdaqtrader
ADUR,Aduro Clean Technologies Inc. - Common Stock,NASDAQ,False,nasdaqtrader
ADUS,Addus HomeCare Corporation - Common Stock,NASDAQ,False,nasdaqtrader
ADV,Advantage Solutions Inc.  - Class A Common Stock,NASDAQ,False,nasdaqtrader
ADVB,Advanced Biomed Inc. - Common Stock,NASDAQ,False,nasdaqtrader
ADX,Adams Diversified Equity Fund Inc.,N,False,nasdaqtrader
ADXN,Addex Therapeutics Ltd - American Depositary Shares,NASDAQ,False,nasdaqtrader
AEAQ,Activate Energy Acquisition Corp. - Class A Ordinary Share,NASDAQ,False,nasdaqtrader
AEAQU,Activate Energy Acquisition Corp. - Unit,NASDAQ,False,nasdaqtrader
AEAQW,Activate Energy Acquisition Corp. - Warrant,NASDAQ,False,nasdaqtrader
AEBI,Aebi Schmidt Holding AG - Common Stock,NASDAQ,False,nasdaqtrader
AEC,Anfield Energy Inc. - Common Shares,NASDAQ,False,nasdaqtrader
AEE,Ameren Corporation Common Stock,N,False,nasdaqtrader
AEF,"abrdn Emerging Markets ex-China Fund, Inc. Common Stock",A,False,nasdaqtrader
AEFC,Aegon Funding Company LLC 5.10% Subordinated Notes due 2049,N,False,nasdaqtrader
AEG,Aegon Ltd. New York Registry Shares,N,False,nasdaqtrader
AEHL,Antelope Enterprise Holdings Limited - Class A Ordinary Shares,NASDAQ,False,nasdaqtrader
AEHR,Aehr Test Systems - Common Stock,NASDAQ,False,nasdaqtrader
AEI,Alset Inc. - Common Stock,NASDAQ,False,nasdaqtrader
AEIS,"Advanced Energy Industries, Inc. - Common Stock",NASDAQ,False,nasdaqtrader
AEM,Agnico Eagle Mines Limited Common Stock,N,False,nasdaqtrader
AEMD,"Aethlon Medical, Inc. - Common Stock",NASDAQ,False,nasdaqtrader
AENT,Alliance Entertainment Holding Corporation - common stock,NASDAQ,False,nasdaqtrader
AENTW,Alliance Entertainment Holding Corporation - Warrants,NASDAQ,False,nasdaqtrader
AEO,"American Eagle Outfitters, Inc. Common Stock",N,False,nasdaqtrader
AEON,"AEON Biopharma, Inc. Class A Common Stock",A,False,nasdaqtrader
AEP,"American Electric Power Company, Inc. - Common Stock",NASDAQ,False,nasdaqtrader
AER,AerCap Holdings N.V. Ordinary Shares,N,False,nasdaqtrader
AERO,"Grupo Aeromexico, S.A.B. de C.V. American Depositary Shares (each representing ten (10) Common Shares)",N,False,nasdaqtrader
AERT,"Aeries Technology, Inc. - Class A Ordinary Share",NASDAQ,False,nasdaqtrader
AERTW,"Aeries Technology, Inc. - Warrant",NASDAQ,False,nasdaqtrader
AES,The AES Corporation Common Stock,N,False,nasdaqtrader
AESI,Atlas Energy Solutions Inc. Common Stock,N,False,nasdaqtrader
AESP,Aeon Acquisition I Corp. - Class A Ordinary Shares,NASDAQ,False,nasdaqtrader
AESPR,Aeon Acquisition I Corp. - Rights,NASDAQ,False,nasdaqtrader
AESPU,Aeon Acquisition I Corp. - Units,NASDAQ,False,nasdaqtrader
AESPW,Aeon Acquisition I Corp. - Warrants,NASDAQ,False,nasdaqtrader
AEVA,"Aeva Technologies, Inc. - Common Stock",NASDAQ,False,nasdaqtrader
AEXA,American Exceptionalism Acquisition Corp. A Class A Ordinary Shares,N,False,nasdaqtrader
AEYE,"AudioEye, Inc. - Common Stock",NASDAQ,False,nasdaqtrader
AFB,AllianceBernstein National Municipal Income Fund Inc,N,False,nasdaqtrader
AFCG,Advanced Flower Capital Inc. - Common Stock,NASDAQ,False,nasdaqtrader
AFG,"American Financial Group, Inc. Common Stock",N,False,nasdaqtrader
AFGB,"American Financial Group, Inc. 5.875% Subordinated Debentures due 2059",N,False,nasdaqtrader
AFGC,"American Financial Group, Inc. 5.125% Subordinated Debentures due 2059",N,False,nasdaqtrader
AFGD,"American Financial Group, Inc. 5.625% Subordinated Debentures due 2060",N,False,nasdaqtrader
AFGE,"American Financial Group, Inc. 4.500% Subordinated Debentures due 2060",N,False,nasdaqtrader
AFJK,"Aimei Health Technology Co., Ltd - Ordinary Share",NASDAQ,False,nasdaqtrader
AFJKR,"Aimei Health Technology Co., Ltd - Right",NASDAQ,False,nasdaqtrader
AFJKU,"Aimei Health Technology Co., Ltd - Unit",NASDAQ,False,nasdaqtrader
AFL,AFLAC Incorporated Common Stock,N,False,nasdaqtrader
AFRI,Forafric Global PLC - Ordinary Shares,NASDAQ,False,nasdaqtrader
AFRIW,Forafric Global PLC - Warrants,NASDAQ,False,nasdaqtrader
AFRM,"Affirm Holdings, Inc. - Class A Common Stock",NASDAQ,False,nasdaqtrader
AFYA,Afya Limited - Class A Common Shares,NASDAQ,False,nasdaqtrader
AG,First Majestic Silver Corp. Ordinary Shares (Canada),N,False,nasdaqtrader
AGBK,AGI Inc Class A Common Shares,N,False,nasdaqtrader
AGCC,Agencia Comercial Spirits Ltd - Class A Ordinary Share,NASDAQ,False,nasdaqtrader
AGCO,AGCO Corporation Common Stock,N,False,nasdaqtrader
AGD,abrdn Global Dynamic Dividend Fund Common Shares of Beneficial Interest,N,False,nasdaqtrader
AGEN,Agenus Inc. - Common Stock,NASDAQ,False,nasdaqtrader
AGI,Alamos Gold Inc. Class A Common Shares,N,False,nasdaqtrader
AGIG,Abundia Global Impact Group Inc. Common stock,A,False,nasdaqtrader
AGIO,"Agios Pharmaceuticals, Inc. - Common Stock",NASDAQ,False,nasdaqtrader
AGL,"agilon health, inc. Common Stock",N,False,nasdaqtrader
AGM,Federal Agricultural Mortgage Corporation Common Stock,N,False,nasdaqtrader
AGM-A,Federal Agricultural Mortgage Corporation Common Stock,N,False,nasdaqtrader
AGM-PD,"Federal Agricultural Mortgage Corporation 5.700% Non-Cumulative Preferred Stock, Series D",N,False,nasdaqtrader
AGM-PE,"Federal Agricultural Mortgage Corporation 5.750% Non-Cumulative Preferred Stock, Series E",N,False,nasdaqtrader
AGM-PF,"Federal Agricultural Mortgage Corporation 5.250% Non-Cumulative Preferred Stock, Series F",N,False,nasdaqtrader
AGM-PG,"Federal Agricultural Mortgage Corporation 4.875% Non-Cumulative Preferred Stock, Series G",N,False,nasdaqtrader
AGM-PH,"Federal Agricultural Mortgage Corporation 6.500% Non-Cumulative Preferred Stock, Series H",N,False,nasdaqtrader
AGM-PI,"Federal Agricultural Mortgage Corporation 6.875% Non-Cumulative Preferred Stock, Series I",N,False,nasdaqtrader
AGMB,AgomAb Therapeutics NV - ADRs representing one common share.,NASDAQ,False,nasdaqtrader
AGMH,AGM Group Holdings Inc. - Class A Ordinary Shares,NASDAQ,False,nasdaqtrader
AGNC,AGNC Investment Corp. - Common Stock,NASDAQ,False,nasdaqtrader
AGNCL,"AGNC Investment Corp. - Depositary Shares Each Representing a 1/1,000th Interest in a Share of 7.75% Series G Fixed-Rate Reset Cumulative Redeemable Preferred Stock",NASDAQ,False,nasdaqtrader
AGNCM,AGNC Investment Corp. - Depositary Shares rep 6.875% Series D Fixed-to-Floating Cumulative Redeemable Preferred Stock,NASDAQ,False,nasdaqtrader
AGNCN,"AGNC Investment Corp. - Depositary Shares Each Representing a 1/1,000th Interest in a Share of 7.00% Series C Fixed-To-Floating Rate Cumulative Redeemable Preferred Stock",NASDAQ,False,nasdaqtrader
AGNCO,"AGNC Investment Corp. - Depositary Shares, each representing a 1/1,000th interest in a share of Series E Fixed-to-Floating Cumulative Redeemable Preferred Stock",NASDAQ,False,nasdaqtrader
AGNCP,"AGNC Investment Corp. - Depositary Shares Each Representing a 1/1,000th Interest in a Share of 6.125% Series F Fixed-to-Floating Rate Cumulative Redeemable Preferred Stock",NASDAQ,False,nasdaqtrader
AGNCZ,"AGNC Investment Corp. - Depositary Shares Each Representing a 1/1,000th Interest in a Share of 8.75% Series H Fixed-Rate Cumulative Redeemable Preferred Stock",NASDAQ,False,nasdaqtrader
AGNT,"AGNT, Inc. - Common Stock",NASDAQ,False,nasdaqtrader
AGO,Assured Guaranty Ltd. Common Stock,N,False,nasdaqtrader
AGPU,Axe Compute Inc. - Common Stock,NASDAQ,False,nasdaqtrader
AGRO,Adecoagro S.A. Common Shares,N,False,nasdaqtrader
AGRZ,Agroz Inc. - Class A Ordinary Shares,NASDAQ,False,nasdaqtrader
AGX,"Argan, Inc. Common Stock",N,False,nasdaqtrader
AGYS,"Agilysys, Inc. - Common Stock",NASDAQ,False,nasdaqtrader
AHCO,AdaptHealth Corp.  - Common Stock,NASDAQ,False,nasdaqtrader
AHG,Akso Health Group - American Depositary Shares,NASDAQ,False,nasdaqtrader
AHL-PD,Aspen Insurance Holdings Limited 5.625% Perpetual Non-Cumulative Preference Shares,N,False,nasdaqtrader
AHL-PE,"Aspen Insurance Holdings Limited Depositary Shares, each representing a 1/1000th interest in a share of 5.625% Perpetual Non-Cumulative Preference Shares",N,False,nasdaqtrader
AHL-PF,"Aspen Insurance Holdings Limited Depositary Shares, each representing a 1/1,000th Interest in a 7.00% Perpetual Non-Cumulative Preference Share",N,False,nasdaqtrader
AHMA,Ambitions Enterprise Management Co. L.L.C - Class A Ordinary Shares,NASDAQ,False,nasdaqtrader
AHR,"American Healthcare REIT, Inc. Common Stock",N,False,nasdaqtrader
AHRT,"AH Realty Trust, Inc. Common Stock",N,False,nasdaqtrader
AHRT-PA,"AH Realty Trust, Inc. 6.75% Series A Cumulative Redeemable Perpetual Preferred Stock",N,False,nasdaqtrader
AHT,Ashford Hospitality Trust Inc Common Stock,N,False,nasdaqtrader
AHT-PD,Ashford Hospitality Trust Inc 8.45% Series D Cumulative Preferred Stock,N,False,nasdaqtrader
AHT-PF,Ashford Hospitality Trust Inc 7.375% Series F Cumulative Preferred Stock,N,False,nasdaqtrader
AHT-PG,Ashford Hospitality Trust Inc 7.375% Series G Cumulative Preferred Stock,N,False,nasdaqtrader
AHT-PH,Ashford Hospitality Trust Inc 7.50% Series H Cumulative Preferred Stock,N,False,nasdaqtrader
AHT-PI,Ashford Hospitality Trust Inc 7.50% Series I Cumulative Preferred Stock,N,False,nasdaqtrader
AI,"C3.ai, Inc. Class A Common Stock",N,False,nasdaqtrader
AIAI,AIAI Holdings Corporation - Class A common stock,NASDAQ,False,nasdaqtrader
AIB,AIB Data Centers Inc. Common Stock,A,False,nasdaqtrader
AIBZ,Bitzero Holdings Inc. - Common Shares,NASDAQ,False,nasdaqtrader
AIDX,"20/20 Biolabs, Inc. - Common Stock",NASDAQ,False,nasdaqtrader
AIFA,"All In FutureTech Alliance, Inc. - Common Stock",NASDAQ,False,nasdaqtrader
AIFC,AI Financial Corporation - Common Stock,NASDAQ,False,nasdaqtrader
AIFF,"Firefly Neuroscience, Inc.  - Common Stock",NASDAQ,False,nasdaqtrader
AIFU,AIFU Inc. - Class A Ordinary Share,NASDAQ,False,nasdaqtrader
AIG,"American International Group, Inc. New Common Stock",N,False,nasdaqtrader
AIHS,Senmiao Technology Limited - Common Stock,NASDAQ,False,nasdaqtrader
AII,"American Integrity Insurance Group, Inc. Common Stock",N,False,nasdaqtrader
AIIA,AI Infrastructure Acquisition Corp. Class A Ordinary Shares,N,False,nasdaqtrader
AIIA-R,"AI Infrastructure Acquisition Corp. Rights, each entitling the holder to receive one-fifth (1/5) of one Class A Ordinary Share",N,False,nasdaqtrader
AIIA-U,"AI Infrastructure Acquisition Corp. Units, each consisting of one Class A Ordinary Share and one Right",N,False,nasdaqtrader
AIIO,Robo.ai Inc. - Class B Ordinary Shares,NASDAQ,False,nasdaqtrader
AIIOW,Robo.ai Inc. - Warrant,NASDAQ,False,nasdaqtrader
AIIR,Air Global PLC - Ordinary shares,NASDAQ,False,nasdaqtrader
AIM,AIM ImmunoTech Inc. Common Stock,A,False,nasdaqtrader
AIMD,"Ainos, Inc. - Common Stock",NASDAQ,False,nasdaqtrader
AIMDW,"Ainos, Inc. - warrants",NASDAQ,False,nasdaqtrader
AIN,Albany International Corporation Common Stock,N,False,nasdaqtrader
AIO,Virtus Artificial Intelligence & Technology Opportunities Fund Common Shares of Beneficial Interest,N,False,nasdaqtrader
AIOS,AIOS Tech Inc. - Class A Common Shares,NASDAQ,False,nasdaqtrader
AIOT,"PowerFleet, Inc. - Common Stock",NASDAQ,False,nasdaqtrader
AIP,"Arteris, Inc.  - Common Stock",NASDAQ,False,nasdaqtrader
AIR,AAR Corp. Common Stock,N,False,nasdaqtrader
AIRE,reAlpha Tech Corp. - Common Stock,NASDAQ,False,nasdaqtrader
AIRG,"Airgain, Inc. - Common Stock",NASDAQ,False,nasdaqtrader
AIRI,Air Industries Group Common Stock,A,False,nasdaqtrader
AIRJ,AirJoule Technologies Corporation - Class A Common Stock,NASDAQ,False,nasdaqtrader
AIRJW,AirJoule Technologies Corporation - Warrant,NASDAQ,False,nasdaqtrader
AIRO,"AIRO Group Holdings, Inc. - Common Stock",NASDAQ,False,nasdaqtrader
AIRS,"AirSculpt Technologies, Inc. - Common Stock",NASDAQ,False,nasdaqtrader
AIRT,"Air T, Inc. - Common Stock",NASDAQ,False,nasdaqtrader
AIRTP,"Air T, Inc. - Trust Preferred Securities",NASDAQ,False,nasdaqtrader
AISP,"Airship AI Holdings, Inc - Class A Common Stock",NASDAQ,False,nasdaqtrader
AISPW,"Airship AI Holdings, Inc - Warrants",NASDAQ,False,nasdaqtrader
AIT,"Applied Industrial Technologies, Inc. Common Stock",N,False,nasdaqtrader
AIV,Apartment Investment and Management Company Common Stock,N,False,nasdaqtrader
AIXC,"AIxCrypto Holdings, Inc. - Common Stock",NASDAQ,False,nasdaqtrader
AIXI,XIAO-I Corporation - American Depositary Shares,NASDAQ,False,nasdaqtrader
AIZ,"Assurant, Inc. Common Stock",N,False,nasdaqtrader
AIZN,"Assurant, Inc. 5.25% Subordinated Notes due 2061",N,False,nasdaqtrader
AJG,Arthur J. Gallagher & Co. Common Stock,N,False,nasdaqtrader
AKA,a.k.a. Brands Holding Corp. Common Stock,N,False,nasdaqtrader
AKAM,"Akamai Technologies, Inc. - Common Stock",NASDAQ,False,nasdaqtrader
AKAN,Akanda Corp. - Common Shares,NASDAQ,False,nasdaqtrader
AKBA,"Akebia Therapeutics, Inc. - Common Stock",NASDAQ,False,nasdaqtrader
AKO-A,Embotelladora Andina S.A. Common Stock,N,False,nasdaqtrader
AKO-B,Embotelladora Andina S.A. Common Stock,N,False,nasdaqtrader
AKR,Acadia Realty Trust Common Stock,N,False,nasdaqtrader
AKTS,"Aktis Oncology, Inc. - Common stock",NASDAQ,False,nasdaqtrader
AKTX,Akari Therapeutics Plc - American Depositary Shares,NASDAQ,False,nasdaqtrader
ALAB,"Astera Labs, Inc. - Common Stock",NASDAQ,False,nasdaqtrader
ALAR,Alarum Technologies Ltd. - American Depositary Shares,NASDAQ,False,nasdaqtrader
ALB,Albemarle Corporation Common Stock,N,False,nasdaqtrader
ALB-PA,Albemarle Corporation Depositary Shares each representing a 1/20th of 7.25% Series A Mandatory Convertible Preferred Stock,N,False,nasdaqtrader
ALC,Alcon Inc. Ordinary Shares,N,False,nasdaqtrader
ALCO,"Alico, Inc. - Common Stock",NASDAQ,False,nasdaqtrader
ALDF,Aldel Financial II Inc. - Class A Ordinary Shares,NASDAQ,False,nasdaqtrader
ALDFU,Aldel Financial II Inc. - Units,NASDAQ,False,nasdaqtrader
ALDFW,Aldel Financial II Inc. - Warrants,NASDAQ,False,nasdaqtrader
ALDX,"Aldeyra Therapeutics, Inc. - Common Stock",NASDAQ,False,nasdaqtrader
ALEC,"Alector, Inc. - Common Stock",NASDAQ,False,nasdaqtrader
ALF,Centurion Acquisition Corp. - Class A Ordinary Shares,NASDAQ,False,nasdaqtrader
ALFUU,Centurion Acquisition Corp. - Unit,NASDAQ,False,nasdaqtrader
ALFUW,Centurion Acquisition Corp. - Warrant,NASDAQ,False,nasdaqtrader
ALG,"Alamo Group, Inc. Common Stock",N,False,nasdaqtrader
ALGM,"Allegro MicroSystems, Inc. - Common Stock",NASDAQ,False,nasdaqtrader
ALGN,"Align Technology, Inc. - Common Stock",NASDAQ,False,nasdaqtrader
ALGS,"Aligos Therapeutics, Inc. - Common stock",NASDAQ,False,nasdaqtrader
ALGT,Allegiant Travel Company - Common Stock,NASDAQ,False,nasdaqtrader
ALH,Alliance Laundry Holdings Inc. Common Stock,N,False,nasdaqtrader
ALHC,"Alignment Healthcare, Inc. - Common Stock",NASDAQ,False,nasdaqtrader
ALIS,Calisa Acquisition Corp - Ordinary shares,NASDAQ,False,nasdaqtrader
ALISR,Calisa Acquisition Corp - Right,NASDAQ,False,nasdaqtrader
ALISU,Calisa Acquisition Corp - Units,NASDAQ,False,nasdaqtrader
ALIT,"Alight, Inc. Class A Common Stock",N,False,nasdaqtrader
ALK,"Alaska Air Group, Inc. Common Stock",N,False,nasdaqtrader
ALKS,Alkermes plc - Ordinary Shares,NASDAQ,False,nasdaqtrader
ALKT,"Alkami Technology, Inc. - Common Stock",NASDAQ,False,nasdaqtrader
ALL,Allstate Corporation (The) Common Stock,N,False,nasdaqtrader
ALL-PB,Allstate Corporation (The) 5.100% Fixed-to-Floating Rate Subordinated Debentures due 2053,N,False,nasdaqtrader
ALL-PH,"Allstate Corporation (The) Depositary Shares each representing a 1/1,000th interest in a share of Fixed Rate Noncumulative Perpetual Preferred Stock, Series H",N,False,nasdaqtrader
ALL-PI,"Allstate Corporation (The) Depositary Shares each representing a 1/1,000th interest in a share of Fixed Rate Noncumulative Perpetual Preferred Stock, Series I",N,False,nasdaqtrader
ALL-PJ,"Allstate Corporation (The) Depositary Shares each representing a 1/1,000th interest in a share of Fixed Rate Noncumulative Perpetual Preferred Stock, Series J",N,False,nasdaqtrader
ALLE,Allegion plc Ordinary Shares,N,False,nasdaqtrader
ALLO,"Allogene Therapeutics, Inc. - Common Stock",NASDAQ,False,nasdaqtrader
ALLR,"Allarity Therapeutics, Inc. - Common stock",NASDAQ,False,nasdaqtrader
ALLT,Allot Ltd. - Ordinary Shares,NASDAQ,False,nasdaqtrader
ALLY,Ally Financial Inc. Common Stock,N,False,nasdaqtrader
ALM,Almonty Industries Inc. - Common Shares,NASDAQ,False,nasdaqtrader
ALMR,"Alamar Biosciences, Inc. - Class A common stock",NASDAQ,False,nasdaqtrader
ALMS,Alumis Inc. - Common Stock,NASDAQ,False,nasdaqtrader
ALMU,"Aeluma, Inc. - Common Stock",NASDAQ,False,nasdaqtrader
ALNT,Allient Inc. - Common Stock,NASDAQ,False,nasdaqtrader
ALNY,"Alnylam Pharmaceuticals, Inc. - Common Stock",NASDAQ,False,nasdaqtrader
ALOT,"AstroNova, Inc. - Common Stock",NASDAQ,False,nasdaqtrader
ALOV,"Aldabra 4 Liquidity Opportunity Vehicle, Inc. - Class A Ordinary Shares",NASDAQ,False,nasdaqtrader
ALOVU,"Aldabra 4 Liquidity Opportunity Vehicle, Inc. - Units",NASDAQ,False,nasdaqtrader
ALOVW,"Aldabra 4 Liquidity Opportunity Vehicle, Inc. - Warrants",NASDAQ,False,nasdaqtrader
ALOY,REalloys Inc. - Common Stock,NASDAQ,False,nasdaqtrader
ALP,Alpha Compute Corp  - Common Stock,NASDAQ,False,nasdaqtrader
ALPS,ALPS Group Inc - Ordinary Share,NASDAQ,False,nasdaqtrader
ALPX,Alpex Acquisition Corporation - Class A Ordinary Shares,NASDAQ,False,nasdaqtrader
ALPXR,Alpex Acquisition Corporation - Rights,NASDAQ,False,nasdaqtrader
ALPXU,Alpex Acquisition Corporation - Units,NASDAQ,False,nasdaqtrader
ALPXW,Alpex Acquisition Corporation - Warrants,NASDAQ,False,nasdaqtrader
ALRM,"Alarm.com Holdings, Inc. - Common Stock",NASDAQ,False,nasdaqtrader
ALRS,Alerus Financial Corporation - Common Stock,NASDAQ,False,nasdaqtrader
ALSN,"Allison Transmission Holdings, Inc. Common Stock",N,False,nasdaqtrader
ALT,"Altimmune, Inc. - Common Stock",NASDAQ,False,nasdaqtrader
ALTG,Alta Equipment Group Inc. Class A Common Stock,N,False,nasdaqtrader
ALTG-PA,Alta Equipment Group Inc. Depositary Shares (each representing 1/1000th in a share of 10% Series A Cumulative Perpetual Preferred Stock),N,False,nasdaqtrader
ALTI,"AlTi Global, Inc. - Class A Common Stock",NASDAQ,False,nasdaqtrader
ALTO,"Alto Ingredients, Inc. - Common Stock",NASDAQ,False,nasdaqtrader
ALUB,Alussa Energy Acquisition Corp. II Class A Ordinary Shares,N,False,nasdaqtrader
ALUB-U,"Alussa Energy Acquisition Corp. II Units, each consisting of one Class A ordinary share and one-third of one redeemable warrant",N,False,nasdaqtrader
ALUB-W,"Alussa Energy Acquisition Corp. II Redeemable Warrants, each whole warrant exercisable for one Class A ordinary share at an exercise price of $11.50 per share",N,False,nasdaqtrader
ALV,"Autoliv, Inc. Common Stock",N,False,nasdaqtrader
ALVO,Alvotech - Ordinary Shares,NASDAQ,False,nasdaqtrader
ALVOW,Alvotech - Warrant,NASDAQ,False,nasdaqtrader
ALX,"Alexander's, Inc. Common Stock",N,False,nasdaqtrader
ALXO,ALX Oncology Holdings Inc. - Common Stock,NASDAQ,False,nasdaqtrader
ALZN,"Alzamend Neuro, Inc. - Common Stock",NASDAQ,False,nasdaqtrader
AM,Antero Midstream Corporation Common Stock,N,False,nasdaqtrader
AMACU,AMR Resources Acquisition Corp - Units,NASDAQ,False,nasdaqtrader
AMAL,Amalgamated Financial Corp. - Common Stock,NASDAQ,False,nasdaqtrader
AMAN,Amanat Acquisition Corp - Class A Ordinary Shares,NASDAQ,False,nasdaqtrader
AMAT,"Applied Materials, Inc. - Common Stock",NASDAQ,False,nasdaqtrader
AMBA,"Ambarella, Inc. - Ordinary Shares",NASDAQ,False,nasdaqtrader
AMBO,Ambow Education Holding Ltd. American Depository Shares (each representing twenty (20) Class A Ordinary Shares),A,False,nasdaqtrader
AMBP,Ardagh Metal Packaging S.A. Ordinary Shares,N,False,nasdaqtrader
AMBQ,"Ambiq Micro, Inc. Common Stock",N,False,nasdaqtrader
AMBR,Amber International Holding Limited - American Depositary Shares,NASDAQ,False,nasdaqtrader
AMC,"AMC Entertainment Holdings, Inc. Class A Common Stock",N,False,nasdaqtrader
AMCI,AMC Robotics Corporation - Common Stock,NASDAQ,False,nasdaqtrader
AMCR,Amcor plc Ordinary Shares,N,False,nasdaqtrader
AMCX,AMC Global Media Inc. - Class A Common Stock,NASDAQ,False,nasdaqtrader
AMD,"Advanced Micro Devices, Inc. - Common Stock",NASDAQ,False,nasdaqtrader
AME,"AMETEK, Inc.",N,False,nasdaqtrader
AMG,"Affiliated Managers Group, Inc. Common Stock",N,False,nasdaqtrader
AMGN,Amgen Inc. - Common Stock,NASDAQ,False,nasdaqtrader
AMH,American Homes 4 Rent Common Shares of Beneficial Interest,N,False,nasdaqtrader
AMH-PG,American Homes 4 Rent Series G cumulative redeemable perpetual preferred shares of beneficial interest,N,False,nasdaqtrader
AMH-PH,American Homes 4 Rent Series H cumulative redeemable perpetual Preferred Shares of Beneficial Interest,N,False,nasdaqtrader
AMIX,"Autonomix Medical, Inc. - Common Stock",NASDAQ,False,nasdaqtrader
AMKR,"Amkor Technology, Inc. - Common Stock",NASDAQ,False,nasdaqtrader
AMLX,"Amylyx Pharmaceuticals, Inc. - Common Stock",NASDAQ,False,nasdaqtrader
AMN,AMN Healthcare Services Inc,N,False,nasdaqtrader
AMOD,"Alpha Modus Holdings, Inc. - Class A Common Stock",NASDAQ,False,nasdaqtrader
AMODW,"Alpha Modus Holdings, Inc. - Warrant",NASDAQ,False,nasdaqtrader
AMP,"Ameriprise Financial, Inc. Common Stock",N,False,nasdaqtrader
AMPG,"Amplitech Group, Inc. - Common Stock",NASDAQ,False,nasdaqtrader
AMPGZ,"Amplitech Group, Inc. - Series B Right",NASDAQ,False,nasdaqtrader
AMPH,"Amphastar Pharmaceuticals, Inc. - Common Stock",NASDAQ,False,nasdaqtrader
AMPL,"Amplitude, Inc. - Class A Common Stock",NASDAQ,False,nasdaqtrader
AMPX,"Amprius Technologies, Inc. Common Stock",N,False,nasdaqtrader
AMPX-W,"Amprius Technologies, Inc. Warrants to purchase one share of Common Stock at an exercise price of $11.50 per share",N,False,nasdaqtrader
AMPY,Amplify Energy Corp. Common Stock,N,False,nasdaqtrader
AMR,"Alpha Metallurgical Resources, Inc. Common Stock",N,False,nasdaqtrader
AMRC,"Ameresco, Inc. Class A Common Stock",N,False,nasdaqtrader
AMRN,Amarin Corporation plc - American Depositary Shares,NASDAQ,False,nasdaqtrader
AMRX,"Amneal Pharmaceuticals, Inc. - Class A Common Stock",NASDAQ,False,nasdaqtrader
AMRZ,Amrize Ltd Ordinary Shares,N,False,nasdaqtrader
AMS,American Shared Hospital Services Common Stock,A,False,nasdaqtrader
AMSC,American Superconductor Corporation - Common Stock,NASDAQ,False,nasdaqtrader
AMSF,"AMERISAFE, Inc. - Common Stock",NASDAQ,False,nasdaqtrader
AMSS,AMASS Brands Inc. - Common Stock,NASDAQ,False,nasdaqtrader
AMST,Amesite Inc. - Common Stock,NASDAQ,False,nasdaqtrader
AMT,American Tower Corporation (REIT) Common Stock,N,False,nasdaqtrader
AMTB,Amerant Bancorp Inc. Class A Common Stock,N,False,nasdaqtrader
AMTD,"AMTD IDEA Group American Depositary Shares, each representing six (6) Class A Ordinary Shares",N,False,nasdaqtrader
AMTM,"Amentum Holdings, Inc. Common Stock",N,False,nasdaqtrader
AMTX,"Aemetis, Inc - Common Stock",NASDAQ,False,nasdaqtrader
AMUB,"ETRACS Alerian MLP Index ETN Series B due July 18, 2042",P,False,nasdaqtrader
AMWL,American Well Corporation Class A Common Stock,N,False,nasdaqtrader
AMX,"America Movil, S.A.B. de C.V. American Depositary Shares (each representing the right to receive twenty (20) Series B Shares",N,False,nasdaqtrader
AMZE,"Amaze Holdings, Inc. Common Stock",A,False,nasdaqtrader
AMZN,"Amazon.com, Inc. - Common Stock",NASDAQ,False,nasdaqtrader
AN,"AutoNation, Inc. Common Stock",N,False,nasdaqtrader
ANAB,"AnaptysBio, Inc. - Common Stock",NASDAQ,False,nasdaqtrader
ANDE,"The Andersons, Inc. - Common Stock",NASDAQ,False,nasdaqtrader
ANDG,Andersen Group Inc. Class A Common Stock,N,False,nasdaqtrader
ANET,"Arista Networks, Inc. Common Stock",N,False,nasdaqtrader
ANF,Abercrombie & Fitch Company Common Stock,N,False,nasdaqtrader
ANG-PD,"American National Group Inc. Depositary Shares, each representing a 1/1000th interest in a share of 7.375% Fixed-Rate Non-Cumulative Preferred Stock, Series D",N,False,nasdaqtrader
ANGH,Anghami Inc. - Ordinary Shares,NASDAQ,False,nasdaqtrader
ANGHW,Anghami Inc. - Warrants,NASDAQ,False,nasdaqtrader
ANGI,Angi Inc. - Class A Common Stock,NASDAQ,False,nasdaqtrader
ANGO,"AngioDynamics, Inc. - Common Stock",NASDAQ,False,nasdaqtrader
ANGX,"Angel Studios, Inc. Class A Common Stock",N,False,nasdaqtrader
ANIK,Anika Therapeutics Inc. - Common Stock,NASDAQ,False,nasdaqtrader
ANIP,"ANI Pharmaceuticals, Inc. - Common Stock",NASDAQ,False,nasdaqtrader
ANIX,"Anixa Biosciences, Inc. - Common Stock",NASDAQ,False,nasdaqtrader
ANL,Adlai Nortye Ltd. - American Depositary Shares,NASDAQ,False,nasdaqtrader
ANNA,"AleAnna, Inc. - Class A Common Stock",NASDAQ,False,nasdaqtrader
ANNAW,"AleAnna, Inc. - Warrant",NASDAQ,False,nasdaqtrader
ANNX,"Annexon, Inc. - common stock",NASDAQ,False,nasdaqtrader
ANPA,Rich Sparkle Holdings Limited - Ordinary Shares,NASDAQ,False,nasdaqtrader
ANRO,"Alto Neuroscience, Inc. Common Stock",N,False,nasdaqtrader
ANSC,Agriculture & Natural Solutions Acquisition Corporation - Class A Ordinary Shares,NASDAQ,False,nasdaqtrader
ANSCU,Agriculture & Natural Solutions Acquisition Corporation - Unit,NASDAQ,False,nasdaqtrader
ANSCW,Agriculture & Natural Solutions Acquisition Corporation - Warrant,NASDAQ,False,nasdaqtrader
ANTA,Antalpha Platform Holding Company - Class A Ordinary Shares,NASDAQ,False,nasdaqtrader
ANTX,"AN2 Therapeutics, Inc. - Common Stock",NASDAQ,False,nasdaqtrader
ANVS,"Annovis Bio, Inc. Common Stock",N,False,nasdaqtrader
ANY,Sphere 3D Corp. - Common Shares,NASDAQ,False,nasdaqtrader
AOD,abrdn Total Dynamic Dividend Fund Common Shares of Beneficial Interest,N,False,nasdaqtrader
AOMD,"Angel Oak Mortgage REIT, Inc. 9.750% Senior Notes due 2030",N,False,nasdaqtrader
AOMN,"Angel Oak Mortgage REIT, Inc. 9.500% Senior Notes due 2029",N,False,nasdaqtrader
AOMR,"Angel Oak Mortgage REIT, Inc. Common Stock",N,False,nasdaqtrader
AON,Aon plc Class A Ordinary Shares (Ireland),N,False,nasdaqtrader
AORT,"Artivion, Inc. Common Stock",N,False,nasdaqtrader
AOS,A.O. Smith Corporation Common Stock,N,False,nasdaqtrader
AOSL,Alpha and Omega Semiconductor Limited - Common Shares,NASDAQ,False,nasdaqtrader
AOUT,"American Outdoor Brands, Inc. - Common Stock",NASDAQ,False,nasdaqtrader
AP,Ampco-Pittsburgh Corporation Common Stock,N,False,nasdaqtrader
APA,APA Corporation - Common Stock,NASDAQ,False,nasdaqtrader
APAC,StoneBridge Acquisition II Corporation - Class A Ordinary Shares,NASDAQ,False,nasdaqtrader
APACR,StoneBridge Acquisition II Corporation - Rights,NASDAQ,False,nasdaqtrader
APACU,StoneBridge Acquisition II Corporation - Units,NASDAQ,False,nasdaqtrader
APAM,Artisan Partners Asset Management Inc. Class A Common Stock,N,False,nasdaqtrader
APC,ARKO Petroleum Corp. - Class A Common Stock,NASDAQ,False,nasdaqtrader
APD,"Air Products and Chemicals, Inc. Common Stock",N,False,nasdaqtrader
APEI,"American Public Education, Inc. - Common Stock",NASDAQ,False,nasdaqtrader
APG,APi Group Corporation Common Stock,N,False,nasdaqtrader
APGE,"Apogee Therapeutics, Inc. - Common Stock",NASDAQ,False,nasdaqtrader
APH,Amphenol Corporation Common Stock,N,False,nasdaqtrader
API,"Agora, Inc. - ADS",NASDAQ,False,nasdaqtrader
APLD,Applied Digital Corporation - Common Stock,NASDAQ,False,nasdaqtrader
APLE,"Apple Hospitality REIT, Inc. Common Shares",N,False,nasdaqtrader
APLM,Apollomics Inc. - Class A Ordinary Shares,NASDAQ,False,nasdaqtrader
APLMW,Apollomics Inc. - Warrant,NASDAQ,False,nasdaqtrader
APMC,AmperCap Acquisition Company - Ordinary Shares,NASDAQ,False,nasdaqtrader
APMCR,AmperCap Acquisition Company - Right,NASDAQ,False,nasdaqtrader
APMCU,AmperCap Acquisition Company - Unit,NASDAQ,False,nasdaqtrader
APMD,"Apnimed, Inc. - Common Stock",NASDAQ,False,nasdaqtrader
APO,"Apollo Global Management, Inc. (New) Common Stock",N,False,nasdaqtrader
APOG,"Apogee Enterprises, Inc. - Common Stock",NASDAQ,False,nasdaqtrader
APOS,"Apollo Global Management, Inc. 7.625% Fixed-Rate Resettable Junior Subordinated Notes due 2053",N,False,nasdaqtrader
APP,Applovin Corporation - Class A Common Stock,NASDAQ,False,nasdaqtrader
APPF,"AppFolio, Inc. - Class A Common Stock",NASDAQ,False,nasdaqtrader
APPN,Appian Corporation - Class A Common Stock,NASDAQ,False,nasdaqtrader
APPS,"Digital Turbine, Inc. - Common Stock",NASDAQ,False,nasdaqtrader
APRE,"Aprea Therapeutics, Inc. - Common Stock",NASDAQ,False,nasdaqtrader
APT,"Alpha Pro Tech, Ltd. Common Stock",A,False,nasdaqtrader
APTV,Aptiv PLC Ordinary Shares,N,False,nasdaqtrader
APUR,Aperture AC - Class A Ordinary Shares,NASDAQ,False,nasdaqtrader
APURR,Aperture AC - Rights,NASDAQ,False,nasdaqtrader
APUS,"Apimeds Pharmaceuticals US, Inc. Common Stock",A,False,nasdaqtrader
APVO,Aptevo Therapeutics Inc. - Common Stock,NASDAQ,False,nasdaqtrader
APWC,"Asia Pacific Wire & Cable Corporation Limited  - Common shares, Par value .01 per share",NASDAQ,False,nasdaqtrader
APXT,Apex Treasury Corporation - Class A Ordinary Share,NASDAQ,False,nasdaqtrader
APXTU,Apex Treasury Corporation - Units,NASDAQ,False,nasdaqtrader
APXTW,Apex Treasury Corporation - Warrants,NASDAQ,False,nasdaqtrader
APYX,Apyx Medical Corporation - Common Stock,NASDAQ,False,nasdaqtrader
AQB,"AquaBounty Technologies, Inc. - Common Stock",NASDAQ,False,nasdaqtrader
AQMS,"Aqua Metals, Inc. - Common Stock",NASDAQ,False,nasdaqtrader
AQN,Algonquin Power & Utilities Corp. Common Shares,N,False,nasdaqtrader
AQNB,"Algonquin Power & Utilities Corp. 6.20% Fixed-to-Floating Subordinated Notes Series 2019-A due July 1, 2079",N,False,nasdaqtrader
AQST,"Aquestive Therapeutics, Inc. - Common Stock",NASDAQ,False,nasdaqtrader
AR,Antero Resources Corporation Common Stock,N,False,nasdaqtrader
ARAI,Arrive AI Inc. - Common Stock,NASDAQ,False,nasdaqtrader
ARAY,Accuray Incorporated - Common Stock,NASDAQ,False,nasdaqtrader
ARBB,ARB IOT Group Limited - Ordinary Shares,NASDAQ,False,nasdaqtrader
ARBE,Arbe Robotics Ltd. - Ordinary Shares,NASDAQ,False,nasdaqtrader
ARBEW,Arbe Robotics Ltd. - Warrant,NASDAQ,False,nasdaqtrader
ARBK,Argo Blockchain plc - American Depositary Shares,NASDAQ,False,nasdaqtrader
ARCB,ArcBest Corporation - Common Stock,NASDAQ,False,nasdaqtrader
ARCC,Ares Capital Corporation - Closed End Fund,NASDAQ,False,nasdaqtrader
ARCI,Archimedes Tech SPAC Partners III Co. - Ordinary Share,NASDAQ,False,nasdaqtrader
ARCIU,Archimedes Tech SPAC Partners III Co. - Unit,NASDAQ,False,nasdaqtrader
ARCIW,Archimedes Tech SPAC Partners III Co. - Warrant,NASDAQ,False,nasdaqtrader
ARCL,ARC Group Acquisition I Corp - Class A Ordinary Shares,NASDAQ,False,nasdaqtrader
ARCLR,ARC Group Acquisition I Corp - Right,NASDAQ,False,nasdaqtrader
ARCLU,ARC Group Acquisition I Corp - Unit,NASDAQ,False,nasdaqtrader
ARCLW,ARC Group Acquisition I Corp - Warrants,NASDAQ,False,nasdaqtrader
ARCO,Arcos Dorados Holdings Inc. Class A Shares,N,False,nasdaqtrader
ARCT,Arcturus Therapeutics Holdings Inc. - Common Stock,NASDAQ,False,nasdaqtrader
ARDC,"Ares Dynamic Credit Allocation Fund, Inc. Common Shares",N,False,nasdaqtrader
ARDT,"Ardent Health, Inc. Common Stock",N,False,nasdaqtrader
ARDX,"Ardelyx, Inc. - Common Stock",NASDAQ,False,nasdaqtrader
ARE,"Alexandria Real Estate Equities, Inc. Common Stock",N,False,nasdaqtrader
AREC,American Resources Corporation - Class A Common Stock,NASDAQ,False,nasdaqtrader
AREN,"The Arena Group Holdings, Inc. Common Stock",A,False,nasdaqtrader
ARES,Ares Management Corporation Class A Common Stock,N,False,nasdaqtrader
ARES-PB,Ares Management Corporation 6.75% Series B Mandatory Convertible Preferred Stock,N,False,nasdaqtrader
ARGX,argenx SE - American Depositary Shares,NASDAQ,False,nasdaqtrader
ARHS,"Arhaus, Inc. - Class A Common Stock",NASDAQ,False,nasdaqtrader
ARI,"Apollo Commercial Real Estate Finance, Inc",N,False,nasdaqtrader
ARIS,Aris Mining Corporation Common Shares,N,False,nasdaqtrader
ARKO,ARKO Corp. - Common Stock,NASDAQ,False,nasdaqtrader
ARKR,Ark Restaurants Corp. - Common Stock,NASDAQ,False,nasdaqtrader
ARL,"American Realty Investors, Inc. Common Stock",N,False,nasdaqtrader
ARLO,"Arlo Technologies, Inc. Common Stock",N,False,nasdaqtrader
ARLP,"Alliance Resource Partners, L.P. - Common Units Representing Limited Partnership Interests",NASDAQ,False,nasdaqtrader
ARM,Arm Holdings plc - American Depositary Shares,NASDAQ,False,nasdaqtrader
ARMK,Aramark Common Stock,N,False,nasdaqtrader
ARMP,"Armata Pharmaceuticals, Inc. Common Stock",A,False,nasdaqtrader
AROC,"Archrock, Inc. Common Stock",N,False,nasdaqtrader
AROW,Arrow Financial Corporation - Common Stock,NASDAQ,False,nasdaqtrader
ARQ,"Arq, Inc. - Common Stock",NASDAQ,False,nasdaqtrader
ARQQ,Arqit Quantum Inc. - Ordinary Shares,NASDAQ,False,nasdaqtrader
ARQQW,Arqit Quantum Inc. - Warrants,NASDAQ,False,nasdaqtrader
ARQT,"Arcutis Biotherapeutics, Inc. - Common stock",NASDAQ,False,nasdaqtrader
ARR,"ARMOUR Residential REIT, Inc.",N,False,nasdaqtrader
ARR-PC,"ARMOUR Residential REIT, Inc. 7% Series C Cumulative Redeemable Preferred Stock (liquidation preference $25.00 per share)",N,False,nasdaqtrader
ARRY,"Array Technologies, Inc. - Common Stock",NASDAQ,False,nasdaqtrader
ARTC,Art Technology Acquisition Corp. - Class A Ordinary Shares,NASDAQ,False,nasdaqtrader
ARTCU,Art Technology Acquisition Corp. - Units,NASDAQ,False,nasdaqtrader
ARTCW,Art Technology Acquisition Corp. - Warrants,NASDAQ,False,nasdaqtrader
ARTL,"Artelo Biosciences, Inc. - Common Stock",NASDAQ,False,nasdaqtrader
ARTNA,Artesian Resources Corporation - Class A Non-Voting Common Stock,NASDAQ,False,nasdaqtrader
ARTV,"Artiva Biotherapeutics, Inc. - Common Stock",NASDAQ,False,nasdaqtrader
ARTW,"Art's-Way Manufacturing Co., Inc. - Common Stock",NASDAQ,False,nasdaqtrader
ARVN,"Arvinas, Inc. - Common Stock",NASDAQ,False,nasdaqtrader
ARW,"Arrow Electronics, Inc. Common Stock",N,False,nasdaqtrader
ARWR,"Arrowhead Pharmaceuticals, Inc. - Common Stock",NASDAQ,False,nasdaqtrader
ARX,Accelerant Holdings Class A Common Shares,N,False,nasdaqtrader
ARXS,"Arxis, Inc. - Class A Common Stock",NASDAQ,False,nasdaqtrader
AS,"Amer Sports, Inc. Ordinary Shares",N,False,nasdaqtrader
ASA,ASA  Gold and Precious Metals Limited,N,False,nasdaqtrader
ASAN,"Asana, Inc. Class A Common Stock",N,False,nasdaqtrader
ASB,Associated Banc-Corp Common Stock,N,False,nasdaqtrader
ASB-PE,"Associated Banc-Corp Depositary Shares, each representing a 1/40th interest in a share of 5.875% Non-Cumulative Perpetual Preferred Stock, Series E",N,False,nasdaqtrader
ASB-PF,"Associated Banc-Corp Depositary Shares, each representing a 1/40th interest in a share of Associated Banc-Corp 5.625% Non-Cumulative Perpetual Preferred Stock, Series F",N,False,nasdaqtrader
ASBA,Associated Banc-Corp 6.625% Fixed-Rate Reset Subordinated Notes due 2033,N,False,nasdaqtrader
ASBP,"Aspire Biopharma Holdings, Inc.  - Common Stock",NASDAQ,False,nasdaqtrader
ASBPW,"Aspire Biopharma Holdings, Inc.  - Warrant",NASDAQ,False,nasdaqtrader
ASC,Ardmore Shipping Corporation Common Stock,N,False,nasdaqtrader
ASG,"Liberty All-Star Growth Fund, Inc.",N,False,nasdaqtrader
ASGI,abrdn Global Infrastructure Income Fund Common Shares of Beneficial Interest,N,False,nasdaqtrader
ASH,Ashland Inc. Common Stock,N,False,nasdaqtrader
ASIC,Ategrity Specialty Insurance Company Holdings Common Stock,N,False,nasdaqtrader
ASIX,AdvanSix Inc. Common Stock,N,False,nasdaqtrader
ASLE,AerSale Corporation - Common Stock,NASDAQ,False,nasdaqtrader
ASM,Avino Silver & Gold Mines Ltd. Common Shares (Canada),A,False,nasdaqtrader
ASMB,"Assembly Biosciences, Inc. - Common Stock",NASDAQ,False,nasdaqtrader
ASML,ASML Holding N.V. - New York Registry Shares,NASDAQ,False,nasdaqtrader
ASND,Ascendis Pharma A/S - Ordinary Share,NASDAQ,False,nasdaqtrader
ASO,"Academy Sports and Outdoors, Inc. - Common Stock",NASDAQ,False,nasdaqtrader
ASPC,A SPAC III Acquisition Corp. - Class A Ordinary Shares,NASDAQ,False,nasdaqtrader
ASPCR,A SPAC III Acquisition Corp. - Right,NASDAQ,False,nasdaqtrader
ASPCU,A SPAC III Acquisition Corp. - Unit,NASDAQ,False,nasdaqtrader
ASPI,ASP Isotopes Inc. - Common Stock,NASDAQ,False,nasdaqtrader
ASPN,"Aspen Aerogels, Inc. Common Stock",N,False,nasdaqtrader
ASPS,Altisource Portfolio Solutions S.A. - Common Stock,NASDAQ,False,nasdaqtrader
ASPSW,Altisource Portfolio Solutions S.A. - Net Settle Stakeholder Warrants,NASDAQ,False,nasdaqtrader
ASPSZ,Altisource Portfolio Solutions S.A. - Cash Exercise Stakeholder Warrants,NASDAQ,False,nasdaqtrader
ASR,"Grupo Aeroportuario del Sureste, S.A. de C.V. Common Stock",N,False,nasdaqtrader
ASRV,AmeriServ Financial Inc. - Common Stock,NASDAQ,False,nasdaqtrader
ASST,"Strive, Inc. - Class A Common Stock",NASDAQ,False,nasdaqtrader
ASTC,Astrotech Corporation - Common Stock,NASDAQ,False,nasdaqtrader
ASTE,"Astec Industries, Inc. - Common Stock",NASDAQ,False,nasdaqtrader
ASTH,Astrana Health Inc. - Common Stock,NASDAQ,False,nasdaqtrader
ASTI,"Ascent Solar Technologies, Inc - Common Stock",NASDAQ,False,nasdaqtrader
ASTL,Algoma Steel Group Inc. - Common Shares,NASDAQ,False,nasdaqtrader
ASTLW,Algoma Steel Group Inc. - Warrant,NASDAQ,False,nasdaqtrader
ASTS,"AST SpaceMobile, Inc. - Class A Common Stock",NASDAQ,False,nasdaqtrader
ASUR,Asure Software Inc - Common Stock,NASDAQ,False,nasdaqtrader
ASX,"ASE Technology Holding Co., Ltd. American Depositary Shares (each representing Two Common Shares)",N,False,nasdaqtrader
ASYS,"Amtech Systems, Inc. - Common Stock",NASDAQ,False,nasdaqtrader
ATAI,AtaiBeckley Inc. - Common Stock,NASDAQ,False,nasdaqtrader
ATAT,Atour Lifestyle Holdings Limited - American Depositary Shares,NASDAQ,False,nasdaqtrader
ATCH,"AtlasClear Holdings, Inc. Common Stock",A,False,nasdaqtrader
ATCX,Atlas Critical Minerals Corporation - Common Stock,NASDAQ,False,nasdaqtrader
ATEC,"Alphatec Holdings, Inc. - Common Stock",NASDAQ,False,nasdaqtrader
ATEN,"A10 Networks, Inc. Common Stock",N,False,nasdaqtrader
ATER,"Aterian, Inc. - Common Stock",NASDAQ,False,nasdaqtrader
ATEX,Anterix Inc. - Common Stock,NASDAQ,False,nasdaqtrader
ATGL,Alpha Technology Group Limited - Class A Ordinary Shares,NASDAQ,False,nasdaqtrader
ATH-PA,"Athene Holding Ltd. Depositary Shares, Each Representing a 1/1,000th Interest in a 6.35% Fixed-to-Floating Rate Perpetual Non-Cumulative Preference Share, Series A",N,False,nasdaqtrader
ATH-PB,"Athene Holding Ltd. Depositary Shares, Each Representing a 1/1,000th Interest in a 5.625% Fixed Rate Perpetual Non- Cumulative Preference Share, Series B, par value $1.00 per share",N,False,nasdaqtrader
ATH-PD,"Athene Holding Ltd. Depositary Shares, Each Representing a 1/1,000th Interest in a 4.875% Fixed-Rate Perpetual Non-Cumulative Preference Share, Series D",N,False,nasdaqtrader
ATH-PE,"Athene Holding Ltd. Depositary Shares, Each Representing a 1/1,000th Interest in a 7.750% Fixed-Rate Reset Perpetual Non-Cumulative Preference Share, Series E",N,False,nasdaqtrader
ATHE,Alterity Therapeutics Limited - American Depositary Shares,NASDAQ,False,nasdaqtrader
ATHM,"Autohome Inc. American Depositary Shares, each representing four class A ordinary shares.",N,False,nasdaqtrader
ATHR,"Aether Holdings, Inc. - Common Stock",NASDAQ,False,nasdaqtrader
ATHS,Athene Holding Ltd. 7.250% Fixed-Rate Reset Junior Subordinated Debentures due 2064,N,False,nasdaqtrader
ATI,ATI Inc. Common Stock,N,False,nasdaqtrader
ATII,Archimedes Tech SPAC Partners II Co. - Ordinary Shares,NASDAQ,False,nasdaqtrader
ATIIU,Archimedes Tech SPAC Partners II Co. - Unit,NASDAQ,False,nasdaqtrader
ATIIW,Archimedes Tech SPAC Partners II Co. - Warrant,NASDAQ,False,nasdaqtrader
ATKR,Atkore Inc. Common Stock,N,False,nasdaqtrader
ATLC,Atlanticus Holdings Corporation - Common Stock,NASDAQ,False,nasdaqtrader
ATLCL,Atlanticus Holdings Corporation - 6.125% Senior Notes due 2026,NASDAQ,False,nasdaqtrader
ATLCP,"Atlanticus Holdings Corporation - 7.625% Series B Cumulative Perpetual Preferred Stock, no par value per share",NASDAQ,False,nasdaqtrader
ATLCZ,Atlanticus Holdings Corporation - 9.25% Senior Notes due 2029,NASDAQ,False,nasdaqtrader
ATLO,Ames National Corporation - Common Stock,NASDAQ,False,nasdaqtrader
ATLX,Atlas Lithium Corporation - Common Stock,NASDAQ,False,nasdaqtrader
ATMP,iPath Select MLP ETN,Z,False,nasdaqtrader
ATMU,Atmus Filtration Technologies Inc. Common Stock,N,False,nasdaqtrader
ATNI,"ATN International, Inc. - Common Stock",NASDAQ,False,nasdaqtrader
ATNM,"Actinium Pharmaceuticals, Inc. (Delaware) Common Stock",A,False,nasdaqtrader
ATO,Atmos Energy Corporation Common Stock,N,False,nasdaqtrader
ATOM,Atomera Incorporated - Common Stock,NASDAQ,False,nasdaqtrader
ATOS,"Atossa Therapeutics, Inc. - Common Stock",NASDAQ,False,nasdaqtrader
ATPC,Agape ATP Corporation - Common Stock,NASDAQ,False,nasdaqtrader
ATR,"AptarGroup, Inc. Common Stock",N,False,nasdaqtrader
ATRA,"Atara Biotherapeutics, Inc. - Common Stock",NASDAQ,False,nasdaqtrader
ATRC,"AtriCure, Inc. - Common Stock",NASDAQ,False,nasdaqtrader
ATRO,Astronics Corporation - Common Stock,NASDAQ,False,nasdaqtrader
ATS,ATS Corporation Common Shares,N,False,nasdaqtrader
ATTO,"Attovia Therapeutics, Inc. - Common Stock",NASDAQ,False,nasdaqtrader
ATXG,Addentax Group Corp. - Common Stock,NASDAQ,False,nasdaqtrader
ATYR,"aTyr Pharma, Inc. - Common Stock",NASDAQ,False,nasdaqtrader
AU,AngloGold Ashanti PLC Ordinary Shares,N,False,nasdaqtrader
AUB,Atlantic Union Bankshares Corporation Common Stock,N,False,nasdaqtrader
AUB-PA,"Atlantic Union Bankshares Corporation Depositary Shares each representing a 1/400th ownership interest in a share of 6.875% Perpetual Non-Cumulative Preferred Stock, Series A",N,False,nasdaqtrader
AUBN,"Auburn National Bancorporation, Inc. - Common Stock",NASDAQ,False,nasdaqtrader
AUC,ATIF Holdings Limited - Ordinary Shares,NASDAQ,False,nasdaqtrader
AUDC,AudioCodes Ltd. - Ordinary Shares,NASDAQ,False,nasdaqtrader
AUGO,Aura Minerals Inc. - Common Shares,NASDAQ,False,nasdaqtrader
AUID,authID Inc. - Common Stock,NASDAQ,False,nasdaqtrader
AUNA,Auna SA Class A Ordinary Shares,N,False,nasdaqtrader
AUPH,Aurinia Pharmaceuticals Inc - Common Shares,NASDAQ,False,nasdaqtrader
AUR,"Aurora Innovation, Inc.  - Class A Common Stock",NASDAQ,False,nasdaqtrader
AURA,"Aura Biosciences, Inc. - Common Stock",NASDAQ,False,nasdaqtrader
AURE,Aurelion Inc.  - Class A Ordinary Shares,NASDAQ,False,nasdaqtrader
AUROW,"Aurora Innovation, Inc.  - Warrant",NASDAQ,False,nasdaqtrader
AUST,Austin Gold Corp. Common Shares,A,False,nasdaqtrader
AUTL,Autolus Therapeutics plc - American Depositary Shares,NASDAQ,False,nasdaqtrader
AUUD,Auddia Inc. - Common Stock,NASDAQ,False,nasdaqtrader
AVA,Avista Corporation Common Stock,N,False,nasdaqtrader
AVAH,Aveanna Healthcare Holdings Inc. - Common Stock,NASDAQ,False,nasdaqtrader
AVAL,Grupo Aval Acciones y Valores S.A. ADR (Each representing 20 preferred shares),N,False,nasdaqtrader
AVAT,Avalanche Treasury Corporation - Class A Common Stock,NASDAQ,False,nasdaqtrader
AVAV,"AeroVironment, Inc. - Common Stock",NASDAQ,False,nasdaqtrader
AVB,"AvalonBay Communities, Inc. Common Stock",N,False,nasdaqtrader
AVBC,"Avidia Bancorp, Inc. Common Stock",N,False,nasdaqtrader
AVBH,"Avidbank Holdings, Inc. - Common Stock",NASDAQ,False,nasdaqtrader
AVBP,"ArriVent BioPharma, Inc. - Common Stock",NASDAQ,False,nasdaqtrader
AVD,American Vanguard Corporation Common Stock ($0.10 Par Value),N,False,nasdaqtrader
AVEX,AEVEX Corp. Class A Common Stock,N,False,nasdaqtrader
AVGO,Broadcom Inc. - Common Stock,NASDAQ,False,nasdaqtrader
AVIR,"Atea Pharmaceuticals, Inc. - common stock",NASDAQ,False,nasdaqtrader
AVK,Advent Convertible and Income Fund,N,False,nasdaqtrader
AVLN,Avalyn Pharma Inc. - common stock,NASDAQ,False,nasdaqtrader
AVNT,Avient Corporation Common Stock,N,False,nasdaqtrader
AVNW,"Aviat Networks, Inc. - Common Stock",NASDAQ,False,nasdaqtrader
AVO,"Mission Produce, Inc. - Common Stock",NASDAQ,False,nasdaqtrader
AVPT,"AvePoint, Inc. - Class A Common Stock",NASDAQ,False,nasdaqtrader
AVR,Anteris Technologies Global Corp. - Common Stock,NASDAQ,False,nasdaqtrader
AVT,"Avnet, Inc. - Common Stock",NASDAQ,False,nasdaqtrader
AVTR,"Avantor, Inc. Common Stock",N,False,nasdaqtrader
AVTX,"Avalo Therapeutics, Inc. - Common Stock",NASDAQ,False,nasdaqtrader
AVX,Avax One Technology Ltd. - Common Shares,NASDAQ,False,nasdaqtrader
AVXL,Anavex Life Sciences Corp. - Common Stock,NASDAQ,False,nasdaqtrader
AVY,Avery Dennison Corporation Common Stock,N,False,nasdaqtrader
AWF,Alliancebernstein Global High Income Fund,N,False,nasdaqtrader
AWI,Armstrong World Industries Inc Common Stock,N,False,nasdaqtrader
AWK,"American Water Works Company, Inc. Common Stock",N,False,nasdaqtrader
AWP,abrdn Global Premier Properties Fund Common Shares of Beneficial Interest,N,False,nasdaqtrader
AWR,American States Water Company Common Stock,N,False,nasdaqtrader
AWRE,"Aware, Inc. - Common Stock",NASDAQ,False,nasdaqtrader
AWX,Avalon Holdings Corporation Common Stock,A,False,nasdaqtrader
AX,"Axos Financial, Inc. Common Stock",N,False,nasdaqtrader
AXG,Solowin Holdings - Class A Ordinary Share,NASDAQ,False,nasdaqtrader
AXGN,"Axogen, Inc. - Common Stock",NASDAQ,False,nasdaqtrader
AXIL,"AXIL Brands, Inc. Common Stock",A,False,nasdaqtrader
AXIN,Axiom Intelligence Acquisition Corp 1 - Class A Ordinary Shares,NASDAQ,False,nasdaqtrader
AXINR,Axiom Intelligence Acquisition Corp 1 - Right,NASDAQ,False,nasdaqtrader
AXINU,Axiom Intelligence Acquisition Corp 1 - Units,NASDAQ,False,nasdaqtrader
AXON,"Axon Enterprise, Inc. - Common Stock",NASDAQ,False,nasdaqtrader
AXP,American Express Company Common Stock,N,False,nasdaqtrader
AXR,AMREP Corporation Common Stock,N,False,nasdaqtrader
AXS,Axis Capital Holdings Limited Common Stock,N,False,nasdaqtrader
AXS-PE,"Axis Capital Holdings Limited Depositary Shares, each representing 1/100th interest in a share of a 5.50% Series E Preferred Shares",N,False,nasdaqtrader
AXSM,"Axsome Therapeutics, Inc. - Common Stock",NASDAQ,False,nasdaqtrader
AXTA,Axalta Coating Systems Ltd. Common Shares,N,False,nasdaqtrader
AXTI,AXT Inc - Common Stock,NASDAQ,False,nasdaqtrader
AYA,Aya Gold & Silver Inc. - Common Shares,NASDAQ,False,nasdaqtrader
AYI,Acuity Inc. Common Stock,N,False,nasdaqtrader
AYTU,"Aytu BioPharma, Inc.  - Common Stock",NASDAQ,False,nasdaqtrader
AZ,A2Z Cust2Mate Solutions Corp. - Common Shares,NASDAQ,False,nasdaqtrader
AZI,Autozi Internet Technology (Global) Ltd. - Class A Ordinary Shares,NASDAQ,False,nasdaqtrader
AZIO,"Azio AI Holdings, Inc. - Common stock",NASDAQ,False,nasdaqtrader
AZN,AstraZeneca PLC Ordinary Shares,N,False,nasdaqtrader
AZO,"AutoZone, Inc. Common Stock",N,False,nasdaqtrader
AZTA,"Azenta, Inc. - Common Stock",NASDAQ,False,nasdaqtrader
AZTR,Azitra Inc Common Stock,A,False,nasdaqtrader
AZUL,"Azul S.A. American Depositary Shares, each representing two (2) Common Shares",N,False,nasdaqtrader
AZZ,AZZ Inc.,N,False,nasdaqtrader
B,Barrick Mining Corporation Common Shares,N,False,nasdaqtrader
BA,Boeing Company (The) Common Stock,N,False,nasdaqtrader
BA-PA,"Boeing Company (The) Depositary Shares, each representing a 1/20th interest in a share of 6.00% Series A Mandatory Convertible Preferred Stock, par value $1.00",N,False,nasdaqtrader
BABA,Alibaba Group Holding Limited American Depositary Shares each representing eight Ordinary share,N,False,nasdaqtrader
BAC,Bank of America Corporation Common Stock,N,False,nasdaqtrader
BAC-PB,"Bank of America Corporation Depositary Shares, each representing a 1/1,000th interest in a share of 6.000% Non-Cumulative Preferred Stock, Series GG",N,False,nasdaqtrader
BAC-PE,Bank of America Corporation Depositary Sh repstg 1/1000th Perp Pfd Ser E,N,False,nasdaqtrader
BAC-PK,"Bank of America Corporation Depositary Shares, each representing a 1/1,000th interest in a share of 5.875% Non- Cumulative Preferred Stock, Series HH",N,False,nasdaqtrader
BAC-PL,Bank of America Corporation Non Cumulative Perpetual Conv Pfd Ser L,N,False,nasdaqtrader
BAC-PM,"Bank of America Corporation Depositary Shares, each representing a 1/1,000th interest in a share of 5.375% Non-Cumulative Preferred Stock, Series KK",N,False,nasdaqtrader
BAC-PN,"Bank of America Corporation Depositary shares, each representing 1/1,000th interest in a share of 5.000% Non-Cumulative Preferred Stock, Series LL",N,False,nasdaqtrader
BAC-PO,"Bank of America Corporation Depositary shares, each representing 1/1,000th interest in a share of 4.375% Non-Cumulative Preferred Stock, Series NN",N,False,nasdaqtrader
BAC-PP,"Bank of America Corporation Depositary Shares, each representing a 1/1,000th interest in a share of 4.125% Non-Cumulative Preferred Stock, Series PP",N,False,nasdaqtrader
BAC-PQ,"Bank of America Corporation Depositary shares, each representing 1/1,000th interest in a share of 4.250% Non-Cumulative Preferred Stock, Series QQ",N,False,nasdaqtrader
BAC-PS,"Bank of America Corporation Depositary shares, each representing 1/1,000th interest in a share of 4.750% Non-Cumulative Preferred Stock, Series SS",N,False,nasdaqtrader
BACC,Blue Acquisition Corp. - Class A Ordinary Shares,NASDAQ,False,nasdaqtrader
BACCR,Blue Acquisition Corp. - Right,NASDAQ,False,nasdaqtrader
BACCU,Blue Acquisition Corp. - Unit,NASDAQ,False,nasdaqtrader
BAER,"Bridger Aerospace Group Holdings, Inc. - Common Stock",NASDAQ,False,nasdaqtrader
BAERW,"Bridger Aerospace Group Holdings, Inc. - Warrant",NASDAQ,False,nasdaqtrader
BAFN,BayFirst Financial Corp. - Common Stock,NASDAQ,False,nasdaqtrader
BAH,Booz Allen Hamilton Holding Corporation Common Stock,N,False,nasdaqtrader
BAK,Braskem SA ADR,N,False,nasdaqtrader
BALL,Ball Corporation Common Stock,N,False,nasdaqtrader
BALY,Bally's Corporation Common Stock,N,False,nasdaqtrader
BAM,Brookfield Asset Management Inc Class A Limited Voting Shares,N,False,nasdaqtrader
BANC,"Banc of California, Inc. Common Stock",N,False,nasdaqtrader
BANC-PF,"Banc of California, Inc. Depositary Shares, each representing a 1/40th interest in a share of 7.75% non-cumulative perpetual preferred stock, Series F",N,False,nasdaqtrader
BAND,Bandwidth Inc. - Class A Common Stock,NASDAQ,False,nasdaqtrader
BANF,BancFirst Corporation - Common Stock,NASDAQ,False,nasdaqtrader
BANFP,BancFirst Corporation - 7.2% Cumulative Trust Preferred Securities,NASDAQ,False,nasdaqtrader
BANL,CBL International Limited - Class B Ordinary Shares,NASDAQ,False,nasdaqtrader
BANR,Banner Corporation - Common Stock,NASDAQ,False,nasdaqtrader
BANX,ArrowMark Financial Corp. - Closed End Fund,NASDAQ,False,nasdaqtrader
BAOS,Baosheng Media Group Holdings Limited - Ordinary shares,NASDAQ,False,nasdaqtrader
BAP,Credicorp Ltd. Common Stock,N,False,nasdaqtrader
BAR,GraniteShares Gold Trust Shares of Beneficial Interest,P,False,nasdaqtrader
BARK,"BARK, Inc. Class A Common Stock",N,False,nasdaqtrader
BATL,Battalion Oil Corporation Common Stock,A,False,nasdaqtrader
BATRA,"Atlanta Braves Holdings, Inc. - Series A Common Stock",NASDAQ,False,nasdaqtrader
BATRK,"Atlanta Braves Holdings, Inc. - Series C Common Stock",NASDAQ,False,nasdaqtrader
BAX,Baxter International Inc. Common Stock,N,False,nasdaqtrader
BB,BlackBerry Limited Common Stock,N,False,nasdaqtrader
BBAI,"BigBear.ai, Inc. Common Stock",N,False,nasdaqtrader
BBAI-W,"BigBear.ai, Inc. Redeemable Warrants, each exercisable for one share of Common Stock at an exercise price of $11.50 per share",N,False,nasdaqtrader
BBAR,Banco BBVA Argentina S.A. ADS,N,False,nasdaqtrader
BBBY,"Bed Bath & Beyond, Inc. Common Stock",N,False,nasdaqtrader
BBBY-W,"Bed Bath & Beyond, Inc. Warrants to Purchase Common Stock",N,False,nasdaqtrader
BBCP,"Concrete Pumping Holdings, Inc.  - Common Stock",NASDAQ,False,nasdaqtrader
BBCQ,Bleichroeder Acquisition Corp. II - Class A Ordinary Shares,NASDAQ,False,nasdaqtrader
BBCQU,Bleichroeder Acquisition Corp. II - Units,NASDAQ,False,nasdaqtrader
BBCQW,Bleichroeder Acquisition Corp. II - Warrants,NASDAQ,False,nasdaqtrader
BBD,Banco Bradesco Sa American Depositary Shares,N,False,nasdaqtrader
BBDC,"Barings BDC, Inc. Common Stock",N,False,nasdaqtrader
BBDO,Banco Bradesco Sa American Depositary Shares (each representing one Common Share),N,False,nasdaqtrader
BBGI,"Beasley Broadcast Group, Inc. - Class A Common Stock",NASDAQ,False,nasdaqtrader
BBIO,"BridgeBio Pharma, Inc. - Common Stock",NASDAQ,False,nasdaqtrader
BBLG,Bone Biologics Corp - Common Stock,NASDAQ,False,nasdaqtrader
BBLGW,Bone Biologics Corp - warrants,NASDAQ,False,nasdaqtrader
BBN,BlackRock Taxable Municipal Bond Trust Common Shares of Beneficial Interest,N,False,nasdaqtrader
BBNX,"Beta Bionics, Inc. - Common Stock",NASDAQ,False,nasdaqtrader
BBOT,"BridgeBio Oncology Therapeutics, Inc. - Common Stock",NASDAQ,False,nasdaqtrader
BBSI,"Barrett Business Services, Inc. - Common Stock",NASDAQ,False,nasdaqtrader
BBT,Beacon Financial Corporation Common stock,N,False,nasdaqtrader
BBUC,Brookfield Business Corporation Class A Subordinate Voting Shares,N,False,nasdaqtrader
BBVA,Banco Bilbao Vizcaya Argentaria S.A. Common Stock,N,False,nasdaqtrader
BBW,"Build-A-Bear Workshop, Inc. Common Stock",N,False,nasdaqtrader
BBWI,"Bath & Body Works, Inc.",N,False,nasdaqtrader
BBY,"Best Buy Co., Inc. Common Stock",N,False,nasdaqtrader
BC,Brunswick Corporation Common Stock,N,False,nasdaqtrader
BC-PC,Brunswick Corporation 6.375% Notes due 2049,N,False,nasdaqtrader
BCAB,"BioAtla, Inc. - Common Stock",NASDAQ,False,nasdaqtrader
BCAL,California BanCorp - Common Stock,NASDAQ,False,nasdaqtrader
BCAR,D. Boral ARC Acquisition I Corp. - Class A Ordinary Shares,NASDAQ,False,nasdaqtrader
BCARU,D. Boral ARC Acquisition I Corp. - Units,NASDAQ,False,nasdaqtrader
BCARW,D. Boral ARC Acquisition I Corp. - Warrant,NASDAQ,False,nasdaqtrader
BCAT,BlackRock Capital Allocation Term Trust Common Shares of Beneficial Interest,N,False,nasdaqtrader
BCAX,Bicara Therapeutics Inc. - Common Stock,NASDAQ,False,nasdaqtrader
BCBP,"BCB Bancorp, Inc. (NJ) - Common Stock",NASDAQ,False,nasdaqtrader
BCC,"Boise Cascade, L.L.C. Common Stock",N,False,nasdaqtrader
BCCQ,Bleichroeder Acquisition Corp. III - Class A Ordinary Shares,NASDAQ,False,nasdaqtrader
BCCQU,Bleichroeder Acquisition Corp. III - Units,NASDAQ,False,nasdaqtrader
BCCQW,Bleichroeder Acquisition Corp. III - Warrant,NASDAQ,False,nasdaqtrader
BCDA,"BioCardia, Inc. - Common Stock",NASDAQ,False,nasdaqtrader
BCE,"BCE, Inc. Common Stock",N,False,nasdaqtrader
BCG,"Binah Capital Group, Inc. - Common Stock",NASDAQ,False,nasdaqtrader
BCGWW,"Binah Capital Group, Inc. - Warrants",NASDAQ,False,nasdaqtrader
BCH,Banco De Chile ADS,N,False,nasdaqtrader
BCHT,Birchtech Corp. Common Stock,A,False,nasdaqtrader
BCIC,BCP Investment Corporation - Closed End Fund,NASDAQ,False,nasdaqtrader
BCML,BayCom Corp - Common Stock,NASDAQ,False,nasdaqtrader
BCO,Brinks Company (The) Common Stock,N,False,nasdaqtrader
BCPC,Balchem Corporation - Common Stock,NASDAQ,False,nasdaqtrader
BCRX,"BioCryst Pharmaceuticals, Inc. - Common Stock",NASDAQ,False,nasdaqtrader
BCS,Barclays PLC Common Stock,N,False,nasdaqtrader
BCSF,"Bain Capital Specialty Finance, Inc. Common Stock",N,False,nasdaqtrader
BCSS,Bain Capital GSS Investment Corp. Class A Ordinary Shares,N,False,nasdaqtrader
BCSS-U,"Bain Capital GSS Investment Corp. Units, each consisting of one Class A Ordinary Share and one-fifth of one redeemable warrant",N,False,nasdaqtrader
BCSS-W,"Bain Capital GSS Investment Corp. Redeemable warrants, each whole warrant exercisable for one Class A ordinary share at an exercise price of $11.50",N,False,nasdaqtrader
BCTX,BriaCell Therapeutics Corp. - Common Shares,NASDAQ,False,nasdaqtrader
BCTXL,BriaCell Therapeutics Corp. - Warrants,NASDAQ,False,nasdaqtrader
BCTXZ,BriaCell Therapeutics Corp. - Warrant,NASDAQ,False,nasdaqtrader
BCV,"Bancroft Fund, Ltd.",A,False,nasdaqtrader
BCV-PA,Bancroft Fund Limited 5.375% Series A Cumulative Preferred Shares,A,False,nasdaqtrader
BCX,BlackRock Resources Common Shares of Beneficial Interest,N,False,nasdaqtrader
BCYC,Bicycle Therapeutics plc - American Depositary Shares,NASDAQ,False,nasdaqtrader
BDC,Belden Inc Common Stock,N,False,nasdaqtrader
BDCI,BTC Development Corp. - Class A Ordinary Shares,NASDAQ,False,nasdaqtrader
BDCIU,BTC Development Corp. - Unit,NASDAQ,False,nasdaqtrader
BDCIW,BTC Development Corp. - Warrant,NASDAQ,False,nasdaqtrader
BDCZ,"ETRACS MarketVector Business Development Companies Liquid Index ETN due April 26, 2041",P,False,nasdaqtrader
BDJ,Blackrock Enhanced Equity Dividend Trust,N,False,nasdaqtrader
BDL,"Flanigan's Enterprises, Inc. Common Stock",A,False,nasdaqtrader
BDMD,Baird Medical Investment Holdings Ltd - Ordinary Share,NASDAQ,False,nasdaqtrader
BDMDW,Baird Medical Investment Holdings Ltd - Warrant,NASDAQ,False,nasdaqtrader
BDN,Brandywine Realty Trust Common Stock,N,False,nasdaqtrader
BDRX,Biodexa Pharmaceuticals plc - American Depositary Shares,NASDAQ,False,nasdaqtrader
BDSX,"Biodesix, Inc. - Common Stock",NASDAQ,False,nasdaqtrader
BDTX,"Black Diamond Therapeutics, Inc. - Common Stock",NASDAQ,False,nasdaqtrader
BDX,"Becton, Dickinson and Company Common Stock",N,False,nasdaqtrader
BE,Bloom Energy Corporation Class A Common Stock,N,False,nasdaqtrader
BEAG,Bold Eagle Acquisition Corp. - Class A Ordinary Shares,NASDAQ,False,nasdaqtrader
BEAGR,Bold Eagle Acquisition Corp. - Right,NASDAQ,False,nasdaqtrader
BEAGU,Bold Eagle Acquisition Corp. - Units,NASDAQ,False,nasdaqtrader
BEAM,Beam Therapeutics Inc. - Common Stock,NASDAQ,False,nasdaqtrader
BEAT,"Heartbeam, Inc. - Common Stock",NASDAQ,False,nasdaqtrader
BEATW,"Heartbeam, Inc. - Warrant",NASDAQ,False,nasdaqtrader
BEBE,TGE Value Creative Solutions Corp Class A Ordinary Shares,N,False,nasdaqtrader
BEBE-U,"TGE Value Creative Solutions Corp Units, each consisting of one Class A ordinary share and one-half of one redeemable warrant",N,False,nasdaqtrader
BEBE-W,"TGE Value Creative Solutions Corp Redeemable warrants, each whole warrant exercisable for one Class A ordinary share at an exercise price of $11.50 per share",N,False,nasdaqtrader
BEEM,Beam Global - Common Stock,NASDAQ,False,nasdaqtrader
BEEP,Mobile Infrastructure Corporation - Common Stock,NASDAQ,False,nasdaqtrader
BEKE,KE Holdings Inc American Depositary Shares (each representing three Class A Ordinary Shares),N,False,nasdaqtrader
BELFA,Bel Fuse Inc. - Class A Common Stock,NASDAQ,False,nasdaqtrader
BELFB,Bel Fuse Inc. - Class B Common Stock,NASDAQ,False,nasdaqtrader
BEN,"Franklin Resources, Inc. Common Stock",N,False,nasdaqtrader
BENF,Beneficient - Class A Common Stock,NASDAQ,False,nasdaqtrader
BENFW,Beneficient - Warrant,NASDAQ,False,nasdaqtrader
BEP,Brookfield Renewable Partners L.P. Limited Partnership Units,N,False,nasdaqtrader
BEP-PA,"Brookfield Renewable Partners L.P. 5.25% Class A Preferred Limited Partnership Units, Series 17",N,False,nasdaqtrader
BEPC,Brookfield Renewable Corporation Brookfield Renewable Corporation Class A Subordinate Voting Shares,N,False,nasdaqtrader
BEPH,Brookfield BRP Holdings (Canada) Inc. 4.625% Perpetual Subordinated Notes,N,False,nasdaqtrader
BEPI,Brookfield BRP Holdings (Canada) Inc. 4.875% Perpetual Subordinated Notes,N,False,nasdaqtrader
BEPJ,Brookfield BRP Holdings (Canada) Inc. 7.250% Perpetual Subordinated Notes,N,False,nasdaqtrader
BESS,Bimergen Energy Corporation Common Stock,A,False,nasdaqtrader
BESS-W,"Bimergen Energy Corporation Warrants, each share exercisable to purchase one share of Common Stock",A,False,nasdaqtrader
BETA,"Beta Technologies, Inc. Class A Common Stock",N,False,nasdaqtrader
BETR,Better Home & Finance Holding Company - Class A Common Stock,NASDAQ,False,nasdaqtrader
BETRW,Better Home & Finance Holding Company - Warrant,NASDAQ,False,nasdaqtrader
BF-A,Brown Forman Inc Class A Common Stock,N,False,nasdaqtrader
BF-B,Brown Forman Inc Class B Common Stock,N,False,nasdaqtrader
BFAM,Bright Horizons Family Solutions Inc. Common Stock,N,False,nasdaqtrader
BFC,Bank First Corporation - Common Stock,NASDAQ,False,nasdaqtrader
BFH,"Bread Financial Holdings, Inc. Common Stock",N,False,nasdaqtrader
BFH-PA,"Bread Financial Holdings, Inc. Depositary Shares, each representing a 1/40th interest in a share of 8.625% Non-Cumulative Perpetual Preferred Stock, Series A",N,False,nasdaqtrader
BFH-PB,"Bread Financial Holdings, Inc. Depositary Shares, each representing a 1/40th interest in a share of 8.875% Fixed Rate Reset Non-Cumulative Perpetual Preferred Stock, Series B",N,False,nasdaqtrader
BFLY,"Butterfly Network, Inc. Class A Common Stock",N,False,nasdaqtrader
BFRG,"Bullfrog AI Holdings, Inc. - Common Stock",NASDAQ,False,nasdaqtrader
BFRGW,"Bullfrog AI Holdings, Inc. - Warrants",NASDAQ,False,nasdaqtrader
BFRI,Biofrontera Inc. - Common Stock,NASDAQ,False,nasdaqtrader
BFRIW,Biofrontera Inc. - Warrants,NASDAQ,False,nasdaqtrader
BFS,"Saul Centers, Inc. Common Stock",N,False,nasdaqtrader
BFS-PD,"Saul Centers, Inc. Depositary Shares, each representing 1/100th of a share of 6.125% Series D Cumulative Redeemable Preferred Stock",N,False,nasdaqtrader
BFS-PE,"Saul Centers, Inc. Depositary shares, each representing a 1/100th fractional interest in a share of 6.000% Series E Cumulative Redeemable Preferred Stock",N,False,nasdaqtrader
BFST,"Business First Bancshares, Inc. - Common Stock",NASDAQ,False,nasdaqtrader
BG,Bunge Limited Common Shares,N,False,nasdaqtrader
BGB,Blackstone Strategic Credit 2027 Term Fund Common Shares of Beneficial Interest,N,False,nasdaqtrader
BGC,"BGC Group, Inc. - Class A Common Stock",NASDAQ,False,nasdaqtrader
BGDE,"Big Digital Energy, Inc. - Common Stock",NASDAQ,False,nasdaqtrader
BGH,Barings Global Short Duration High Yield Fund Common Shares of Beneficial Interests,N,False,nasdaqtrader
BGI,Birks Group Inc. Common Stock,A,False,nasdaqtrader
BGIN,Bgin Blockchain Limited - Class A Ordinary Shares,NASDAQ,False,nasdaqtrader
BGL,Blue Gold Limited - Class A ordinary shares,NASDAQ,False,nasdaqtrader
BGLC,BioNexus Gene Lab Corp - Common stock,NASDAQ,False,nasdaqtrader
BGLWW,Blue Gold Limited - Warrant,NASDAQ,False,nasdaqtrader
BGM,BGM Group Ltd. - Class A Ordinary Shares,NASDAQ,False,nasdaqtrader
BGMS,"Bio Green Med Solution, Inc. - Common Stock",NASDAQ,False,nasdaqtrader
BGR,BlackRock Energy and Resources Trust,N,False,nasdaqtrader
BGS,"B&G Foods, Inc. Common Stock",N,False,nasdaqtrader
BGSF,"BGSF, Inc. Common Stock",N,False,nasdaqtrader
BGSI,Boyd Group Services Inc. Common Shares,N,False,nasdaqtrader
BGT,BlackRock Floating Rate Income Trust,N,False,nasdaqtrader
BGX,Blackstone Long Short Credit Income Fund Common Shares,N,False,nasdaqtrader
BGY,Blackrock Enhanced International Dividend Trust,N,False,nasdaqtrader
BH,Biglari Holdings Inc. Class B Common Stock,N,False,nasdaqtrader
BH-A,Biglari Holdings Inc. Class A Common Stock,N,False,nasdaqtrader
BHAV,BHAV Acquisition Corp - Class A Ordinary Shares,NASDAQ,False,nasdaqtrader
BHAVR,BHAV Acquisition Corp - Rights,NASDAQ,False,nasdaqtrader
BHAVU,BHAV Acquisition Corp - Units,NASDAQ,False,nasdaqtrader
BHB,"Bar Harbor Bankshares, Inc. Common Stock",A,False,nasdaqtrader
BHC,Bausch Health Companies Inc. Common Stock,N,False,nasdaqtrader
BHE,"Benchmark Electronics, Inc. Common Stock",N,False,nasdaqtrader
BHF,"Brighthouse Financial, Inc. - Common Stock",NASDAQ,False,nasdaqtrader
BHFAL,"Brighthouse Financial, Inc. - Junior Subordinated Debentures due 2058",NASDAQ,False,nasdaqtrader
BHFAM,"Brighthouse Financial, Inc. - Depositary shares each representing a 1/1,000th Interest in a Share of 4.625% Non-Cumulative Preferred Stock, Series D",NASDAQ,False,nasdaqtrader
BHFAN,"Brighthouse Financial, Inc. - depositary shares, each representing a 1/1,000th interest in a share of 5.375% Non-Cumulative Preferred Stock, Series C",NASDAQ,False,nasdaqtrader
BHFAO,"Brighthouse Financial, Inc. - Depositary Shares, each representing a 1/1,000th interest in a share of 6.750% Non-Cumulative Preferred Stock, Series B",NASDAQ,False,nasdaqtrader
BHFAP,"Brighthouse Financial, Inc. - Depositary Shares 6.6% Non-Cumulative Preferred Stock, Series A",NASDAQ,False,nasdaqtrader
BHK,Blackrock Core Bond Trust,N,False,nasdaqtrader
BHM,"Bluerock Homes Trust, Inc. Class A Common Stock",A,False,nasdaqtrader
BHP,BHP Group Limited American Depositary Shares (Each representing two Ordinary Shares),N,False,nasdaqtrader
BHR,Braemar Hotels & Resorts Inc. Common Stock,N,False,nasdaqtrader
BHR-PB,"Braemar Hotels & Resorts Inc. 5.50% Series B Cumulative Convertible Preferred Stock, par value $0.01 per share",N,False,nasdaqtrader
BHR-PD,"Braemar Hotels & Resorts Inc. 8.25% Series D Cumulative Preferred Stock,  par value $0.01 per share",N,False,nasdaqtrader
BHRB,Burke & Herbert Financial Services Corp. - Common Stock,NASDAQ,False,nasdaqtrader
BHST,BioHarvest Sciences Inc. - Common Stock,NASDAQ,False,nasdaqtrader
BHV,BlackRock Virginia Municipal Bond Trust,N,False,nasdaqtrader
BHVN,Biohaven Ltd. Common Shares,N,False,nasdaqtrader
BIAF,"bioAffinity Technologies, Inc. - Common Stock",NASDAQ,False,nasdaqtrader
BIAFW,"bioAffinity Technologies, Inc. - Warrant",NASDAQ,False,nasdaqtrader
BID,Tribeca Strategic Acquisition Corp. - Class A Ordinary Shares,NASDAQ,False,nasdaqtrader
BIDU,"Baidu, Inc. - American Depositary Shares, each representing 8 ordinary share",NASDAQ,False,nasdaqtrader
BIDWR,Tribeca Strategic Acquisition Corp. - Rights,NASDAQ,False,nasdaqtrader
BIDWU,Tribeca Strategic Acquisition Corp. - Unit,NASDAQ,False,nasdaqtrader
BIIB,Biogen Inc. - Common Stock,NASDAQ,False,nasdaqtrader
BIII,Black Spade Acquisition III Co Class A Ordinary Shares,N,False,nasdaqtrader
BIII-U,"Black Spade Acquisition III Co Units, each consisting of one Class A ordinary share and one-third of one redeemable warrant",N,False,nasdaqtrader
BIII-W,"Black Spade Acquisition III Co Redeemable warrants, each whole warrant exercisable for one Class A ordinary share at an exercise price of $11.50",N,False,nasdaqtrader
BILI,Bilibili Inc. - American Depositary Shares,NASDAQ,False,nasdaqtrader
BILL,"BILL Holdings, Inc. Common Stock",N,False,nasdaqtrader
BIO,"Bio-Rad Laboratories, Inc. Class A Common Stock",N,False,nasdaqtrader
BIO-B,"Bio-Rad Laboratories, Inc. Class B  Common Stock",N,False,nasdaqtrader
BIOA,"BioAge Labs, Inc. - Common Stock",NASDAQ,False,nasdaqtrader
BIOT,Instinct Bio Technical Company Holdings Inc. - Common stock,NASDAQ,False,nasdaqtrader
BIOTW,Instinct Bio Technical Company Holdings Inc. - Warrants,NASDAQ,False,nasdaqtrader
BIOX,Bioceres Crop Solutions Corp. - Ordinary Shares,NASDAQ,False,nasdaqtrader
BIP,Brookfield Infrastructure Partners LP Limited Partnership Units,N,False,nasdaqtrader
BIP-PA,"Brookfield Infrastructure Partners LP 5.125% Class A Preferred Limited Partnership Units, Series 13",N,False,nasdaqtrader
BIP-PB,"Brookfield Infrastructure Partners LP 5.000% Class A Preferred Limited Partnership Units, Series 14",N,False,nasdaqtrader
BIPC,Brookfield Infrastructure Corporation Brookfield Infrastructure Corporation,N,False,nasdaqtrader
BIPH,Brookfield Infrastructure Corporation 5.000% Subordinated Notes due 2081,N,False,nasdaqtrader
BIPI,BIP Bermuda Holdings I Limited 5.125% Perpetual Subordinated Notes,N,False,nasdaqtrader
BIPJ,Brookfield Infrastructure Corporation 7.250% Subordinated Notes due 2084,N,False,nasdaqtrader
BIRD,"Smartbird, Inc. - Class A Common Stock",NASDAQ,False,nasdaqtrader
BIRK,Birkenstock Holding plc Ordinary Shares,N,False,nasdaqtrader
BIT,BlackRock Multi-Sector Income Trust Common Shares of Beneficial Interest,N,False,nasdaqtrader
BIVI,BioVie Inc. - Common stock,NASDAQ,False,nasdaqtrader
BIVIW,BioVie Inc. - Warrant,NASDAQ,False,nasdaqtrader
BIXI,Bitcoin Infrastructure Acquisition Corp Ltd. - Class A Ordinary Shares,NASDAQ,False,nasdaqtrader
BIXIU,Bitcoin Infrastructure Acquisition Corp Ltd. - Units,NASDAQ,False,nasdaqtrader
BIXIW,Bitcoin Infrastructure Acquisition Corp Ltd. - Warrants,NASDAQ,False,nasdaqtrader
BIYA,Baiya International Group Inc.  - Ordinary Shares,NASDAQ,False,nasdaqtrader
BJ,"BJ's Wholesale Club Holdings, Inc. Common Stock",N,False,nasdaqtrader
BJDX,"Bluejay Diagnostics, Inc. - Common Stock",NASDAQ,False,nasdaqtrader
BJRI,"BJ's Restaurants, Inc. - Common Stock",NASDAQ,False,nasdaqtrader
BKD,Brookdale Senior Living Inc. Common Stock,N,False,nasdaqtrader
BKE,"Buckle, Inc. (The) Common Stock",N,False,nasdaqtrader
BKH,Black Hills Corporation Common Stock,N,False,nasdaqtrader
BKHA,Black Hawk Acquisition Corporation - Class A Ordinary Shares,NASDAQ,False,nasdaqtrader
BKHAR,Black Hawk Acquisition Corporation - Rights,NASDAQ,False,nasdaqtrader
BKHAU,Black Hawk Acquisition Corporation - Units,NASDAQ,False,nasdaqtrader
BKKT,"Bakkt, Inc. Class A Common Stock",N,False,nasdaqtrader
BKKT-W,"Bakkt, Inc. Warrants to purchase Class A Common Stock, each Warrant entitles a holder to purchase 1/25th of a share of Class A common stock at an exercise price of $287.50 for one share",N,False,nasdaqtrader
BKNG,Booking Holdings Inc. - Common Stock,NASDAQ,False,nasdaqtrader
BKR,Baker Hughes Company - Common Stock,NASDAQ,False,nasdaqtrader
BKSY,BlackSky Technology Inc. Class A Common Stock,N,False,nasdaqtrader
BKSY-W,"BlackSky Technology Inc. Redeemable Warrants, each whole Warrant exercisable for one share of Class A Common Stock",N,False,nasdaqtrader
BKT,BlackRock Income Trust Inc. (The),N,False,nasdaqtrader
BKTI,BK Technologies Corporation Common Stock,A,False,nasdaqtrader
BKU,"BankUnited, Inc. Common Stock",N,False,nasdaqtrader
BKV,BKV Corporation Common Stock,N,False,nasdaqtrader
BKYI,"BIO-key International, Inc. - Common Stock",NASDAQ,False,nasdaqtrader
BL,"BlackLine, Inc. - Common Stock",NASDAQ,False,nasdaqtrader
BLBD,Blue Bird Corporation - Common Stock,NASDAQ,False,nasdaqtrader
BLCO,Bausch + Lomb Corporation Common Shares,N,False,nasdaqtrader
BLDP,"Ballard Power Systems, Inc. - Common Shares",NASDAQ,False,nasdaqtrader
BLDR,"Builders FirstSource, Inc. Common Stock",N,False,nasdaqtrader
BLFS,"BioLife Solutions, Inc. - Common Stock",NASDAQ,False,nasdaqtrader
BLIN,"Bridgeline Digital, Inc. - Common Stock",NASDAQ,False,nasdaqtrader
BLIV,BeLive Holdings - ordinary shares,NASDAQ,False,nasdaqtrader
BLK,"BlackRock, Inc. Common Stock",N,False,nasdaqtrader
BLKB,"Blackbaud, Inc. - Common Stock",NASDAQ,False,nasdaqtrader
BLLN,"BillionToOne, Inc. - Class A common stock",NASDAQ,False,nasdaqtrader
BLMN,"Bloomin' Brands, Inc. - Common Stock",NASDAQ,False,nasdaqtrader
BLND,"Blend Labs, Inc. Class A Common Stock",N,False,nasdaqtrader
BLNE,"Beeline Holdings, Inc. - Common Stock",NASDAQ,False,nasdaqtrader
BLNK,Blink Charging Co. - Common Stock,NASDAQ,False,nasdaqtrader
BLRK,Bluerock Acquisition Corp. - Class A Ordinary Shares,NASDAQ,False,nasdaqtrader
BLRKU,Bluerock Acquisition Corp. - Units,NASDAQ,False,nasdaqtrader
BLRKW,Bluerock Acquisition Corp. - Warrants,NASDAQ,False,nasdaqtrader
BLRX,BioLineRx Ltd. - American Depositary Shares,NASDAQ,False,nasdaqtrader
BLSH,Bullish Ordinary Shares,N,False,nasdaqtrader
BLSM,"BlossomHill Therapeutics, Inc. - Common Stock",NASDAQ,False,nasdaqtrader
BLTE,"Belite Bio, Inc - American Depositary Shares",NASDAQ,False,nasdaqtrader
BLUW,Blue Water Acquisition Corp. III - Class A Ordinary Shares,NASDAQ,False,nasdaqtrader
BLUWU,Blue Water Acquisition Corp. III - Unit.,NASDAQ,False,nasdaqtrader
BLUWW,Blue Water Acquisition Corp. III - Warrant.,NASDAQ,False,nasdaqtrader
BLW,Blackrock Limited Duration Income Trust,N,False,nasdaqtrader
BLX,"Bladex, Inc. Class E Common Stock",N,False,nasdaqtrader
BLZE,"Backblaze, Inc. - Common Stock",NASDAQ,False,nasdaqtrader
BLZR,Trailblazer Acquisition Corp. - Class A Ordinary Shares,NASDAQ,False,nasdaqtrader
BLZRU,Trailblazer Acquisition Corp. - Unit,NASDAQ,False,nasdaqtrader
BLZRW,Trailblazer Acquisition Corp. - Warrant,NASDAQ,False,nasdaqtrader
BMA,Banco Macro S.A.  ADR (representing Ten Class B Common Shares),N,False,nasdaqtrader
BMBL,Bumble Inc. - common stock,NASDAQ,False,nasdaqtrader
BME,Blackrock Health Sciences Trust,N,False,nasdaqtrader
BMEA,"Biomea Fusion, Inc. - Common Stock",NASDAQ,False,nasdaqtrader
BMEZ,BlackRock Health Sciences Term Trust Common Shares of Beneficial Interest,N,False,nasdaqtrader
BMGL,Basel Medical Group Ltd - ordinary shares,NASDAQ,False,nasdaqtrader
BMHL,Bluemount Holdings Limited - Class B Ordinary Shares,NASDAQ,False,nasdaqtrader
BMI,"Badger Meter, Inc. Common Stock",N,False,nasdaqtrader
BML-PG,"Bank of America Corporation Depositary Shares (Each representing a 1/1200th interest in a share of Floating Rate Non-Cumulative Preferred Stock , Series 1)",N,False,nasdaqtrader
BML-PH,"Bank of America Corporation Depositary Shares (Each representing a 1/1200th interest in a Share of Floating Rate Non-Cumulative Preferred Stock, Series 2)",N,False,nasdaqtrader
BML-PJ,"Bank of America Corporation Depositary Shares (Each representing a 1/1200th interest in a Share of Floating Rate Non-Cumulative Preferred Stock, Series 4)",N,False,nasdaqtrader
BML-PL,"Bank of America Corporation Depositary Shares (Each representing a 1/1200th Interest in a Share of Floating Rate Non-Cumulative Preferred Stock, Series 5)",N,False,nasdaqtrader
BMM,Blue Moon Metals Inc. - Common Shares,NASDAQ,False,nasdaqtrader
BMN,BlackRock 2037 Municipal Target Term Trust Common Shares of Beneficial Interest,N,False,nasdaqtrader
BMNP,"BitMine Immersion Technologies, Inc. 9.5% Series A Perpetual Preferred Stock",N,False,nasdaqtrader
BMNR,"BitMine Immersion Technologies, Inc. Common Stock",N,False,nasdaqtrader
BMO,Bank Of Montreal Common Stock,N,False,nasdaqtrader
BMR,Beamr Imaging Ltd. - Ordinary Share,NASDAQ,False,nasdaqtrader
BMRA,"Biomerica, Inc. - Common Stock",NASDAQ,False,nasdaqtrader
BMRC,Bank of Marin Bancorp - Common Stock,NASDAQ,False,nasdaqtrader
BMRN,BioMarin Pharmaceutical Inc. - Common Stock,NASDAQ,False,nasdaqtrader
BMY,Bristol-Myers Squibb Company Common Stock,N,False,nasdaqtrader
BN,Brookfield Corporation Class A Limited Voting Shares,N,False,nasdaqtrader
BNAI,Brand Engagement Network Inc. - Common Stock,NASDAQ,False,nasdaqtrader
BNAIW,Brand Engagement Network Inc. - Warrant,NASDAQ,False,nasdaqtrader
BNC,CEA Industries Inc. - Common Stock,NASDAQ,False,nasdaqtrader
BNCWW,CEA Industries Inc. - Warrant,NASDAQ,False,nasdaqtrader
BNCWZ,CEA Industries Inc. - Warrants,NASDAQ,False,nasdaqtrader
BNED,"Barnes & Noble Education, Inc Common Stock",N,False,nasdaqtrader
BNGO,"Bionano Genomics, Inc. - Common Stock",NASDAQ,False,nasdaqtrader
BNH,"Brookfield Finance Inc. 4.625% Subordinated Notes due October 16, 2080",N,False,nasdaqtrader
BNJ,Brookfield Finance Inc. 4.50% Perpetual Subordinated Notes,N,False,nasdaqtrader
BNKK,"Bonk, Inc. - Common Stock",NASDAQ,False,nasdaqtrader
BNL,"Broadstone Net Lease, Inc. Common Stock",N,False,nasdaqtrader
BNR,Burning Rock Biotech Limited - American Depositary Shares,NASDAQ,False,nasdaqtrader
BNRG,Brenmiller Energy Ltd - Ordinary Shares,NASDAQ,False,nasdaqtrader
BNS,Bank Nova Scotia Halifax Pfd 3 Ordinary Shares,N,False,nasdaqtrader
BNT,Brookfield Wealth Solutions Ltd. Class A Exchangeable Limited Voting Shares,N,False,nasdaqtrader
BNTC,Benitec Biopharma Inc. - Common Stock,NASDAQ,False,nasdaqtrader
BNTX,BioNTech SE - American Depositary Shares,NASDAQ,False,nasdaqtrader
BNY,The Bank of New York Mellon Corporation Common Stock,N,False,nasdaqtrader
BNY-PK,"The Bank Of New York Mellon Corporation  Depositary Shares, each representing a 1/4,000th interest in a share of Series K Noncumulative Perpetual Preferred Stock",N,False,nasdaqtrader
BOBS,"Bob's Discount Furniture, Inc. Common Stock",N,False,nasdaqtrader
BOC,Boston Omaha Corporation Class A Common Stock,N,False,nasdaqtrader
BODI,"The Beachbody Company, Inc. - Class A Common Stock",NASDAQ,False,nasdaqtrader
BOE,Blackrock Enhanced Global Dividend Trust Common Shares of Beneficial Interest,N,False,nasdaqtrader
BOF,BranchOut Food Inc. - Common Stock,NASDAQ,False,nasdaqtrader
BOH,Bank of Hawaii Corporation Common Stock,N,False,nasdaqtrader
BOH-PA,"Bank of Hawaii Corporation Depositary Shares Each Representing a 1/40th Interest in a Share of 4.375% Fixed Rate Non-Cumulative Perpetual Preferred Stock, Series A",N,False,nasdaqtrader
BOH-PB,"Bank of Hawaii Corporation Depositary Shares, Each Representing a 1/40th Interest in a Share of 8.000% Fixed Rate Non-Cumulative Perpetual Preferred Stock, Series B",N,False,nasdaqtrader
BOKF,BOK Financial Corporation - Common Stock,NASDAQ,False,nasdaqtrader
BOLD,"Boundless Bio, Inc. - Common Stock",NASDAQ,False,nasdaqtrader
BOLT,"Bolt Biotherapeutics, Inc. - Common Stock",NASDAQ,False,nasdaqtrader
BON,Bon Natural Life Limited - Class A Ordinary Shares,NASDAQ,False,nasdaqtrader
BOOM,DMC Global Inc. - Common Stock,NASDAQ,False,nasdaqtrader
BOOT,"Boot Barn Holdings, Inc. Common Stock",N,False,nasdaqtrader
BORR,Borr Drilling Limited Common Shares,N,False,nasdaqtrader
BOSC,B.O.S. Better Online Solutions - Ordinary Shares,NASDAQ,False,nasdaqtrader
BOT,"RoboStrategy, Inc. - Common Stock",NASDAQ,False,nasdaqtrader
BOTJ,"Bank of the James Financial Group, Inc. - Common Stock",NASDAQ,False,nasdaqtrader
BOW,Bowhead Specialty Holdings Inc. Common Stock,N,False,nasdaqtrader
BOX,"Box, Inc. Class A Common Stock",N,False,nasdaqtrader
BOXL,Boxlight Corporation - Class A Common Stock,NASDAQ,False,nasdaqtrader
BP,BP p.l.c. Common Stock,N,False,nasdaqtrader
BPAC,Blueport Acquisition Ltd - Class A Ordinary Shares,NASDAQ,False,nasdaqtrader
BPACR,Blueport Acquisition Ltd - Rights,NASDAQ,False,nasdaqtrader
BPACU,Blueport Acquisition Ltd - Units,NASDAQ,False,nasdaqtrader
BPOP,"Popular, Inc. - Common Stock",NASDAQ,False,nasdaqtrader
BPOPM,"Popular, Inc. - Popular Capital Trust II - 6.125% Cumulative Monthly Income Trust Preferred Securities",NASDAQ,False,nasdaqtrader
BPRE,Bluerock Private Real Estate Fund Common Shares of Beneficial Interest,N,False,nasdaqtrader
BPRN,"Princeton Bancorp, Inc. - Common Stock",NASDAQ,False,nasdaqtrader
BPYPM,"Brookfield Property Partners L.P. - 6.25% Class A Cumulative Redeemable Preferred Units, Series 1",NASDAQ,False,nasdaqtrader
BPYPN,"Brookfield Property Partners L.P. - 5.750% Class A Cumulative Redeemable Perpetual Preferred Units, Series 3",NASDAQ,False,nasdaqtrader
BPYPO,"Brookfield Property Partners L.P. - 6.375% Class A Cumulative Redeemable Perpetual Preferred Units, Series 2",NASDAQ,False,nasdaqtrader
BPYPP,Brookfield Property Partners L.P. - 6.50% Class A Cumulative Redeemable Perpetual Preferred Units,NASDAQ,False,nasdaqtrader
BQ,Boqii Holding Limited Class A Ordinary Shares,A,False,nasdaqtrader
BR,"Broadridge Financial Solutions, Inc. Common Stock",N,False,nasdaqtrader
BRAG,Bragg Gaming Group Inc. - Common Shares,NASDAQ,False,nasdaqtrader
BRAI,Braiin Limited - Common Stock,NASDAQ,False,nasdaqtrader
BRBI,BRBI BR Partners S.A. - ADSs,NASDAQ,False,nasdaqtrader
BRBR,"BellRing Brands, Inc. Common Stock",N,False,nasdaqtrader
BRBS,"Blue Ridge Bankshares, Inc. Common Stock",A,False,nasdaqtrader
BRC,Brady Corporation Common Stock,N,False,nasdaqtrader
BRCB,"Black Rock Coffee Bar, Inc. - Class A Common Stock",NASDAQ,False,nasdaqtrader
BRCC,BRC Inc. Class A Common Stock,N,False,nasdaqtrader
BREZ,Breeze Acquisition Corp. II - Ordinary Shares,NASDAQ,False,nasdaqtrader
BREZR,Breeze Acquisition Corp. II - Rights,NASDAQ,False,nasdaqtrader
BRFH,Barfresh Food Group Inc. - Common Stock,NASDAQ,False,nasdaqtrader
BRIA,BrilliA Inc Class A Ordinary Shares,A,False,nasdaqtrader
BRID,Bridgford Foods Corporation - Common Stock,NASDAQ,False,nasdaqtrader
BRK-A,Berkshire Hathaway Inc. Common Stock,N,False,nasdaqtrader
BRK-B,Berkshire Hathaway Inc. New Common Stock,N,False,nasdaqtrader
BRKH,Burtech Acquisition Corp II - Class A Ordinary Shares,NASDAQ,False,nasdaqtrader
BRKHU,Burtech Acquisition Corp II - Units,NASDAQ,False,nasdaqtrader
BRKHW,Burtech Acquisition Corp II - Warrants,NASDAQ,False,nasdaqtrader
BRKR,Bruker Corporation - Common Stock,NASDAQ,False,nasdaqtrader
BRKRP,"Bruker Corporation - 6.375% Mandatory Convertible Preferred Stock, Series A",NASDAQ,False,nasdaqtrader
BRLS,Borealis Foods Inc. - Class A Common Shares,NASDAQ,False,nasdaqtrader
BRLSW,Borealis Foods Inc. - Warrant,NASDAQ,False,nasdaqtrader
BRLT,"Brilliant Earth Group, Inc. - Class A Common Stock",NASDAQ,False,nasdaqtrader
BRN,"Barnwell Industries, Inc. Common Stock",A,False,nasdaqtrader
BRNS,Barinthus Biotherapeutics plc - American Depositary Shares,NASDAQ,False,nasdaqtrader
BRO,"Brown & Brown, Inc. Common Stock",N,False,nasdaqtrader
BROS,Dutch Bros Inc. Class A Common Stock,N,False,nasdaqtrader
BRR,"ProCap Financial, Inc. - Common Stock",NASDAQ,False,nasdaqtrader
BRRWW,"ProCap Financial, Inc. - Warrant.",NASDAQ,False,nasdaqtrader
BRSL,"Brightstar Lottery PLC Trading under the Legal Name to begin at the market open on July 21, 2025. Ordinary Shares",N,False,nasdaqtrader
BRSP,"BrightSpire Capital, Inc. Class A Common Stock",N,False,nasdaqtrader
BRT,BRT Apartments Corp. (MD) Common Stock,N,False,nasdaqtrader
BRTMU,B&R Technology Merger Corp. - Units,NASDAQ,False,nasdaqtrader
BRTX,"BioRestorative Therapies, Inc. - Common Stock",NASDAQ,False,nasdaqtrader
BRUN,Boost Run Inc. - Class A Common Stock,NASDAQ,False,nasdaqtrader
BRUNW,Boost Run Inc. - Warrant,NASDAQ,False,nasdaqtrader
BRVE,"Braveheart Bio, Inc. - Common Stock",NASDAQ,False,nasdaqtrader
BRW,Saba Capital Income & Opportunities Fund SBI,N,False,nasdaqtrader
BRX,Brixmor Property Group Inc. Common Stock,N,False,nasdaqtrader
BRZE,"Braze, Inc. - Class A Common Stock",NASDAQ,False,nasdaqtrader
BSAA,BEST SPAC I Acquisition Corp. - Class A Ordinary Shares,NASDAQ,False,nasdaqtrader
BSAAR,BEST SPAC I Acquisition Corp. - Rights,NASDAQ,False,nasdaqtrader
BSAAU,BEST SPAC I Acquisition Corp. - Unit,NASDAQ,False,nasdaqtrader
BSAC,Banco Santander - Chile ADS,N,False,nasdaqtrader
BSBK,Bogota Financial Corp. - Common Stock,NASDAQ,False,nasdaqtrader
BSBR,"Banco Santander Brasil SA American Depositary Shares, each representing one unit",N,False,nasdaqtrader
BSEM,"BioStem Technologies, Inc. - Common Stock",NASDAQ,False,nasdaqtrader
BSET,"Bassett Furniture Industries, Incorporated - Common Stock",NASDAQ,False,nasdaqtrader
BSIN,Big Sky Industrial Inc. - Common Stock,NASDAQ,False,nasdaqtrader
BSL,Blackstone Senior Floating Rate 2027 Term Fund Common Shares of Beneficial Interest,N,False,nasdaqtrader
BSM,"Black Stone Minerals, L.P. Common units representing limited partner interests",N,False,nasdaqtrader
BSP,Bending Spoons S.p.A. - Ordinary Shares,NASDAQ,False,nasdaqtrader
BSRR,Sierra Bancorp - Common Stock,NASDAQ,False,nasdaqtrader
BST,BlackRock Science and Technology Trust Common Shares of Beneficial Interest,N,False,nasdaqtrader
BSTZ,BlackRock Science and Technology Term Trust Common Shares of Beneficial Interest,N,False,nasdaqtrader
BSVN,Bank7 Corp. - Common stock,NASDAQ,False,nasdaqtrader
BSX,Boston Scientific Corporation Common Stock,N,False,nasdaqtrader
BSY,"Bentley Systems, Incorporated - Class B Common Stock",NASDAQ,False,nasdaqtrader
BTAI,"BioXcel Therapeutics, Inc. - Common Stock",NASDAQ,False,nasdaqtrader
BTBD,"BT Brands, Inc. - Common Stock",NASDAQ,False,nasdaqtrader
BTBDW,"BT Brands, Inc. - Warrant",NASDAQ,False,nasdaqtrader
BTBT,"Bit Digital, Inc. - Ordinary Share",NASDAQ,False,nasdaqtrader
BTCS,BTCS Inc. - Common Stock,NASDAQ,False,nasdaqtrader
BTCT,BTC Digital Ltd. - Ordinary Shares,NASDAQ,False,nasdaqtrader
BTDR,Bitdeer Technologies Group - Ordinary Shares,NASDAQ,False,nasdaqtrader
BTE,Baytex Energy Corp Common Shares,N,False,nasdaqtrader
BTG,B2Gold Corp Common shares (Canada),A,False,nasdaqtrader
BTGO,"BitGo Holdings, Inc. Class A Common Stock",N,False,nasdaqtrader
BTI,"British American Tobacco  Industries, p.l.c. Common Stock ADR",N,False,nasdaqtrader
BTMD,Biote Corp. - Class A common stock,NASDAQ,False,nasdaqtrader
BTO,John Hancock Financial Opportunities Fund Common Stock,N,False,nasdaqtrader
BTOC,Armlogi Holding Corp. - common stock,NASDAQ,False,nasdaqtrader
BTOG,Bit Origin Limited - Class A Ordinary Shares,NASDAQ,False,nasdaqtrader
BTQ,BTQ Technologies Corp. - Common Stock,NASDAQ,False,nasdaqtrader
BTSG,"BrightSpring Health Services, Inc. - Common Stock",NASDAQ,False,nasdaqtrader
BTSGU,"BrightSpring Health Services, Inc. - Tangible Equity Unit",NASDAQ,False,nasdaqtrader
BTT,BlackRock Municipal 2030 Target Term Trust,N,False,nasdaqtrader
BTTC,Black Titan Corp - Ordinary Shares,NASDAQ,False,nasdaqtrader
BTU,Peabody Energy Corporation Common Stock,N,False,nasdaqtrader
BTX,BlackRock Technology and Private Equity Term Trust Common Shares of Beneficial Interest,N,False,nasdaqtrader
BTZ,BlackRock Credit Allocation Income Trust,N,False,nasdaqtrader
BUD,Anheuser-Busch Inbev SA Sponsored ADR (Belgium),N,False,nasdaqtrader
BUDA,"Buda Juice, Inc. Common Stock",A,False,nasdaqtrader
BUI,"BlackRock Utility, Infrastructure & Power Opportunities Trust",N,False,nasdaqtrader
BULL,Webull Corporation - Class A Ordinary Shares,NASDAQ,False,nasdaqtrader
BULLW,Webull Corporation - Warrants,NASDAQ,False,nasdaqtrader
BUR,Burford Capital Limited Ordinary Shares,N,False,nasdaqtrader
BURL,"Burlington Stores, Inc. Common Stock",N,False,nasdaqtrader
BUSE,First Busey Corporation - Common Stock,NASDAQ,False,nasdaqtrader
BUSEP,"First Busey Corporation - Depositary Shares, Each Representing a 1/40th Interest in a Share of 8.25% Fixed-Rate Series B Non-Cumulative Perpetual Preferred Stock, $0.001 par value",NASDAQ,False,nasdaqtrader
BUUU,BUUU Group Limited - Class A Ordinary Share,NASDAQ,False,nasdaqtrader
BV,"BrightView Holdings, Inc. Common Stock",N,False,nasdaqtrader
BVC,BitVentures Limited - Ordinary Share,NASDAQ,False,nasdaqtrader
BVFL,"BV Financial, Inc. - Common Stock",NASDAQ,False,nasdaqtrader
BVN,Buenaventura Mining Company Inc.,N,False,nasdaqtrader
BVS,Bioventus Inc. - Class A Common Stock,NASDAQ,False,nasdaqtrader
BW,"Babcock & Wilcox Enterprises, Inc. Common Stock",N,False,nasdaqtrader
BW-PA,"Babcock & Wilcox Enterprises, Inc. 7.75% Series A Cumulative Perpetual Preferred Stock",N,False,nasdaqtrader
BWA,BorgWarner Inc. Common Stock,N,False,nasdaqtrader
BWAY,BrainsWay Ltd. - American Depositary Shares,NASDAQ,False,nasdaqtrader
BWB,"Bridgewater Bancshares, Inc. - Common Stock",NASDAQ,False,nasdaqtrader
BWBBP,"Bridgewater Bancshares, Inc. - Depositary Shares, Each Representing a 1/100th Interest in a Share of 5.875% Non-Cumulative Perpetual Preferred Stock, Series A",NASDAQ,False,nasdaqtrader
BWEN,"Broadwind, Inc. - Common Stock",NASDAQ,False,nasdaqtrader
BWFG,"Bankwell Financial Group, Inc. - Common Stock",NASDAQ,False,nasdaqtrader
BWG,BrandywineGLOBAL Global Income Opportunities Fund Inc.,N,False,nasdaqtrader
BWIN,"The Baldwin Insurance Group, Inc. - Class A Common Stock",NASDAQ,False,nasdaqtrader
BWIV,Blue Water Acquisition Corp. IV Class A Ordinary Shares,N,False,nasdaqtrader
BWIV-U,"Blue Water Acquisition Corp. IV Units, each consisting of one Class A ordinary share and one-half of one redeemable warrant",N,False,nasdaqtrader
BWIV-W,Blue Water Acquisition Corp. IV Warrants entitling the holder to purchase one Class A ordinary share at a price of $11.50 per share,N,False,nasdaqtrader
BWLP,BW LPG Limited Common Shares,N,False,nasdaqtrader
BWMN,Bowman Consulting Group Ltd. - Common Stock,NASDAQ,False,nasdaqtrader
BWMX,"Betterware de Mexico, S.A.P.I. de C.V. Ordinary Shares",N,False,nasdaqtrader
BWNB,"Babcock & Wilcox Enterprises, Inc. 6.50% Senior Notes due 2026",N,False,nasdaqtrader
BWXT,"BWX Technologies, Inc. Common Stock",N,False,nasdaqtrader
BX,Blackstone Inc. Common Stock,N,False,nasdaqtrader
BXBL,"BOXABL, Inc.  - Common stock",NASDAQ,False,nasdaqtrader
BXC,Bluelinx Holdings Inc. Common Stock,N,False,nasdaqtrader
BXDC,Blackstone Digital Infrastructure Trust Inc. Common Stock,N,False,nasdaqtrader
BXMT,"Blackstone Mortgage Trust, Inc. Common Stock",N,False,nasdaqtrader
BXP,"BXP, Inc. Common Stock",N,False,nasdaqtrader
BXSL,Blackstone Secured Lending Fund Common Shares of Beneficial Interest,N,False,nasdaqtrader
BY,"Byline Bancorp, Inc. Common Stock",N,False,nasdaqtrader
BYAH,"Park Ha Biological Technology Co., Ltd. - Class A Ordinary Shares",NASDAQ,False,nasdaqtrader
BYD,Boyd Gaming Corporation Common Stock,N,False,nasdaqtrader
BYFC,Broadway Financial Corporation - Class A Common Stock,NASDAQ,False,nasdaqtrader
BYND,"Beyond Meat, Inc. - Common stock",NASDAQ,False,nasdaqtrader
BYRN,"Byrna Technologies, Inc. - Common Stock",NASDAQ,False,nasdaqtrader
BYSI,"BeyondSpring, Inc. - Ordinary Shares",NASDAQ,False,nasdaqtrader
BZ,KANZHUN LIMITED - American Depository Shares,NASDAQ,False,nasdaqtrader
BZAI,"Blaize Holdings, Inc. - Common Stock",NASDAQ,False,nasdaqtrader
BZAIW,"Blaize Holdings, Inc. - Warrant",NASDAQ,False,nasdaqtrader
BZFD,"BuzzFeed, Inc. - Class A Common Stock",NASDAQ,False,nasdaqtrader
BZFDW,"BuzzFeed, Inc. - Warrant",NASDAQ,False,nasdaqtrader
BZH,"Beazer Homes USA, Inc. Common Stock",N,False,nasdaqtrader
BZUN,Baozun Inc. - American Depositary Shares,NASDAQ,False,nasdaqtrader
C,"Citigroup, Inc. Common Stock",N,False,nasdaqtrader
C-PN,Citigroup Capital XIII 7.875% Fixed rate Floating Rate trust Preferred Securities (TruPS),N,False,nasdaqtrader
C-PR,"Citigroup Inc. Depositary Shares, Each Representing a 1/1,000th Interest in a Share of 6.250% Noncumulative Preferred Stock, Series II",N,False,nasdaqtrader
CAAP,Corporacion America Airports SA Common Shares,N,False,nasdaqtrader
CAAS,"China Automotive Systems, Inc. - Ordinary Share",NASDAQ,False,nasdaqtrader
CABA,"Cabaletta Bio, Inc. - Common Stock",NASDAQ,False,nasdaqtrader
CABO,"Cable One, Inc. Common Stock",N,False,nasdaqtrader
CABR,"Caring Brands, Inc. - Common Stock",NASDAQ,False,nasdaqtrader
CAC,Camden National Corporation - Common Stock,NASDAQ,False,nasdaqtrader
CACC,Credit Acceptance Corporation - Common Stock,NASDAQ,False,nasdaqtrader
CACI,"CACI International, Inc. Class A Common Stock",N,False,nasdaqtrader
CADL,"Candel Therapeutics, Inc. - Common Stock",NASDAQ,False,nasdaqtrader
CAE,CAE Inc - Common Shares,NASDAQ,False,nasdaqtrader
CAES,"Cantor Equity Partners VII, Inc. - Class A Ordinary Shares",NASDAQ,False,nasdaqtrader
CAF,Morgan Stanley China A Share Fund Inc. Common Stock,N,False,nasdaqtrader
CAG,"ConAgra Brands, Inc. Common Stock",N,False,nasdaqtrader
CAH,"Cardinal Health, Inc. Common Stock",N,False,nasdaqtrader
CAI,"Caris Life Sciences, Inc. - Common Stock",NASDAQ,False,nasdaqtrader
CAII,Collective Acquisition Corp. II - Class A Ordinary Shares,NASDAQ,False,nasdaqtrader
CAIIU,Collective Acquisition Corp. II - Units,NASDAQ,False,nasdaqtrader
CAIIW,Collective Acquisition Corp. II - Warrants,NASDAQ,False,nasdaqtrader
CAKE,The Cheesecake Factory Incorporated - Common Stock,NASDAQ,False,nasdaqtrader
CAL,"Caleres, Inc. Common Stock",N,False,nasdaqtrader
CALC,"CalciMedica, Inc. - Common Stock",NASDAQ,False,nasdaqtrader
CALM,"Cal-Maine Foods, Inc. - Common Stock",NASDAQ,False,nasdaqtrader
CALX,"Calix, Inc Common Stock",N,False,nasdaqtrader
CALY,Callaway Golf Company Common Stock,N,False,nasdaqtrader
CAMP,CAMP4 Therapeutics Corporation - Common Stock,NASDAQ,False,nasdaqtrader
CAMT,Camtek Ltd. - Ordinary Shares,NASDAQ,False,nasdaqtrader
CAN,Canaan Inc. - American Depositary Shares,NASDAQ,False,nasdaqtrader
CANF,"Can-Fite Biopharma Ltd American Depositary Shares, each representing two (2) Ordinary Shares",A,False,nasdaqtrader
CANG,Cango Inc. Class A Ordinary Shares,N,False,nasdaqtrader
CAPL,CrossAmerica Partners LP Common Units representing limited partner interests,N,False,nasdaqtrader
CAPN,Cayson Acquisition Corp - Ordinary Shares,NASDAQ,False,nasdaqtrader
CAPNR,Cayson Acquisition Corp - Right,NASDAQ,False,nasdaqtrader
CAPNU,Cayson Acquisition Corp - Units,NASDAQ,False,nasdaqtrader
CAPR,"Capricor Therapeutics, Inc. - Common Stock",NASDAQ,False,nasdaqtrader
CAPS,Capstone Holding Corp. - Common Stock,NASDAQ,False,nasdaqtrader
CAQ,Cambridge Acquisition Corp. - Class A Ordinary Shares,NASDAQ,False,nasdaqtrader
CAQUU,Cambridge Acquisition Corp. - Unit,NASDAQ,False,nasdaqtrader
CAQUW,Cambridge Acquisition Corp. - Warrants,NASDAQ,False,nasdaqtrader
CAR,"Avis Budget Group, Inc. - Common Stock",NASDAQ,False,nasdaqtrader
CARE,"Carter Bankshares, Inc. - Common Stock",NASDAQ,False,nasdaqtrader
CARG,"CarGurus, Inc. - Class A Common Stock",NASDAQ,False,nasdaqtrader
CARL,"Carlsmed, Inc. - Common Stock",NASDAQ,False,nasdaqtrader
CARR,Carrier Global Corporation Common Stock,N,False,nasdaqtrader
CARS,Cars.com Inc. Common Stock,N,False,nasdaqtrader
CART,Maplebear Inc. - Common Stock,NASDAQ,False,nasdaqtrader
CASH,"Pathward Financial, Inc. - Common Stock",NASDAQ,False,nasdaqtrader
CASS,"Cass Information Systems, Inc - Common Stock",NASDAQ,False,nasdaqtrader
CAST,"FreeCast, Inc. - Class A common stock",NASDAQ,False,nasdaqtrader
CASY,"Caseys General Stores, Inc. - Common Stock",NASDAQ,False,nasdaqtrader
CAT,"Caterpillar, Inc. Common Stock",N,False,nasdaqtrader
CATLU,Catalyst Acquisition Corp. - Units,NASDAQ,False,nasdaqtrader
CATO,Cato Corporation (The) Class A Common Stock,N,False,nasdaqtrader
CATX,"Perspective Therapeutics, Inc. Common Stock",A,False,nasdaqtrader
CATY,Cathay General Bancorp - Common Stock,NASDAQ,False,nasdaqtrader
CAVA,"CAVA Group, Inc. Common Stock",N,False,nasdaqtrader
CB,Chubb Limited  Common Stock,N,False,nasdaqtrader
CBAN,"Colony Bankcorp, Inc. Common Stock",N,False,nasdaqtrader
CBAT,CBAK Energy Technology Limited - Ordinary Shares,NASDAQ,False,nasdaqtrader
CBC,"Central Bancompany, Inc. - Class A Common Stock",NASDAQ,False,nasdaqtrader
CBFV,"CB Financial Services, Inc. - Common Stock",NASDAQ,False,nasdaqtrader
CBIO,"Crescent Biopharma, Inc. - Common Stock",NASDAQ,False,nasdaqtrader
CBK,"Commercial Bancgroup, Inc. - Common Stock",NASDAQ,False,nasdaqtrader
CBL,"CBL & Associates Properties, Inc. Common Stock",N,False,nasdaqtrader
CBLL,"CeriBell, Inc. - Common Stock",NASDAQ,False,nasdaqtrader
CBNA,"Chain Bridge Bancorp, Inc. Class A Common Stock",N,False,nasdaqtrader
CBNK,"Capital Bancorp, Inc. - Common Stock",NASDAQ,False,nasdaqtrader
CBOE,"Cboe Global Markets, Inc. Common Stock",Z,False,nasdaqtrader
CBRE,CBRE Group Inc Common Stock Class A,N,False,nasdaqtrader
CBRL,"Cracker Barrel Old Country Store, Inc. - Common Stock",NASDAQ,False,nasdaqtrader
CBRS,Cerebras Systems Inc. - Class A Common Stock,NASDAQ,False,nasdaqtrader
CBSH,"Commerce Bancshares, Inc. - Common Stock",NASDAQ,False,nasdaqtrader
CBT,Cabot Corporation Common Stock,N,False,nasdaqtrader
CBU,"Community Financial System, Inc. Common Stock",N,False,nasdaqtrader
CBUS,"Cibus, Inc. - Class A Common Stock",NASDAQ,False,nasdaqtrader
CBZ,"CBIZ, Inc. Common Stock",N,False,nasdaqtrader
CC,Chemours Company (The) Common Stock,N,False,nasdaqtrader
CCAP,"Crescent Capital BDC, Inc. - Common Stock",NASDAQ,False,nasdaqtrader
CCAQ,Collective Acquisition Corp. - Class A ordinary shares,NASDAQ,False,nasdaqtrader
CCAQU,Collective Acquisition Corp. - Units,NASDAQ,False,nasdaqtrader
CCAQW,Collective Acquisition Corp. - Warrants,NASDAQ,False,nasdaqtrader
CCB,Coastal Financial Corporation - Common Stock,NASDAQ,False,nasdaqtrader
CCBG,Capital City Bank Group - Common Stock,NASDAQ,False,nasdaqtrader
CCC,CCC Intelligent Solutions Holdings Inc. - Common Stock,NASDAQ,False,nasdaqtrader
CCCC,"C4 Therapeutics, Inc. - Common Stock",NASDAQ,False,nasdaqtrader
CCCT,Columbus Circle Capital Corp III - Class A Ordinary Shares,NASDAQ,False,nasdaqtrader
CCCTU,Columbus Circle Capital Corp III - Units,NASDAQ,False,nasdaqtrader
CCCTW,Columbus Circle Capital Corp III - Warrants,NASDAQ,False,nasdaqtrader
CCD,Calamos Dynamic Convertible & Income Fund - Closed End Fund,NASDAQ,False,nasdaqtrader
CCEC,Capital Clean Energy Carriers Corp. - Common Share,NASDAQ,False,nasdaqtrader
CCEL,"Cryo-Cell International, Inc. Common Stock",A,False,nasdaqtrader
CCEP,Coca-Cola Europacific Partners plc - Ordinary Shares,NASDAQ,False,nasdaqtrader
CCG,Cheche Group Inc. - Class A Ordinary Shares,NASDAQ,False,nasdaqtrader
CCGWW,Cheche Group Inc. - Warrant,NASDAQ,False,nasdaqtrader
CCHH,CCH Holdings Ltd - Class A Ordinary Shares,NASDAQ,False,nasdaqtrader
CCI,Crown Castle Inc. Common Stock,N,False,nasdaqtrader
CCID,Carlyle Credit Income Fund 7.375% Series D Term Preferred Shares due 2028,N,False,nasdaqtrader
CCIF,Carlyle Credit Income Fund Shares of Beneficial Interest,N,False,nasdaqtrader
CCII,Cohen Circle Acquisition Corp. II - Class A Ordinary Shares,NASDAQ,False,nasdaqtrader
CCIIU,Cohen Circle Acquisition Corp. II - Unit,NASDAQ,False,nasdaqtrader
CCIIW,Cohen Circle Acquisition Corp. II - Warrant,NASDAQ,False,nasdaqtrader
CCJ,Cameco Corporation Common Stock,N,False,nasdaqtrader
CCK,"Crown Holdings, Inc.",N,False,nasdaqtrader
CCL,Carnival Corporation Ltd. Common Shares,N,False,nasdaqtrader
CCLD,"CareCloud, Inc. - Common Stock",NASDAQ,False,nasdaqtrader
CCM,Concord Medical Services Holdings Limited American Depositary Shares (Each represents thirty (30) Class A ordinary shares),N,False,nasdaqtrader
CCNE,CNB Financial Corporation - Common Stock,NASDAQ,False,nasdaqtrader
CCNEP,"CNB Financial Corporation - Depositary shares, each representing a 1/40th ownership interest in a share of 7.125% Series A Fixed- Rate Non-Cumulative Perpetual Preferred Stock",NASDAQ,False,nasdaqtrader
CCO,"Clear Channel Outdoor Holdings, Inc. Common Stock",N,False,nasdaqtrader
CCOI,"Cogent Communications Holdings, Inc. - Common Stock",NASDAQ,False,nasdaqtrader
CCS,"Century Communities, Inc. Common Stock",N,False,nasdaqtrader
CCSI,"Consensus Cloud Solutions, Inc. - Common Stock",NASDAQ,False,nasdaqtrader
CCTG,CCSC Technology International Holdings Limited - Class A Ordinary Shares,NASDAQ,False,nasdaqtrader
CCU,"Compania Cervecerias Unidas, S.A. Common Stock",N,False,nasdaqtrader
CCXI,Churchill Capital Corp XI - Class A Ordinary Shares,NASDAQ,False,nasdaqtrader
CCXIU,Churchill Capital Corp XI - Units,NASDAQ,False,nasdaqtrader
CCXIW,Churchill Capital Corp XI - Warrants,NASDAQ,False,nasdaqtrader
CCZ,Comcast Holdings ZONES,N,False,nasdaqtrader
CD,Chaince Digital Holdings Inc. - American Ordinary Shares,NASDAQ,False,nasdaqtrader
CDE,"Coeur Mining, Inc. Common Stock",N,False,nasdaqtrader
CDIO,Cardio Diagnostics Holdings Inc. - Common stock,NASDAQ,False,nasdaqtrader
CDIOW,Cardio Diagnostics Holdings Inc. - Warrant,NASDAQ,False,nasdaqtrader
CDLR,Cadeler A/S American Depositary Share (each representing four (4) Ordinary Shares),N,False,nasdaqtrader
CDLX,"Cardlytics, Inc. - Common Stock",NASDAQ,False,nasdaqtrader
CDNA,"CareDx, Inc. - Common Stock",NASDAQ,False,nasdaqtrader
CDNL,Cardinal Infrastructure Group Inc. - Class A Common Stock,NASDAQ,False,nasdaqtrader
CDNS,"Cadence Design Systems, Inc. - Common Stock",NASDAQ,False,nasdaqtrader
CDP,COPT Defense Properties Common Shares of Beneficial Interest,N,False,nasdaqtrader
CDR-PB,"Cedar Realty Trust, Inc. 7.25% Series B Cumulative Redeemable Preferred Stock",N,False,nasdaqtrader
CDR-PC,"Cedar Realty Trust, Inc. 6.50% Series C Cumulative Redeemable Preferred Stock",N,False,nasdaqtrader
CDRE,"Cadre Holdings, Inc. Common Stock",N,False,nasdaqtrader
CDRO,"Codere Online Luxembourg, S.A. - Ordinary Shares",NASDAQ,False,nasdaqtrader
CDROW,"Codere Online Luxembourg, S.A. - Warrants",NASDAQ,False,nasdaqtrader
CDT,CDT Equity Inc. - Common Stock,NASDAQ,False,nasdaqtrader
CDTG,CDT Environmental Technology Investment Holdings Limited - ordinary shares,NASDAQ,False,nasdaqtrader
CDTTW,CDT Equity Inc. - Warrant,NASDAQ,False,nasdaqtrader
CDW,CDW Corporation - Common Stock,NASDAQ,False,nasdaqtrader
CDXS,"Codexis, Inc. - Common Stock",NASDAQ,False,nasdaqtrader
CDZI,"Cadiz, Inc. - Common Stock",NASDAQ,False,nasdaqtrader
CDZIP,"Cadiz, Inc. - Depositary Shares",NASDAQ,False,nasdaqtrader
CE,Celanese Corporation Common Stock,N,False,nasdaqtrader
CECO,CECO Environmental Corp. - Common Stock,NASDAQ,False,nasdaqtrader
CEE,"The Central and Eastern Europe Fund, Inc. (The) Common Stock",N,False,nasdaqtrader
CEG,Constellation Energy Corporation - Common Stock When-Issued,NASDAQ,False,nasdaqtrader
CELC,Celcuity Inc. - Common Stock,NASDAQ,False,nasdaqtrader
CELG-R,Bristol-Myers Squibb Company Celegne Contingent Value Rights,N,False,nasdaqtrader
CELH,"Celsius Holdings, Inc. - Common Stock",NASDAQ,False,nasdaqtrader
CELU,Celularity Inc. - Class A Common Stock,NASDAQ,False,nasdaqtrader
CELZ,"Creative Medical Technology Holdings, Inc. - Common Stock",NASDAQ,False,nasdaqtrader
CENN,Cenntro Inc. - Common Stock,NASDAQ,False,nasdaqtrader
CENT,Central Garden & Pet Company - Common Stock,NASDAQ,False,nasdaqtrader
CENTA,Central Garden & Pet Company - Class A Common Stock Nonvoting,NASDAQ,False,nasdaqtrader
CENX,Century Aluminum Company - Common Stock,NASDAQ,False,nasdaqtrader
CEPF,"Cantor Equity Partners IV, Inc. - Class A Ordinary Shares",NASDAQ,False,nasdaqtrader
CEPL,"Capstone Energy Plus, Inc. - Common Stock",NASDAQ,False,nasdaqtrader
CEPO,"Cantor Equity Partners I, Inc. - Class A Ordinary Shares",NASDAQ,False,nasdaqtrader
CEPS,"Cantor Equity Partners VI, Inc. - Class A Ordinary Shares",NASDAQ,False,nasdaqtrader
CEPU,Central Puerto S.A. American Depositary Shares (each represents ten Common Shares),N,False,nasdaqtrader
CEPV,"Cantor Equity Partners V, Inc. - Class A Ordinary Shares",NASDAQ,False,nasdaqtrader
CERS,Cerus Corporation - Common Stock,NASDAQ,False,nasdaqtrader
CERT,"Certara, Inc. - Common Stock",NASDAQ,False,nasdaqtrader
CET,Central Securities Corporation Common Stock,A,False,nasdaqtrader
CETX,Cemtrex Inc. - Common Stock,NASDAQ,False,nasdaqtrader
CETY,"Clean Energy Technologies, Inc. - Common Stock",NASDAQ,False,nasdaqtrader
CEV,Eaton Vance California Municipal Income Trust Shares of Beneficial Interest,A,False,nasdaqtrader
CEVA,"CEVA, Inc. - Common Stock",NASDAQ,False,nasdaqtrader
CF,"CF Industries Holdings, Inc. Common Stock",N,False,nasdaqtrader
CFBK,CF Bankshares Inc. - Common Stock,NASDAQ,False,nasdaqtrader
CFFI,C&F Financial Corporation - Common Stock,NASDAQ,False,nasdaqtrader
CFFN,"Capitol Federal Financial, Inc. - Common Stock",NASDAQ,False,nasdaqtrader
CFG,"Citizens Financial Group, Inc. Common Stock",N,False,nasdaqtrader
CFG-PE,"Citizens Financial Group, Inc. Depositary Shares Each Representing 1/40th Interest in a Share of 5.000% Fixed-Rate Non-Cumulative Perpetual Preferred Stock, Series E",N,False,nasdaqtrader
CFG-PH,"Citizens Financial Group, Inc. Depositary Shares Each Representing a 1/40th Interest in a Share of 7.375% Fixed-Rate Non-Cumulative Perpetual Preferred Stock, Series H",N,False,nasdaqtrader
CFG-PI,"Citizens Financial Group, Inc. Depositary Shares, Each Representing a 1/40th Interest in a Share of 6.500% Fixed-Rate Reset Non-Cumulative Perpetual Preferred Stock, Series I",N,False,nasdaqtrader
CFND,C1 Fund Inc. Common Stock,N,False,nasdaqtrader
CFR,"Cullen/Frost Bankers, Inc. Common Stock",N,False,nasdaqtrader
CFR-PB,"Cullen/Frost Bankers, Inc. Depositary Shares, each representing a 1/40th ownership interest in a share of 4.450% non-cumulative perpetual preferred stock, Series B",N,False,nasdaqtrader
CFTR-PA,"Cantor Fitzgerald Income Trust, Inc. 9.50% Series A Cumulative Redeemable Preferred Stock",N,False,nasdaqtrader
CG,The Carlyle Group Inc. - Common Stock,NASDAQ,False,nasdaqtrader
CGABL,The Carlyle Group Inc. - 4.625% Subordinated Notes due 2061,NASDAQ,False,nasdaqtrader
CGAU,Centerra Gold Inc. Common Shares,N,False,nasdaqtrader
CGBD,"Carlyle Secured Lending, Inc. - Closed End Fund",NASDAQ,False,nasdaqtrader
CGC,Canopy Growth Corporation - Common Shares,NASDAQ,False,nasdaqtrader
CGCFU,Cartesian Growth Corporation IV - Units,NASDAQ,False,nasdaqtrader
CGEM,"Cullinan Therapeutics, Inc. - Common Stock",NASDAQ,False,nasdaqtrader
CGEN,Compugen Ltd. - Ordinary Shares,NASDAQ,False,nasdaqtrader
CGNT,Cognyte Software Ltd. - Ordinary Shares,NASDAQ,False,nasdaqtrader
CGNX,Cognex Corporation - Common Stock,NASDAQ,False,nasdaqtrader
CGO,Calamos Global Total Return Fund - Closed End Fund,NASDAQ,False,nasdaqtrader
CGON,"CG Oncology, Inc. - Common stock",NASDAQ,False,nasdaqtrader
CGTL,Creative Global Technology Holdings Limited - Class A Ordinary Shares,NASDAQ,False,nasdaqtrader
CGTX,"Cognition Therapeutics, Inc. - Common Stock",NASDAQ,False,nasdaqtrader
CHA,"Chagee Holdings Limited - American Depositary Shares, each representing 1 Class A ordinary share",NASDAQ,False,nasdaqtrader
CHAI,"Core AI Holdings, Inc. - Common Shares",NASDAQ,False,nasdaqtrader
CHAR,Charlton Aria Acquisition Corporation - Class A Ordinary Shares,NASDAQ,False,nasdaqtrader
CHARR,Charlton Aria Acquisition Corporation - Rights,NASDAQ,False,nasdaqtrader
CHARU,Charlton Aria Acquisition Corporation - Units,NASDAQ,False,nasdaqtrader
CHCI,"Comstock Holding Companies, Inc. - Class A Common Stock",NASDAQ,False,nasdaqtrader
CHCO,City Holding Company - Common Stock,NASDAQ,False,nasdaqtrader
CHCT,Community Healthcare Trust Incorporated Common Stock,N,False,nasdaqtrader
CHD,"Church & Dwight Company, Inc. Common Stock",N,False,nasdaqtrader
CHDN,"Churchill Downs, Incorporated - Common Stock",NASDAQ,False,nasdaqtrader
CHE,Chemed Corp,N,False,nasdaqtrader
CHEC,Chenghe Acquisition III Co. - Class A Ordinary Shares,NASDAQ,False,nasdaqtrader
CHECU,Chenghe Acquisition III Co. - Units,NASDAQ,False,nasdaqtrader
CHECW,Chenghe Acquisition III Co. - Warrants,NASDAQ,False,nasdaqtrader
CHEF,"The Chefs' Warehouse, Inc. - Common Stock",NASDAQ,False,nasdaqtrader
CHGA,Change Agents Corporation  - Common Stock,NASDAQ,False,nasdaqtrader
CHGG,"Chegg, Inc. Common Stock",N,False,nasdaqtrader
CHH,"Choice Hotels International, Inc. Common Stock",N,False,nasdaqtrader
CHI,Calamos Convertible Opportunities and Income Fund - Closed End Fund,NASDAQ,False,nasdaqtrader
CHKP,Check Point Software Technologies Ltd. - Ordinary Shares,NASDAQ,False,nasdaqtrader
CHMG,Chemung Financial Corp  - Common Stock,NASDAQ,False,nasdaqtrader
CHMI,Cherry Hill Mortgage Investment Corporation Common Stock,N,False,nasdaqtrader
CHMI-PA,Cherry Hill Mortgage Investment Corporation 8.20% Series A Cumulative Redeemable Preferred Stock,N,False,nasdaqtrader
CHMI-PB,Cherry Hill Mortgage Investment Corporation 8.250% Series B Fixed-to-Floating Rate Cumulative Redeemable Preferred Stock,N,False,nasdaqtrader
CHNR,"China Natural Resources, Inc. - Common Shares",NASDAQ,False,nasdaqtrader
CHOW,ChowChow Cloud International Holdings Limited Ordinary Shares,A,False,nasdaqtrader
CHPG,ChampionsGate Acquisition Corporation - Class A Ordinary Share,NASDAQ,False,nasdaqtrader
CHPGR,ChampionsGate Acquisition Corporation - Rights,NASDAQ,False,nasdaqtrader
CHPGU,ChampionsGate Acquisition Corporation - Unit,NASDAQ,False,nasdaqtrader
CHPT,"ChargePoint Holdings, Inc. Common Stock",N,False,nasdaqtrader
CHR,"Cheer Holding, Inc.  - Class A Ordinary Share",NASDAQ,False,nasdaqtrader
CHRD,Chord Energy Corporation - Common Stock,NASDAQ,False,nasdaqtrader
CHRN,ChronoScale Holdings Corporation - Common Stock,NASDAQ,False,nasdaqtrader
CHRS,"Coherus Oncology, Inc. - Common Stock",NASDAQ,False,nasdaqtrader
CHRW,"C.H. Robinson Worldwide, Inc. - Common Stock",NASDAQ,False,nasdaqtrader
CHSCL,"CHS Inc - Class B Cumulative Redeemable Preferred Stock, Series 4",NASDAQ,False,nasdaqtrader
CHSCM,"CHS Inc - Class B Reset Rate Cumulative Redeemable Preferred Stock, Series 3",NASDAQ,False,nasdaqtrader
CHSCN,CHS Inc - Preferred Class B Series 2 Reset Rate,NASDAQ,False,nasdaqtrader
CHSCO,CHS Inc - Class B Cumulative Redeemable Preferred Stock,NASDAQ,False,nasdaqtrader
CHSCP,CHS Inc - 8%  Cumulative Redeemable Preferred Stock,NASDAQ,False,nasdaqtrader
CHSN,Chanson International Holding - Class A Ordinary Shares,NASDAQ,False,nasdaqtrader
CHT,"Chunghwa Telecom Co., Ltd.",N,False,nasdaqtrader
CHTR,"Charter Communications, Inc. - Class A Common Stock",NASDAQ,False,nasdaqtrader
CHW,Calamos Global Dynamic Income Fund - Closed End Fund,NASDAQ,False,nasdaqtrader
CHWY,"Chewy, Inc. Class A Common Stock",N,False,nasdaqtrader
CHY,Calamos Convertible and High Income Fund - Closed End Fund,NASDAQ,False,nasdaqtrader
CHYM,"Chime Financial, Inc. - Class A Common Stock",NASDAQ,False,nasdaqtrader
CI,The Cigna Group Common Stock,N,False,nasdaqtrader
CIA,"Citizens, Inc. Class A Common Stock ($1.00 Par)",N,False,nasdaqtrader
CIB,Grupo Cibest S.A. American Depositary Shares each representing four Preferred Shares,N,False,nasdaqtrader
CICB,CION Investment Corporation 7.50% Notes due 2029,N,False,nasdaqtrader
CICC,CION Investment Corporation 7.50% Notes due 2031,N,False,nasdaqtrader
CIEN,Ciena Corporation Common Stock,N,False,nasdaqtrader
CIFR,Cipher Digital Inc. - Common Stock,NASDAQ,False,nasdaqtrader
CIG,Comp En De Mn Cemig ADS American Depositary Shares,N,False,nasdaqtrader
CIG-C,Comp En De Mn Cemig ADS American Depositary Receipts,N,False,nasdaqtrader
CIGI,Colliers International Group Inc.  - Subordinate Voting Shares,NASDAQ,False,nasdaqtrader
CIGL,Concorde International Group Ltd - Class A Ordinary Shares,NASDAQ,False,nasdaqtrader
CII,"BlackRock Enhanced Large Cap Core Fund, Inc. Common Stock",N,False,nasdaqtrader
CIIT,"Tianci International, Inc. - Common Stock",NASDAQ,False,nasdaqtrader
CIK,"Credit Suisse Asset Management Income Fund, Inc. Common Stock",A,False,nasdaqtrader
CIM,Chimera Investment Corporation Common Stock,N,False,nasdaqtrader
CIM-PA,Chimera Investment Corporation 8.00% Series A Cumulative Redeemable Preferred Stock,N,False,nasdaqtrader
CIM-PB,Chimera Investment Corporation 8.00% Series B Fixed-to-Floating Rate Cumulative Redeemable Preferred Stock,N,False,nasdaqtrader
CIM-PC,Chimera Investment Corporation 7.75% Series C Fixed-to-Floating Rate  Cumulative Redeemable  Preferred Stock,N,False,nasdaqtrader
CIM-PD,Chimera Investment Corporation 8.00% Series D Fixed-to-Floating Rate Cumulative Redeemable Preferred Stock,N,False,nasdaqtrader
CIMN,Chimera Investment Corporation 9.000% Senior Notes due 2029,N,False,nasdaqtrader
CIMO,Chimera Investment Corporation 9.250% Senior Notes due 2029,N,False,nasdaqtrader
CIMP,Chimera Investment Corporation 8.875% Senior Notes due 2030,N,False,nasdaqtrader
CINF,Cincinnati Financial Corporation - Common Stock,NASDAQ,False,nasdaqtrader
CING,Cingulate Inc. - Common Stock,NASDAQ,False,nasdaqtrader
CINGW,Cingulate Inc. - Warrants,NASDAQ,False,nasdaqtrader
CINT,CI&T Inc Class A Common Shares,N,False,nasdaqtrader
CION,CION Investment Corporation Common Stock,N,False,nasdaqtrader
CIRC,"Circle8 Group, Inc. - Common Stock",NASDAQ,False,nasdaqtrader
CISO,"CISO Global, Inc. - Common Stock",NASDAQ,False,nasdaqtrader
CISS,C3is Inc. - Common Stock,NASDAQ,False,nasdaqtrader
CITR,CitroTech Inc. Common Stock,A,False,nasdaqtrader
CIVB,"Civista Bancshares, Inc.  - Common Stock",NASDAQ,False,nasdaqtrader
CIX,CompX International Inc. Common Stock,A,False,nasdaqtrader
CJMB,Callan JMB Inc. - Common Stock,NASDAQ,False,nasdaqtrader
CKX,"CKX Lands, Inc. Common Stock",A,False,nasdaqtrader
CL,Colgate-Palmolive Company Common Stock,N,False,nasdaqtrader
CLAR,Clarus Corporation - Common Stock,NASDAQ,False,nasdaqtrader
CLB,Core Laboratories Inc. Common Stock,N,False,nasdaqtrader
CLBK,"Columbia Financial, Inc. - Common Stock",NASDAQ,False,nasdaqtrader
CLBR,Colombier Acquisition Corp. III Class A Ordinary Shares,N,False,nasdaqtrader
CLBR-U,"Colombier Acquisition Corp. III Units, each consisting of one Class A ordinary share and one-eighth of one warrant",N,False,nasdaqtrader
CLBR-W,"Colombier Acquisition Corp. III Warrants, each whole warrant exercisable for one Class A ordinary share at an exercise price of $11.50 per share",N,False,nasdaqtrader
CLBT,Cellebrite DI Ltd. - Ordinary Shares,NASDAQ,False,nasdaqtrader
CLDI,"Calidi Biotherapeutics, Inc. Common Stock",A,False,nasdaqtrader
CLDT,Chatham Lodging Trust (REIT) Common Shares of Beneficial Interest,N,False,nasdaqtrader
CLDT-PA,Chatham Lodging Trust (REIT) 6.625% Series A Cumulative Redeemable Preferred Shares of Beneficial Interest,N,False,nasdaqtrader
CLDX,"Celldex Therapeutics, Inc. - Common Stock",NASDAQ,False,nasdaqtrader
CLF,Cleveland-Cliffs Inc. Common Stock,N,False,nasdaqtrader
CLFD,"Clearfield, Inc. - Common Stock",NASDAQ,False,nasdaqtrader
CLGN,CollPlant Biotechnologies Ltd. - Ordinary Shares,NASDAQ,False,nasdaqtrader
CLH,"Clean Harbors, Inc. Common Stock",N,False,nasdaqtrader
CLIK,Click Holdings Limited - Ordinary Share,NASDAQ,False,nasdaqtrader
CLIR,ClearSign Technologies Corporation - Common Stock,NASDAQ,False,nasdaqtrader
CLLS,Cellectis S.A. - American Depositary Shares,NASDAQ,False,nasdaqtrader
CLM,"Cornerstone Strategic Investment Fund, Inc. Common Shares",A,False,nasdaqtrader
CLMB,"Climb Global Solutions, Inc. - Common Stock",NASDAQ,False,nasdaqtrader
CLMT,"Calumet, Inc - Common Stock",NASDAQ,False,nasdaqtrader
CLNE,Clean Energy Fuels Corp. - Common Stock,NASDAQ,False,nasdaqtrader
CLNN,Clene Inc. - Common Stock,NASDAQ,False,nasdaqtrader
CLOV,"Clover Health Investments, Corp.  - Class A Common stock",NASDAQ,False,nasdaqtrader
CLPR,Clipper Realty Inc. Common Stock,N,False,nasdaqtrader
CLPS,CLPS Incorporation - Common Stock,NASDAQ,False,nasdaqtrader
CLPT,ClearPoint Neuro Inc. - Common Stock,NASDAQ,False,nasdaqtrader
CLRB,"Cellectar Biosciences, Inc. - Common Stock",NASDAQ,False,nasdaqtrader
CLRO,"ClearOne, Inc. - Common Stock",NASDAQ,False,nasdaqtrader
CLS,"Celestica, Inc. Common Stock",N,False,nasdaqtrader
CLSK,"CleanSpark, Inc. - Common Stock",NASDAQ,False,nasdaqtrader
CLSKW,"CleanSpark, Inc. - Warrant",NASDAQ,False,nasdaqtrader
CLST,"Catalyst Bancorp, Inc. - common stock",NASDAQ,False,nasdaqtrader
CLVT,Clarivate Plc Ordinary Shares,N,False,nasdaqtrader
CLW,Clearwater Paper Corporation Common Stock,N,False,nasdaqtrader
CLWT,Euro Tech Holdings Company Limited - Ordinary Shares,NASDAQ,False,nasdaqtrader
CLX,Clorox Company (The) Common Stock,N,False,nasdaqtrader
CLYM,"Climb Bio, Inc. - Common Stock",NASDAQ,False,nasdaqtrader
CM,Canadian Imperial Bank of Commerce Common Stock,N,False,nasdaqtrader
CMBT,CMB.TECH NV Ordinary Shares,N,False,nasdaqtrader
CMC,Commercial Metals Company Common Stock,N,False,nasdaqtrader
CMCL,Caledonia Mining Corporation Plc Common Shares,A,False,nasdaqtrader
CMCM,"Cheetah Mobile Inc. American Depositary Shares, each representing fifty (50) Class A Ordinary Shares",N,False,nasdaqtrader
CMCO,Columbus McKinnon Corporation - Common Stock,NASDAQ,False,nasdaqtrader
CMCSA,Comcast Corporation - Class A Common Stock,NASDAQ,False,nasdaqtrader
CMCT,Creative Media  - Common Stock,NASDAQ,False,nasdaqtrader
CMDB,Costamare Bulkers Holdings Limited Common Stock,N,False,nasdaqtrader
CME,CME Group Inc. - Class A Common Stock,NASDAQ,False,nasdaqtrader
CMG,"Chipotle Mexican Grill, Inc. Common Stock",N,False,nasdaqtrader
CMI,Cummins Inc. Common Stock,N,False,nasdaqtrader
CMII,Columbus Circle Capital Corp II - Class A Ordinary Shares,NASDAQ,False,nasdaqtrader
CMIIU,Columbus Circle Capital Corp II - Unit,NASDAQ,False,nasdaqtrader
CMIIW,Columbus Circle Capital Corp II - Warrant,NASDAQ,False,nasdaqtrader
CMMB,Chemomab Therapeutics Ltd.  - American Depositary Shares,NASDAQ,False,nasdaqtrader
CMND,Clearmind Medicine Inc. - Common Shares,NASDAQ,False,nasdaqtrader
CMP,Compass Minerals Intl Inc Common Stock,N,False,nasdaqtrader
CMPR,Cimpress plc - Ordinary Shares,NASDAQ,False,nasdaqtrader
CMPS,COMPASS Pathways Plc - American Depository Shares,NASDAQ,False,nasdaqtrader
CMPX,"Compass Therapeutics, Inc. - Common Stock",NASDAQ,False,nasdaqtrader
CMRC,"Commerce.com, Inc. - Series 1 Common Stock",NASDAQ,False,nasdaqtrader
CMRE,Costamare Inc. Common Stock $0.0001 par value,N,False,nasdaqtrader
CMRE-PB,Costamare Inc. Perpetual Preferred Stock Series B (Marshall Islands),N,False,nasdaqtrader
CMRE-PC,Costamare Inc. Perpetual Preferred Series C (Marshall Islands),N,False,nasdaqtrader
CMRE-PD,Costamare Inc. 8.75% Series D Cumulative Redeemable Perpetual Preferred Stock,N,False,nasdaqtrader
CMS,CMS Energy Corporation Common Stock,N,False,nasdaqtrader
CMS-PB,CMS Energy Corporation Preferred Stock,N,False,nasdaqtrader
CMS-PC,"CMS Energy Corporation Depositary Shares, each representing a 1/1,000th interest in a share of 4.200% Cumulative Redeemable Perpetual Preferred Stock, Series C",N,False,nasdaqtrader
CMSA,CMS Energy Corporation 5.625% Junior Subordinated Notes due 2078,N,False,nasdaqtrader
CMSC,CMS Energy Corporation 5.875% Junior Subordinated Notes due 2078,N,False,nasdaqtrader
CMSD,CMS Energy Corporation 5.875% Junior Subordinated Notes due 2079,N,False,nasdaqtrader
CMT,Core Molding Technologies Inc Common Stock,A,False,nasdaqtrader
CMTG,"Claros Mortgage Trust, Inc. Common Stock",N,False,nasdaqtrader
CMTL,Comtech Telecommunications Corp. - Common Stock,NASDAQ,False,nasdaqtrader
CMTV,Community Bancorp.  - Common stock,NASDAQ,False,nasdaqtrader
CNA,CNA Financial Corporation Common Stock,N,False,nasdaqtrader
CNC,Centene Corporation Common Stock,N,False,nasdaqtrader
CNCK,Coincheck Group N.V. - Ordinary Shares,NASDAQ,False,nasdaqtrader
CNCKW,Coincheck Group N.V. - Warrants,NASDAQ,False,nasdaqtrader
CNDT,Conduent Incorporated - Common Stock,NASDAQ,False,nasdaqtrader
CNET,ZW Data Action Technologies Inc. - Common Stock,NASDAQ,False,nasdaqtrader
CNEY,CN Energy Group Inc. - Class A Ordinary Shares,NASDAQ,False,nasdaqtrader
CNF,"CNFinance Holdings Limited American Depositary Shares, each representing two hundred (200) Ordinary Shares",N,False,nasdaqtrader
CNH,CNH Industrial N.V. Common Shares,N,False,nasdaqtrader
CNI,Canadian National Railway Company Common Stock,N,False,nasdaqtrader
CNK,"Cinemark Holdings Inc Cinemark Holdings, Inc. Common Stock",N,False,nasdaqtrader
CNL,Collective Mining Ltd. Common Shares,A,False,nasdaqtrader
CNM,"Core & Main, Inc. Class A Common Stock",N,False,nasdaqtrader
CNMD,CONMED Corporation Common Stock,N,False,nasdaqtrader
CNNE,"Cannae Holdings, Inc. Common Stock",N,False,nasdaqtrader
CNO,"CNO Financial Group, Inc. Common Stock",N,False,nasdaqtrader
CNO-PA,"CNO Financial Group, Inc. 5.125% Subordinated Debentures due 2060",N,False,nasdaqtrader
CNOB,"ConnectOne Bancorp, Inc. - Common Stock",NASDAQ,False,nasdaqtrader
CNOBP,"ConnectOne Bancorp, Inc. - Depositary Shares (each representing a 1/40th interest in a share of 5.25% Fixed-Rate Reset Non-Cumulative Perpetual Preferred Stock, Series A, par value $0.00 per share)",NASDAQ,False,nasdaqtrader
CNP,"CenterPoint Energy, Inc (Holding Co) Common Stock",N,False,nasdaqtrader
CNQ,Canadian Natural Resources Limited Common Stock,N,False,nasdaqtrader
CNR,"Core Natural Resources, Inc. Common Stock",N,False,nasdaqtrader
CNS,Cohen & Steers Inc Common Stock,N,False,nasdaqtrader
CNSP,"CNS Pharmaceuticals, Inc. - Common Stock",NASDAQ,False,nasdaqtrader
CNSY,"Cerenome, Inc. - Common Stock",NASDAQ,False,nasdaqtrader
CNTB,Connect Biopharma Holdings Limited - Ordinary Shares,NASDAQ,False,nasdaqtrader
CNTN,"Canton Strategic Holdings, Inc. - Common Stock",NASDAQ,False,nasdaqtrader
CNTX,Context Therapeutics Inc. - Common Stock,NASDAQ,False,nasdaqtrader
CNTY,"Century Casinos, Inc. - Common Stock",NASDAQ,False,nasdaqtrader
CNVS,Cineverse Corp. - Class A Common Stock,NASDAQ,False,nasdaqtrader
CNX,CNX Resources Corporation Common Stock,N,False,nasdaqtrader
CNXC,Concentrix Corporation - Common Stock,NASDAQ,False,nasdaqtrader
CNXN,"PC Connection, Inc. - Common Stock",NASDAQ,False,nasdaqtrader
CNXU,Conexeu Sciences Inc. - Common Stock,NASDAQ,False,nasdaqtrader
COAG,"Hemab Therapeutics Holdings, Inc. - Common Stock",NASDAQ,False,nasdaqtrader
COCH,"Envoy Medical, Inc. - Class A Common Stock",NASDAQ,False,nasdaqtrader
COCHW,"Envoy Medical, Inc. - Warrant",NASDAQ,False,nasdaqtrader
COCO,"The Vita Coco Company, Inc. - Common Stock",NASDAQ,False,nasdaqtrader
COCP,"Cocrystal Pharma, Inc. - Common Stock",NASDAQ,False,nasdaqtrader
CODA,"Coda Octopus Group, Inc. - Common stock",NASDAQ,False,nasdaqtrader
CODI,D/B/A Compass Diversified Holdings Shares of Beneficial Interest,N,False,nasdaqtrader
CODI-PA,Compass Diversified Holdings 7.250% Series A Preferred Shares representing beneficial interest in Compass Diversified Holdings,N,False,nasdaqtrader
CODI-PB,Compass Diversified Holdings 7.875% Series B Fixed-to-Floating Rate Cumulative Preferred Shares representing beneficial interests in Compass Diversified Holdings,N,False,nasdaqtrader
CODI-PC,Compass Diversified Holdings 7.875% Series C Cumulative Preferred Shares,N,False,nasdaqtrader
CODX,"Co-Diagnostics, Inc. - Common Stock",NASDAQ,False,nasdaqtrader
COE,"51Talk Online Education Group American depositary shares, each representing 60 Class A ordinary shares",A,False,nasdaqtrader
COF,Capital One Financial Corporation Common Stock,N,False,nasdaqtrader
COF-PI,"Capital One Financial Corporation Depositary shares each representing a 1/40th interest in a share of Fixed Rate Non-Cumulative Perpetual Preferred Stock, Series I of the Issuer",N,False,nasdaqtrader
COF-PJ,"Capital One Financial Corporation Depositary Shares, Each Representing a 1/40th Interest in a Share of Fixed Rate Non- Cumulative Perpetual Preferred Stock, Series J",N,False,nasdaqtrader
COF-PK,"Capital One Financial Corporation Depositary Shares, Each Representing a 1/40th Ownership Interest in a Share of Fixed Rate Non-Cumulative Perpetual Preferred Stock, Series K",N,False,nasdaqtrader
COF-PL,"Capital One Financial Corporation Depositary Shares, Each Representing a 1/40th Interest in a Share of Fixed Rate Non-Cumulative Perpetual Preferred Stock, Series L",N,False,nasdaqtrader
COF-PN,"Capital One Financial Corporation Depositary Shares, Each Representing a 1/40th Ownership Interest in a Share of Fixed Rate Non-Cumulative Perpetual Preferred Stock, Series N",N,False,nasdaqtrader
COFS,"ChoiceOne Financial Services, Inc. - Common Stock",NASDAQ,False,nasdaqtrader
COGT,"Cogent Biosciences, Inc. - Common Stock",NASDAQ,False,nasdaqtrader
COHN,Cohen & Company Inc.,A,False,nasdaqtrader
COHR,Coherent Corp. Common Stock,N,False,nasdaqtrader
COHU,"Cohu, Inc. - Common Stock",NASDAQ,False,nasdaqtrader
COIN,"Coinbase Global, Inc. - Class A Common Stock",NASDAQ,False,nasdaqtrader
COKE,"Coca-Cola Consolidated, Inc. - Common Stock",NASDAQ,False,nasdaqtrader
COLA,Columbus Acquisition Corp - Ordinary Shares,NASDAQ,False,nasdaqtrader
COLAR,Columbus Acquisition Corp - Rights,NASDAQ,False,nasdaqtrader
COLAU,Columbus Acquisition Corp - Unit,NASDAQ,False,nasdaqtrader
COLB,"Columbia Banking System, Inc. - Common Stock",NASDAQ,False,nasdaqtrader
COLD,"Americold Realty Trust, Inc. Common Stock",N,False,nasdaqtrader
COLL,"Collegium Pharmaceutical, Inc. - Common Stock",NASDAQ,False,nasdaqtrader
COLM,Columbia Sportswear Company - Common Stock,NASDAQ,False,nasdaqtrader
COMP,"Compass, Inc. Class A Common Stock",N,False,nasdaqtrader
CON,"Concentra Group Holdings Parent, Inc. Common Stock",N,False,nasdaqtrader
COO,"The Cooper Companies, Inc.  - Common Stock",NASDAQ,False,nasdaqtrader
COOK,"Traeger, Inc. Common Stock",N,False,nasdaqtrader
COOT,Australian Oilseeds Holdings Limited - Ordinary Shares,NASDAQ,False,nasdaqtrader
COOTW,Australian Oilseeds Holdings Limited - Warrant,NASDAQ,False,nasdaqtrader
COP,ConocoPhillips Common Stock,N,False,nasdaqtrader
COPL,Copley Acquisition Corp Ordinary Shares,N,False,nasdaqtrader
COPL-U,"Copley Acquisition Corp Units, each consisting of one ordinary share and one-half warrant",N,False,nasdaqtrader
COPL-W,"Copley Acquisition Corp Redeemable warrants, each whole warrant exercisable for one Class A ordinary share at an exercise price of $11.50",N,False,nasdaqtrader
COPR,Idaho Copper Corporation Common Stock,A,False,nasdaqtrader
COPR-W,Idaho Copper Corporation Common Stock Purchase Warrant,A,False,nasdaqtrader
COR,"Cencora, Inc. Common Stock",N,False,nasdaqtrader
CORT,Corcept Therapeutics Incorporated - Common Stock,NASDAQ,False,nasdaqtrader
CORZ,"Core Scientific, Inc. - Common Stock",NASDAQ,False,nasdaqtrader
CORZW,"Core Scientific, Inc. - Tranche 1 Warrants",NASDAQ,False,nasdaqtrader
CORZZ,"Core Scientific, Inc. - Tranche 2 Warrants",NASDAQ,False,nasdaqtrader
COSM,Cosmos Health Inc. - Common Stock,NASDAQ,False,nasdaqtrader
COSO,"CoastalSouth Bancshares, Inc. Common Stock",N,False,nasdaqtrader
COST,Costco Wholesale Corporation - Common Stock,NASDAQ,False,nasdaqtrader
COTY,Coty Inc. Class A Common Stock,N,False,nasdaqtrader
COUR,"Coursera, Inc. Common Stock",N,False,nasdaqtrader
COYA,"Coya Therapeutics, Inc. - Common Stock",NASDAQ,False,nasdaqtrader
CP,Canadian Pacific Kansas City Limited Common Shares,N,False,nasdaqtrader
CPA,"Copa Holdings, S.A. Class A Common Stock",N,False,nasdaqtrader
CPAC,Cementos Pacasmayo S.A.A. American Depositary Shares (Each representing five Common Shares),N,False,nasdaqtrader
CPAY,"Corpay, Inc. Common Stock",N,False,nasdaqtrader
CPB,The Campbell's Company - Common Stock,NASDAQ,False,nasdaqtrader
CPBI,"Central Plains Bancshares, Inc. - Common Stock",NASDAQ,False,nasdaqtrader
CPF,Central Pacific Financial Corp New,N,False,nasdaqtrader
CPHC,Canterbury Park Holding Corporation - Common Stock,NASDAQ,False,nasdaqtrader
CPHI,"China Pharma Holdings, Inc. Common Stock",A,False,nasdaqtrader
CPIX,Cumberland Pharmaceuticals Inc. - Common Stock,NASDAQ,False,nasdaqtrader
CPK,Chesapeake Utilities Corporation Common Stock,N,False,nasdaqtrader
CPNG,"Coupang, Inc. Class A Common Stock",N,False,nasdaqtrader
CPOP,"Pop Culture Group Co., Ltd - Class A Ordinary Shares",NASDAQ,False,nasdaqtrader
CPRI,Capri Holdings Limited Ordinary Shares,N,False,nasdaqtrader
CPRT,"Copart, Inc. - Common Stock",NASDAQ,False,nasdaqtrader
CPS,Cooper-Standard Holdings Inc. Common Stock,N,False,nasdaqtrader
CPSH,CPS Technologies Corp. - Common Stock,NASDAQ,False,nasdaqtrader
CPSS,"Consumer Portfolio Services, Inc. - Common Stock",NASDAQ,False,nasdaqtrader
CPT,Camden Property Trust Common Stock,N,False,nasdaqtrader
CPZ,Calamos Long/Short Equity & Dynamic Income Trust - Closed End Fund,NASDAQ,False,nasdaqtrader
CQP,"Cheniere Energy Partners, LP Common Units",N,False,nasdaqtrader
CR,Crane Company Common Stock,N,False,nasdaqtrader
CRAC,Crown Reserve Acquisition Corp. I - Class A Ordinary Shares,NASDAQ,False,nasdaqtrader
CRACR,Crown Reserve Acquisition Corp. I - Rights,NASDAQ,False,nasdaqtrader
CRACU,Crown Reserve Acquisition Corp. I - Unit,NASDAQ,False,nasdaqtrader
CRACW,Crown Reserve Acquisition Corp. I - Warrant,NASDAQ,False,nasdaqtrader
CRAI,"CRA International,Inc. - Common Stock",NASDAQ,False,nasdaqtrader
CRAN,Crane Harbor Acquisition Corp. II - Class A Ordinary Shares,NASDAQ,False,nasdaqtrader
CRANR,Crane Harbor Acquisition Corp. II - Rights,NASDAQ,False,nasdaqtrader
CRANU,Crane Harbor Acquisition Corp. II - Units,NASDAQ,False,nasdaqtrader
CRAQ,Cal Redwood Acquisition Corp. - Class A Ordinary Shares,NASDAQ,False,nasdaqtrader
CRAQR,Cal Redwood Acquisition Corp. - Right,NASDAQ,False,nasdaqtrader
CRAQU,Cal Redwood Acquisition Corp. - Units,NASDAQ,False,nasdaqtrader
CRBD,Corebridge Financial Inc. 6.375% Junior Subordinated Notes due 2064,N,False,nasdaqtrader
CRBG,Corebridge Financial Inc. Common Stock,N,False,nasdaqtrader
CRBP,"Corbus Pharmaceuticals Holdings, Inc. - Common Stock",NASDAQ,False,nasdaqtrader
CRBU,"Caribou Biosciences, Inc. - Common Stock",NASDAQ,False,nasdaqtrader
CRC,California Resources Corporation Common Stock,N,False,nasdaqtrader
CRCL,"Circle Internet Group, Inc. Class A Common Stock",N,False,nasdaqtrader
CRCT,"Cricut, Inc. - Class A common stock",NASDAQ,False,nasdaqtrader
CRD-A,Crawford & Company Common Stock,N,False,nasdaqtrader
CRD-B,Crawford & Company Common Stock,N,False,nasdaqtrader
CRDF,"Cardiff Oncology, Inc. - Common Stock",NASDAQ,False,nasdaqtrader
CRDL,Cardiol Therapeutics Inc. - Class A Common Shares,NASDAQ,False,nasdaqtrader
CRDO,Credo Technology Group Holding Ltd - Ordinary Shares,NASDAQ,False,nasdaqtrader
CRE,Cre8 Enterprise Limited - Class A Ordinary Shares,NASDAQ,False,nasdaqtrader
CRESY,"Cresud S.A.C.I.F. y A. - American Depositary Shares, each representing ten shares of Common Stock",NASDAQ,False,nasdaqtrader
CREX,"Creative Realities, Inc. - Common Stock",NASDAQ,False,nasdaqtrader
CRF,"Cornerstone Total Return Fund, Inc. (The) Common Stock",A,False,nasdaqtrader
CRGO,Freightos Limited - Ordinary shares,NASDAQ,False,nasdaqtrader
CRGOW,Freightos Limited - Warrants,NASDAQ,False,nasdaqtrader
CRGY,Crescent Energy Company Class A Common Stock,N,False,nasdaqtrader
CRH,CRH PLC Ordinary Shares,N,False,nasdaqtrader
CRI,"Carter's, Inc. Common Stock",N,False,nasdaqtrader
CRIS,"Curis, Inc. - Common Stock",NASDAQ,False,nasdaqtrader
CRK,"Comstock Resources, Inc. Common Stock",N,False,nasdaqtrader
CRL,"Charles River Laboratories International, Inc. Common Stock",N,False,nasdaqtrader
CRM,"Salesforce, Inc. Common Stock",N,False,nasdaqtrader
CRMD,CorMedix Inc. - Common Stock,NASDAQ,False,nasdaqtrader
CRML,Critical Metals Corp. - Ordinary Shares,NASDAQ,False,nasdaqtrader
CRMLW,Critical Metals Corp. - Warrants,NASDAQ,False,nasdaqtrader
CRMT,"America's Car-Mart, Inc. - Common Stock",NASDAQ,False,nasdaqtrader
CRNC,Cerence Inc. - Common Stock,NASDAQ,False,nasdaqtrader
CRNT,Ceragon Networks Ltd. - Ordinary Shares,NASDAQ,False,nasdaqtrader
CRNX,"Crinetics Pharmaceuticals, Inc. - Common Stock",NASDAQ,False,nasdaqtrader
CRON,Cronos Group Inc. - Common Share,NASDAQ,False,nasdaqtrader
CROX,"Crocs, Inc. - Common Stock",NASDAQ,False,nasdaqtrader
CRS,Carpenter Technology Corporation Common Stock,N,False,nasdaqtrader
CRSP,CRISPR Therapeutics AG - Common Shares,NASDAQ,False,nasdaqtrader
CRSR,"Corsair Gaming, Inc. - Common Stock",NASDAQ,False,nasdaqtrader
CRT,Cross Timbers Royalty Trust Common Stock,N,False,nasdaqtrader
CRTO,Criteo S.A. - Ordinary Shares,NASDAQ,False,nasdaqtrader
CRUS,"Cirrus Logic, Inc. - Common Stock",NASDAQ,False,nasdaqtrader
CRVL,CorVel Corp. - Common Stock,NASDAQ,False,nasdaqtrader
CRVO,CervoMed Inc. - Common Stock,NASDAQ,False,nasdaqtrader
CRVS,"Corvus Pharmaceuticals, Inc. - Common Stock",NASDAQ,False,nasdaqtrader
CRWD,"CrowdStrike Holdings, Inc. - Class A Common Stock",NASDAQ,False,nasdaqtrader
CRWS,"Crown Crafts, Inc. - Common Stock",NASDAQ,False,nasdaqtrader
CRWV,"CoreWeave, Inc. - Class A Common Stock",NASDAQ,False,nasdaqtrader
CSAI,"Cloudastructure, Inc. - Class A Common Stock",NASDAQ,False,nasdaqtrader
CSAN,Cosan S.A. ADS,N,False,nasdaqtrader
CSBR,"Champions Oncology, Inc. - Common Stock",NASDAQ,False,nasdaqtrader
CSCO,"Cisco Systems, Inc. - Common Stock",NASDAQ,False,nasdaqtrader
CSGP,"CoStar Group, Inc. - Common Stock",NASDAQ,False,nasdaqtrader
CSHR,CoinShares PLC - Ordinary Shares,NASDAQ,False,nasdaqtrader
CSHRW,CoinShares PLC - Warrants,NASDAQ,False,nasdaqtrader
CSIQ,Canadian Solar Inc. - Common Shares,NASDAQ,False,nasdaqtrader
CSL,Carlisle Companies Incorporated Common Stock,N,False,nasdaqtrader
CSPI,CSP Inc. - Common Stock,NASDAQ,False,nasdaqtrader
CSQ,Calamos Strategic Total Return Fund - Closed End Fund,NASDAQ,False,nasdaqtrader
CSQR,"Csquare, Inc. Common Stock",N,False,nasdaqtrader
CSR,D/B/A Centerspace Common Stock,N,False,nasdaqtrader
CSTE,Caesarstone Ltd. - Ordinary Shares,NASDAQ,False,nasdaqtrader
CSTL,"Castle Biosciences, Inc. - Common stock",NASDAQ,False,nasdaqtrader
CSTM,Constellium SE Ordinary Shares (France),N,False,nasdaqtrader
CSV,"Carriage Services, Inc. Common Stock",N,False,nasdaqtrader
CSW,"CSW Industrials, Inc. Common Stock",N,False,nasdaqtrader
CSWC,Capital Southwest Corporation - Common Stock,NASDAQ,False,nasdaqtrader
CSX,CSX Corporation - Common Stock,NASDAQ,False,nasdaqtrader
CTA-PA,"EIDP, Inc. Preferred Stock $3.50 Series",N,False,nasdaqtrader
CTA-PB,"EIDP, Inc. Preferred Stock $4.50 Series",N,False,nasdaqtrader
CTAA,ClearThink 1 Acquisition Corp. - Class A Ordinary Shares,NASDAQ,False,nasdaqtrader
CTAAR,ClearThink 1 Acquisition Corp. - Rights,NASDAQ,False,nasdaqtrader
CTAAU,ClearThink 1 Acquisition Corp. - Units,NASDAQ,False,nasdaqtrader
CTAS,Cintas Corporation - Common Stock,NASDAQ,False,nasdaqtrader
CTBI,"Community Trust Bancorp, Inc. - Common Stock",NASDAQ,False,nasdaqtrader
CTEV,Claritev Corporation Class A Common Stock,N,False,nasdaqtrader
CTGG,Qwest Corporation 6.500% Senior Notes due 2051 (denominations of $25),N,False,nasdaqtrader
CTGO,Contango Silver & Gold Inc. Common Stock,A,False,nasdaqtrader
CTHH,Qwest Corporation 6.750% Senior Notes due 2052 (denominations of $25),N,False,nasdaqtrader
CTKB,"Cytek Biosciences, Inc. - Common Stock",NASDAQ,False,nasdaqtrader
CTM,"Castellum, Inc. Common Stock",A,False,nasdaqtrader
CTMX,"CytomX Therapeutics, Inc. - Common Stock",NASDAQ,False,nasdaqtrader
CTNM,"Contineum Therapeutics, Inc. - Common stock",NASDAQ,False,nasdaqtrader
CTNT,Cheetah Net Supply Chain Service Inc. - Class A Common Stock,NASDAQ,False,nasdaqtrader
CTO,"CTO Realty Growth, Inc. Common Stock",N,False,nasdaqtrader
CTO-PA,"CTO Realty Growth, Inc. 6.375% Series A Cumulative Redeemable Preferred Stock",N,False,nasdaqtrader
CTOR,"Citius Oncology, Inc.  - Common Stock",NASDAQ,False,nasdaqtrader
CTOS,"Custom Truck One Source, Inc. Common Stock",N,False,nasdaqtrader
CTRE,"CareTrust REIT, Inc. Common Stock",N,False,nasdaqtrader
CTRI,"Centuri Holdings, Inc. Common Stock",N,False,nasdaqtrader
CTRM,Castor Maritime Inc. - Common Shares,NASDAQ,False,nasdaqtrader
CTRN,"Citi Trends, Inc. - Common Stock",NASDAQ,False,nasdaqtrader
CTS,CTS Corporation Common Stock,N,False,nasdaqtrader
CTSH,Cognizant Technology Solutions Corporation - Class A Common Stock,NASDAQ,False,nasdaqtrader
CTSO,Cytosorbents Corporation - Common Stock,NASDAQ,False,nasdaqtrader
CTVA,"Corteva, Inc. Common Stock",N,False,nasdaqtrader
CTW,CTW - Class A Ordinary Shares,NASDAQ,False,nasdaqtrader
CTXR,"Citius Pharmaceuticals, Inc. - Common Stock",NASDAQ,False,nasdaqtrader
CUB,Lionheart Holdings - Class A Ordinary Shares,NASDAQ,False,nasdaqtrader
CUBB,"Customers Bancorp, Inc 5.375% Subordinated Notes Due 2034",N,False,nasdaqtrader
CUBE,CubeSmart Common Shares,N,False,nasdaqtrader
CUBI,"Customers Bancorp, Inc Common Stock",N,False,nasdaqtrader
CUBWU,Lionheart Holdings - Unit,NASDAQ,False,nasdaqtrader
CUBWW,Lionheart Holdings - Warrant,NASDAQ,False,nasdaqtrader
CUE,"Cue Biopharma, Inc. - Common Stock",NASDAQ,False,nasdaqtrader
CULP,"Culp, Inc. - Common Shares",NASDAQ,False,nasdaqtrader
CUPR,Cuprina Holdings (Cayman) Limited - Class A Ordinary shares,NASDAQ,False,nasdaqtrader
CURB,Curbline Properties Corp. Common Stock,N,False,nasdaqtrader
CURI,CuriosityStream Inc.  - Class A Common Stock,NASDAQ,False,nasdaqtrader
CURR,Currenc Group Inc. - Ordinary Shares,NASDAQ,False,nasdaqtrader
CURV,Torrid Holdings Inc. Common Stock,N,False,nasdaqtrader
CURX,Curanex Pharmaceuticals Inc - Common Stock,NASDAQ,False,nasdaqtrader
CUVL,Clinuvel Pharmaceuticals Limited - American Depositary Shares,NASDAQ,False,nasdaqtrader
CUZ,Cousins Properties Incorporated Common Stock,N,False,nasdaqtrader
CV,"CapsoVision, Inc. - Common Stock",NASDAQ,False,nasdaqtrader
CVBF,CVB Financial Corporation - Common Stock,NASDAQ,False,nasdaqtrader
CVCO,"Cavco Industries, Inc. - Common Stock",NASDAQ,False,nasdaqtrader
CVE,Cenovus Energy Inc Common Stock,N,False,nasdaqtrader
CVEO,Civeo Corporation (Canada) Common Shares,N,False,nasdaqtrader
CVGI,"Commercial Vehicle Group, Inc. - Common Stock",NASDAQ,False,nasdaqtrader
CVI,CVR Energy Inc. Common Stock,N,False,nasdaqtrader
CVKD,"Cadrenal Therapeutics, Inc. - Common Stock",NASDAQ,False,nasdaqtrader
CVLG,"Covenant Logistics Group, Inc. Class A Common Stock",N,False,nasdaqtrader
CVLT,"Commvault Systems, Inc. - Common Stock",NASDAQ,False,nasdaqtrader
CVM,Cel-Sci Corporation Common Stock,A,False,nasdaqtrader
CVNA,Carvana Co. Class A Common Stock,N,False,nasdaqtrader
CVR,Chicago Rivet & Machine Co. Common Stock,A,False,nasdaqtrader
CVRX,"CVRx, Inc. - Common Stock",NASDAQ,False,nasdaqtrader
CVS,CVS Health Corporation Common Stock,N,False,nasdaqtrader
CVSA,Covista Inc. Common Shares,N,False,nasdaqtrader
CVU,"CPI Aerostructures, Inc. Common Stock",A,False,nasdaqtrader
CVV,CVD Equipment Corporation - Common Stock,NASDAQ,False,nasdaqtrader
CVX,Chevron Corporation Common Stock,N,False,nasdaqtrader
CW,Curtiss-Wright Corporation Common Stock,N,False,nasdaqtrader
CWBC,Community West Bancshares - Common Stock,NASDAQ,False,nasdaqtrader
CWCO,Consolidated Water Co. Ltd. - Ordinary Shares,NASDAQ,False,nasdaqtrader
CWD,CaliberCos Inc. - Class A Common Stock,NASDAQ,False,nasdaqtrader
CWEN,"Clearway Energy, Inc. Class C Common Stock",N,False,nasdaqtrader
CWH,"Camping World Holdings, Inc. Class A Common Stock",N,False,nasdaqtrader
CWK,Cushman & Wakefield Ltd. Common Shares,N,False,nasdaqtrader
CWST,"Casella Waste Systems, Inc. - Class A Common Stock",NASDAQ,False,nasdaqtrader
CWT,California Water Service Group Common Stock,N,False,nasdaqtrader
CX,"Cemex, S.A.B. de C.V. Sponsored ADR",N,False,nasdaqtrader
CXAI,CXApp Inc. - Class A Common Stock,NASDAQ,False,nasdaqtrader
CXAIW,CXApp Inc. - Warrant,NASDAQ,False,nasdaqtrader
CXDO,"Crexendo, Inc. - Common Stock",NASDAQ,False,nasdaqtrader
CXII,Churchill Capital Corp XII - Class A Ordinary Shares,NASDAQ,False,nasdaqtrader
CXIIU,Churchill Capital Corp XII - Units,NASDAQ,False,nasdaqtrader
CXIIW,Churchill Capital Corp XII - Warrants,NASDAQ,False,nasdaqtrader
CXM,"Sprinklr, Inc. Class A Common Stock",N,False,nasdaqtrader
CXT,"Crane NXT, Co. Common Stock",N,False,nasdaqtrader
CXW,"CoreCivic, Inc. Common Stock",N,False,nasdaqtrader
CYAB,"Cyabra, Inc. - Common Stock",NASDAQ,False,nasdaqtrader
CYCN,"Cyclerion Therapeutics, Inc. - Common Stock",NASDAQ,False,nasdaqtrader
CYCU,"Cycurion, Inc. - Common Stock",NASDAQ,False,nasdaqtrader
CYCUW,"Cycurion, Inc. - Warrants",NASDAQ,False,nasdaqtrader
CYD,China Yuchai International Limited Common Stock,N,False,nasdaqtrader
CYH,"Community Health Systems, Inc. Common Stock",N,False,nasdaqtrader
CYN,Cyngn Inc. - Common stock,NASDAQ,False,nasdaqtrader
CYPH,Cypherpunk Technologies Inc. - Common Stock,NASDAQ,False,nasdaqtrader
CYRX,"CryoPort, Inc. - Common Stock",NASDAQ,False,nasdaqtrader
CYTK,"Cytokinetics, Incorporated - Common Stock",NASDAQ,False,nasdaqtrader
CZFS,"Citizens Financial Services, Inc. - Common Stock",NASDAQ,False,nasdaqtrader
CZNC,Citizens & Northern Corp - Common Stock,NASDAQ,False,nasdaqtrader
CZR,"Caesars Entertainment, Inc. - Common Stock",NASDAQ,False,nasdaqtrader
CZWI,"Citizens Community Bancorp, Inc. - Common Stock",NASDAQ,False,nasdaqtrader
D,"Dominion Energy, Inc. Common Stock",N,False,nasdaqtrader
DAAQ,Digital Asset Acquisition Corp. - Class A Ordinary shares,NASDAQ,False,nasdaqtrader
DAAQU,Digital Asset Acquisition Corp. - Units,NASDAQ,False,nasdaqtrader
DAAQW,Digital Asset Acquisition Corp. - Warrant,NASDAQ,False,nasdaqtrader
DAC,Danaos Corporation Common Stock,N,False,nasdaqtrader
DAIC,"CID HoldCo, Inc. - Common Stock",NASDAQ,False,nasdaqtrader
DAICW,"CID HoldCo, Inc. - Warrants",NASDAQ,False,nasdaqtrader
DAIO,Data I/O Corporation - Common Stock,NASDAQ,False,nasdaqtrader
DAKT,"Daktronics, Inc. - Common Stock",NASDAQ,False,nasdaqtrader
DAL,"Delta Air Lines, Inc. Common Stock",N,False,nasdaqtrader
DAN,Dana Incorporated Common Stock,N,False,nasdaqtrader
DAO,"Youdao, Inc. American Depositary Shares, each representing one Class A Ordinary Share",N,False,nasdaqtrader
DAR,Darling Ingredients Inc. Common Stock,N,False,nasdaqtrader
DARE,"Dare Bioscience, Inc. - Common Stock",NASDAQ,False,nasdaqtrader
DASH,"DoorDash, Inc. - Common Stock",NASDAQ,False,nasdaqtrader
DAVA,Endava plc American Depositary Shares (each representing one Class A Ordinary Share),N,False,nasdaqtrader
DAVE,Dave Inc.  - Class A Common Stock,NASDAQ,False,nasdaqtrader
DAVEW,Dave Inc.  - Warrants,NASDAQ,False,nasdaqtrader
DB,Deutsche Bank AG Common Stock,N,False,nasdaqtrader
DBCA,D. Boral Acquisition I Corp. - Class A Ordinary Shares,NASDAQ,False,nasdaqtrader
DBCAU,D. Boral Acquisition I Corp. - Unit,NASDAQ,False,nasdaqtrader
DBCAW,D. Boral Acquisition I Corp. - Warrants,NASDAQ,False,nasdaqtrader
DBD,Diebold Nixdorf Incorporated Common stock,N,False,nasdaqtrader
DBGI,"Digital Brands Group, Inc. - Common Stock",NASDAQ,False,nasdaqtrader
DBI,Designer Brands Inc. Class A Common Stock,N,False,nasdaqtrader
DBL,DoubleLine Opportunistic Credit Fund Common Shares of Beneficial Interest,N,False,nasdaqtrader
DBRG,"DigitalBridge Group, Inc.",N,False,nasdaqtrader
DBRG-PH,"DigitalBridge Group, Inc. 7.125% Series H",N,False,nasdaqtrader
DBRG-PI,"DigitalBridge Group, Inc. 7.15% Series I",N,False,nasdaqtrader
DBRG-PJ,"DigitalBridge Group, Inc. 7.125% Series J",N,False,nasdaqtrader
DBVT,DBV Technologies S.A. - American Depositary Shares,NASDAQ,False,nasdaqtrader
DBX,"Dropbox, Inc. - Class A Common Stock",NASDAQ,False,nasdaqtrader
DC,Dakota Gold Corp. Common Stock,A,False,nasdaqtrader
DCBG,"Dime Commercial Bancshares, Inc. 9.000% Junior Subordinated Notes",N,False,nasdaqtrader
DCBO,Docebo Inc. - Common Shares,NASDAQ,False,nasdaqtrader
DCGO,DocGo Inc. - Common Stock,NASDAQ,False,nasdaqtrader
DCH,Dauch Corporation Common Stock,N,False,nasdaqtrader
DCI,"Donaldson Company, Inc. Common Stock",N,False,nasdaqtrader
DCO,Ducommun Incorporated Common Stock,N,False,nasdaqtrader
DCOM,"Dime Commercial Bancshares, Inc. Common Stock",N,False,nasdaqtrader
DCOM-P,"Dime Commercial Bancshares, Inc. Preferred Stock, Series A",N,False,nasdaqtrader
DCOY,Decoy Therapeutics Inc. - Common Stock,NASDAQ,False,nasdaqtrader
DCTH,"Delcath Systems, Inc. - Common Stock",NASDAQ,False,nasdaqtrader
DCX,Digital Currency X Technology Inc. - Class A Ordinary Shares,NASDAQ,False,nasdaqtrader
DD,"DuPont de Nemours, Inc. Common Stock",N,False,nasdaqtrader
DDC,DDC Enterprise Limited Class A Ordinary Shares,A,False,nasdaqtrader
DDD,3D Systems Corporation Common Stock,N,False,nasdaqtrader
DDI,"DoubleDown Interactive Co., Ltd. - American Depository Shares",NASDAQ,False,nasdaqtrader
DDL,Dingdong (Cayman) Limited American Depositary Shares (each two representing three Ordinary Shares),N,False,nasdaqtrader
DDOG,"Datadog, Inc. - Class A Common Stock",NASDAQ,False,nasdaqtrader
DDS,"Dillard's, Inc. Common Stock",N,False,nasdaqtrader
DDT,Dillard's Capital Trust I,N,False,nasdaqtrader
DE,Deere & Company Common Stock,N,False,nasdaqtrader
DEA,"Easterly Government Properties, Inc. Common Stock",N,False,nasdaqtrader
DEC,Diversified Energy Company Common Stock,N,False,nasdaqtrader
DECK,Deckers Outdoor Corporation Common Stock,N,False,nasdaqtrader
DEFT,"Defi Technologies, Inc. - Common Stock",NASDAQ,False,nasdaqtrader
DEI,"Douglas Emmett, Inc. Common Stock",N,False,nasdaqtrader
DELL,Dell Technologies Inc. Class C Common Stock,N,False,nasdaqtrader
DEO,Diageo plc Common Stock,N,False,nasdaqtrader
DERM,Journey Medical Corporation - Common Stock,NASDAQ,False,nasdaqtrader
DETX,"Liberty Defense Holdings, Ltd. - Common Shares",NASDAQ,False,nasdaqtrader
DFDV,DeFi Development Corp. - Common Stock,NASDAQ,False,nasdaqtrader
DFDVW,DeFi Development Corp. - Warrant,NASDAQ,False,nasdaqtrader
DFH,"Dream Finders Homes, Inc. Class A Common Stock",N,False,nasdaqtrader
DFIN,"Donnelley Financial Solutions, Inc. Common Stock",N,False,nasdaqtrader
DFLI,Dragonfly Energy Holdings Corp - Common Stock,NASDAQ,False,nasdaqtrader
DFLIW,Dragonfly Energy Holdings Corp - Warrant,NASDAQ,False,nasdaqtrader
DFNS,T3 Defense Inc. - Common Stock,NASDAQ,False,nasdaqtrader
DFNSW,T3 Defense Inc. - Warrants,NASDAQ,False,nasdaqtrader
DFP,Flaherty & Crumrine Dynamic Preferred and Income Fund Inc. Common Stock,N,False,nasdaqtrader
DFSC,"DEFSEC Technologies Inc. - common stock, no R/S concurrent with offering",NASDAQ,False,nasdaqtrader
DFSCW,DEFSEC Technologies Inc. - warrant,NASDAQ,False,nasdaqtrader
DFTX,"Definium Therapeutics, Inc.  - Common Shares",NASDAQ,False,nasdaqtrader
DG,Dollar General Corporation Common Stock,N,False,nasdaqtrader
DGAC,Disciplined Growth Acquisition Corporation Class A Ordinary Shares,N,False,nasdaqtrader
DGAC-R,"Disciplined Growth Acquisition Corporation Rights, each right entitling the holder to receive one-fourth (1/4) of one Class A ordinary share",N,False,nasdaqtrader
DGAC-U,"Disciplined Growth Acquisition Corporation Units, each consisting of one Class A Ordinary Share and one Right",N,False,nasdaqtrader
DGICA,"Donegal Group, Inc. - Class A Common Stock",NASDAQ,False,nasdaqtrader
DGICB,"Donegal Group, Inc. - Class B Common Stock",NASDAQ,False,nasdaqtrader
DGII,Digi International Inc. - Common Stock,NASDAQ,False,nasdaqtrader
DGNX,Diginex Limited - Ordinary Shares,NASDAQ,False,nasdaqtrader
DGP,"DB Gold Double Long ETN due February 15, 2038",P,False,nasdaqtrader
DGX,Quest Diagnostics Incorporated Common Stock,N,False,nasdaqtrader
DGXX,Digi Power X Inc. - Common Subordinate Voting Shares,NASDAQ,False,nasdaqtrader
DGZ,"DB Gold Short ETN due February 15, 2038",P,False,nasdaqtrader
DH,Definitive Healthcare Corp. - Class A Common Stock,NASDAQ,False,nasdaqtrader
DHC,Diversified Healthcare Trust  - Common Shares of Beneficial Interest,NASDAQ,False,nasdaqtrader
DHCNI,Diversified Healthcare Trust  - 5.625% Senior Notes due 2042,NASDAQ,False,nasdaqtrader
DHCNL,Diversified Healthcare Trust  - 6.25% Senior Notes Due 2046,NASDAQ,False,nasdaqtrader
DHF,BNY Mellon High Yield Strategies Fund Common Stock,N,False,nasdaqtrader
DHI,"D.R. Horton, Inc. Common Stock",N,False,nasdaqtrader
DHR,Danaher Corporation Common Stock,N,False,nasdaqtrader
DHT,"DHT Holdings, Inc.",N,False,nasdaqtrader
DHX,"DHI Group, Inc. Common Stock",N,False,nasdaqtrader
DHY,Credit Suisse High Yield Credit Fund Common Stock,A,False,nasdaqtrader
DIBS,"1stdibs.com, Inc. - Common Stock",NASDAQ,False,nasdaqtrader
DIN,"Dine Brands Global, Inc. Common Stock",N,False,nasdaqtrader
DINO,HF Sinclair Corporation Common Stock,N,False,nasdaqtrader
DIOD,Diodes Incorporated - Common Stock,NASDAQ,False,nasdaqtrader
DIS,Walt Disney Company (The) Common Stock,N,False,nasdaqtrader
DIT,AMCON Distributing Company Common Stock,A,False,nasdaqtrader
DJCO,Daily Journal Corp. (S.C.) - Common Stock,NASDAQ,False,nasdaqtrader
DJP,iPath Bloomberg Commodity Index Total Return ETN,P,False,nasdaqtrader
DJT,Trump Media & Technology Group Corp. - Common Stock,NASDAQ,False,nasdaqtrader
DJTWW,Trump Media & Technology Group Corp. - Warrants,NASDAQ,False,nasdaqtrader
DK,"Delek US Holdings, Inc. Common Stock",N,False,nasdaqtrader
DKI,DarkIris Inc. - Class A Ordinary Shares,NASDAQ,False,nasdaqtrader
DKL,"Delek Logistics Partners, L.P. Common Units representing Limited Partner Interests",N,False,nasdaqtrader
DKNG,DraftKings Inc. - Class A Common Stock,NASDAQ,False,nasdaqtrader
DKS,Dick's Sporting Goods Inc Common Stock,N,False,nasdaqtrader
DLB,Dolby Laboratories Common Stock,N,False,nasdaqtrader
DLHC,DLH Holdings Corp. - Common Stock,NASDAQ,False,nasdaqtrader
DLNG,Dynagas LNG Partners LP Common Units,N,False,nasdaqtrader
DLNG-PA,Dynagas LNG Partners LP 9.00% Series A Cumulative Redeemable Preferred Units,N,False,nasdaqtrader
DLO,DLocal Limited - Class A Common Shares,NASDAQ,False,nasdaqtrader
DLPN,"Dolphin Entertainment, Inc. - Common Stock",NASDAQ,False,nasdaqtrader
DLR,"Digital Realty Trust, Inc. Common Stock",N,False,nasdaqtrader
DLR-PJ,"Digital Realty Trust, Inc. 5.250% Series J Cumulative Redeemable Preferred Stock",N,False,nasdaqtrader
DLR-PK,"Digital Realty Trust, Inc. 5.850% Series K Cumulative Redeemable Preferred Stock, par value $0.01 per share",N,False,nasdaqtrader
DLR-PL,"Digital Realty Trust, Inc. 5.200% Series L Cumulative Redeemable Preferred Stock",N,False,nasdaqtrader
DLTH,Duluth Holdings Inc. - Class B Common Stock,NASDAQ,False,nasdaqtrader
DLTR,"Dollar Tree, Inc. - Common Stock",NASDAQ,False,nasdaqtrader
DLX,Deluxe Corporation Common Stock,N,False,nasdaqtrader
DLXY,Delixy Holdings Limited - Class A Ordinary Shares,NASDAQ,False,nasdaqtrader
DLY,DoubleLine Yield Opportunities Fund Common Shares of Beneficial Interest,N,False,nasdaqtrader
DMA,Destra Multi-Alternative Fund Common Stock,N,False,nasdaqtrader
DMAA,Drugs Made In America Acquisition Corp. - Ordinary Shares,NASDAQ,False,nasdaqtrader
DMAAR,Drugs Made In America Acquisition Corp. - Rights,NASDAQ,False,nasdaqtrader
DMAAU,Drugs Made In America Acquisition Corp. - Units,NASDAQ,False,nasdaqtrader
DMAC,DiaMedica Therapeutics Inc. - Common Stock,NASDAQ,False,nasdaqtrader
DMB,"BNY Mellon Municipal Bond Infrastructure Fund, Inc. Common Stock",N,False,nasdaqtrader
DMC,Del Monte Corporation Ordinary Shares,N,False,nasdaqtrader
DMII,Drugs Made In America Acquisition II Corp. - Ordinary Shares,NASDAQ,False,nasdaqtrader
DMIIR,Drugs Made In America Acquisition II Corp. - Right,NASDAQ,False,nasdaqtrader
DMIIU,Drugs Made In America Acquisition II Corp. - Unit,NASDAQ,False,nasdaqtrader
DMLP,"Dorchester Minerals, L.P. - Common Units Representing Limited Partnership Interests",NASDAQ,False,nasdaqtrader
DMO,Western Asset Mortgage Opportunity Fund Inc. Common Stock,N,False,nasdaqtrader
DMRA,"Damora Therapeutics, Inc. - Ordinary Shares",NASDAQ,False,nasdaqtrader
DMRC,Digimarc Corporation - Common Stock,NASDAQ,False,nasdaqtrader
DNA,"Ginkgo Bioworks Holdings, Inc. Class A Common Stock",N,False,nasdaqtrader
DNLI,Denali Therapeutics Inc. - Common Stock,NASDAQ,False,nasdaqtrader
DNMX,Dynamix Corporation III - Class A Ordinary Shares,NASDAQ,False,nasdaqtrader
DNMXU,Dynamix Corporation III - Unit,NASDAQ,False,nasdaqtrader
DNMXW,Dynamix Corporation III - Warrants,NASDAQ,False,nasdaqtrader
DNN,Denison Mines Corp Ordinary Shares (Canada),A,False,nasdaqtrader
DNOW,DNOW Inc. Common Stock,N,False,nasdaqtrader
DNP,"DNP Select Income Fund, Inc. Common Stock",N,False,nasdaqtrader
DNTH,"Dianthus Therapeutics, Inc. - Common Stock",NASDAQ,False,nasdaqtrader
DNUT,"Krispy Kreme, Inc. - Common Stock",NASDAQ,False,nasdaqtrader
DOC,"Healthpeak Properties, Inc. Common Stock",N,False,nasdaqtrader
DOCN,"DigitalOcean Holdings, Inc. Common Stock",N,False,nasdaqtrader
DOCS,"Doximity, Inc. Class A Common Stock",N,False,nasdaqtrader
DOCU,"DocuSign, Inc. - Common Stock",NASDAQ,False,nasdaqtrader
DOGZ,Dogness (International) Corporation - Class A Common Stock,NASDAQ,False,nasdaqtrader
DOLE,Dole plc Ordinary Shares,N,False,nasdaqtrader
DOMH,Dominari Holdings Inc. - Common Stock,NASDAQ,False,nasdaqtrader
DOMO,"Domo, Inc. - Class B Common Stock",NASDAQ,False,nasdaqtrader
DOO,BRP Inc. - Common Subordinate Voting Shares,NASDAQ,False,nasdaqtrader
DORM,"Dorman Products, Inc. - Common Stock",NASDAQ,False,nasdaqtrader
DOUG,Douglas Elliman Inc. Common Stock,N,False,nasdaqtrader
DOV,Dover Corporation Common Stock,N,False,nasdaqtrader
DOW,Dow Inc. Common Stock,N,False,nasdaqtrader
DOX,Amdocs Limited - Ordinary Shares,NASDAQ,False,nasdaqtrader
DOYU,DouYu International Holdings Limited - American Depositary Shares,NASDAQ,False,nasdaqtrader
DPC,DPC Holdings PLC Ordinary Shares,N,False,nasdaqtrader
DPG,Duff & Phelps Utility and Infrastructure Fund Inc.,N,False,nasdaqtrader
DPRO,Draganfly Inc. - Common Shares,NASDAQ,False,nasdaqtrader
DPU,Top KingWin Ltd - Class A Ordinary Shares,NASDAQ,False,nasdaqtrader
DPZ,Domino's Pizza Inc - Common Stock,NASDAQ,False,nasdaqtrader
DQ,"DAQO New Energy Corp. American Depositary Shares, each representing five ordinary shares",N,False,nasdaqtrader
DRCT,"Direct Digital Holdings, Inc. - Class A Common Stock",NASDAQ,False,nasdaqtrader
DRD,DRDGOLD Limited American Depositary Shares,N,False,nasdaqtrader
DRDB,Roman DBDR Acquisition Corp. II - Ordinary shares,NASDAQ,False,nasdaqtrader
DRDBU,Roman DBDR Acquisition Corp. II - Unit,NASDAQ,False,nasdaqtrader
DRDBW,Roman DBDR Acquisition Corp. II - Warrants,NASDAQ,False,nasdaqtrader
DRH,Diamondrock Hospitality Company - Common Stock,NASDAQ,False,nasdaqtrader
DRI,"Darden Restaurants, Inc. Common Stock",N,False,nasdaqtrader
DRIO,DarioHealth Corp. - Common Stock,NASDAQ,False,nasdaqtrader
DRMA,"Dermata Therapeutics, Inc. - Common Stock",NASDAQ,False,nasdaqtrader
DRMAW,"Dermata Therapeutics, Inc. - Warrant",NASDAQ,False,nasdaqtrader
DRS,"Leonardo DRS, Inc. - Common Stock",NASDAQ,False,nasdaqtrader
DRTS,Alpha Tau Medical Ltd. - Ordinary Shares,NASDAQ,False,nasdaqtrader
DRTSW,Alpha Tau Medical Ltd. - Warrant,NASDAQ,False,nasdaqtrader
DRUG,Bright Minds Biosciences Inc. - common stock,NASDAQ,False,nasdaqtrader
DRVN,Driven Brands Holdings Inc. - Common Stock,NASDAQ,False,nasdaqtrader
DSAC,Daedalus Special Acquisition Corp. - Class A Ordinary Shares,NASDAQ,False,nasdaqtrader
DSACU,Daedalus Special Acquisition Corp. - Unit,NASDAQ,False,nasdaqtrader
DSACW,Daedalus Special Acquisition Corp. - Warrant,NASDAQ,False,nasdaqtrader
DSC,DSC Holdings Ltd. - American Depositary Shares,NASDAQ,False,nasdaqtrader
DSGN,"Design Therapeutics, Inc. - Common Stock",NASDAQ,False,nasdaqtrader
DSGR,"Distribution Solutions Group, Inc. - Common Stock",NASDAQ,False,nasdaqtrader
DSGX,The Descartes Systems Group Inc. - Common Stock,NASDAQ,False,nasdaqtrader
DSL,DoubleLine Income Solutions Fund Common Shares of Beneficial Interests,N,False,nasdaqtrader
DSM,"BNY Mellon Strategic Municipal Bond Fund, Inc. Common Stock",N,False,nasdaqtrader
DSP,Viant Technology Inc. - common stock,NASDAQ,False,nasdaqtrader
DSS,"DSS, Inc. Common Stock",A,False,nasdaqtrader
DSU,"Blackrock Debt Strategies Fund, Inc. Common Stock",N,False,nasdaqtrader
DSWL,"Deswell Industries, Inc. - Common Shares",NASDAQ,False,nasdaqtrader
DSX,Diana Shipping inc. common stock,N,False,nasdaqtrader
DSX-PB,Diana Shipping Inc. Perpetual Preferred Shares Series B (Marshall Islands),N,False,nasdaqtrader
DSX-W,Diana Shipping inc. Warrants,N,False,nasdaqtrader
DSY,Big Tree Cloud Holdings Limited - Class A Ordinary Shares,NASDAQ,False,nasdaqtrader
DSYWW,Big Tree Cloud Holdings Limited - Warrants,NASDAQ,False,nasdaqtrader
DT,"Dynatrace, Inc. Common Stock",N,False,nasdaqtrader
DTB,DTE Energy Company 2020 Series G 4.375% Junior Subordinated Debentures due 2080,N,False,nasdaqtrader
DTCX,"Datacentrex, Inc. - Common Stock",NASDAQ,False,nasdaqtrader
DTE,DTE Energy Company Common Stock,N,False,nasdaqtrader
DTF,DTF Tax-Free Income 2028 Term Fund Inc. Common Stock,N,False,nasdaqtrader
DTG,DTE Energy Company 2021 Series E 4.375% Junior Subordinated Debentures,N,False,nasdaqtrader
DTI,Drilling Tools International Corporation  - Common Stock,NASDAQ,False,nasdaqtrader
DTIL,"Precision BioSciences, Inc. - Common Stock",NASDAQ,False,nasdaqtrader
DTK,DTE Energy Company 2025 Series H 6.25% Junior Subordinated Debentures due 2085,N,False,nasdaqtrader
DTM,"DT Midstream, Inc. Common Stock",N,False,nasdaqtrader
DTSQ,DT Cloud Star Acquisition Corporation - Ordinary Shares,NASDAQ,False,nasdaqtrader
DTSQR,DT Cloud Star Acquisition Corporation - Right,NASDAQ,False,nasdaqtrader
DTSQU,DT Cloud Star Acquisition Corporation - Units,NASDAQ,False,nasdaqtrader
DTSS,Datasea Intelligent Technology Ltd. - Class A Ordinary Shares,NASDAQ,False,nasdaqtrader
DTST,Data Storage Corporation - Common Stock,NASDAQ,False,nasdaqtrader
DTW,DTE Energy Company 2017 Series E 5.25% Junior Subordinated Debentures due 2077,N,False,nasdaqtrader
DUK,Duke Energy Corporation (Holding Company) Common Stock,N,False,nasdaqtrader
DUK-PA,"Duke Energy Corporation Depositary Shares, each representing a 1/1,000th interest in a share of 5.75% Series A Cumulative Redeemable Perpetual Preferred Stock",N,False,nasdaqtrader
DUKB,Duke Energy Corporation 5.625% Junior Subordinated Debentures due 2078,N,False,nasdaqtrader
DUKR,DUKE Robotics Corp. - Common Stock,NASDAQ,False,nasdaqtrader
DUKRW,DUKE Robotics Corp. - Warrant,NASDAQ,False,nasdaqtrader
DUO,Fangdd Network Group Ltd. - Class A Ordinary Shares,NASDAQ,False,nasdaqtrader
DUOL,"Duolingo, Inc. - Class A Common Stock",NASDAQ,False,nasdaqtrader
DUOT,"Duos Technologies Group, Inc. - Common Stock",NASDAQ,False,nasdaqtrader
DV,"DoubleVerify Holdings, Inc. Common Stock",N,False,nasdaqtrader
DVA,DaVita Inc. Common Stock,N,False,nasdaqtrader
DVLT,Datavault AI Inc. - Common Stock,NASDAQ,False,nasdaqtrader
DVN,Devon Energy Corporation Common Stock,N,False,nasdaqtrader
DWSN,Dawson Geophysical Company - Common Stock,NASDAQ,False,nasdaqtrader
DWTX,"Dogwood Therapeutics, Inc.  - Common Stock",NASDAQ,False,nasdaqtrader
DX,"Dynex Capital, Inc. Common Stock",N,False,nasdaqtrader
DX-PC,"Dynex Capital, Inc. 6.900% Series C Fixed-to-Floating Rate Cumulative Redeemable Preferred Stock",N,False,nasdaqtrader
DXC,DXC Technology Company Common Stock,N,False,nasdaqtrader
DXCM,"DexCom, Inc. - Common Stock",NASDAQ,False,nasdaqtrader
DXF,"Eason Technology Limited American Depositary Shares (each representing sixty-thousand (60,000) Ordinary Shares)",A,False,nasdaqtrader
DXLG,"Destination XL Group, Inc. - Common Stock",NASDAQ,False,nasdaqtrader
DXPE,"DXP Enterprises, Inc. - Common Stock",NASDAQ,False,nasdaqtrader
DXR,Daxor Corporation - Closed End Fund,NASDAQ,False,nasdaqtrader
DXST,Decent Holding Inc. - Class A Ordinary Shares,NASDAQ,False,nasdaqtrader
DXYZ,Destiny Tech100 Inc. Common Stock,N,False,nasdaqtrader
DY,"Dycom Industries, Inc. Common Stock",N,False,nasdaqtrader
DYAI,"Dyadic International, Inc. - Common Stock",NASDAQ,False,nasdaqtrader
DYN,"Dyne Therapeutics, Inc. - Common Stock",NASDAQ,False,nasdaqtrader
DYNC,Dynamix Corporation - Class A Ordinary Share,NASDAQ,False,nasdaqtrader
DYNCU,Dynamix Corporation - Unit,NASDAQ,False,nasdaqtrader
DYNCW,Dynamix Corporation - Warrant,NASDAQ,False,nasdaqtrader
DYOR,Insight Digital Partners II - Class A Ordinary Shares,NASDAQ,False,nasdaqtrader
DYORU,Insight Digital Partners II - Units,NASDAQ,False,nasdaqtrader
DYORW,Insight Digital Partners II - Warrants,NASDAQ,False,nasdaqtrader
DZZ,"DB Gold Double Short ETN due February 15, 2038",P,False,nasdaqtrader
E,ENI S.p.A. Common Stock,N,False,nasdaqtrader
EAD,Allspring Income Opportunities Fund Common Shares,A,False,nasdaqtrader
EAF,GrafTech International Ltd. Common Stock,N,False,nasdaqtrader
EAI,"Entergy Arkansas, LLC First Mortgage Bonds, 4.875% Series Due September 1, 2066",N,False,nasdaqtrader
EARN,Ellington Credit Company Common Shares of Beneficial Interest,N,False,nasdaqtrader
EAT,"Brinker International, Inc. Common Stock",N,False,nasdaqtrader
EBAY,eBay Inc. - Common Stock,NASDAQ,False,nasdaqtrader
EBC,"Eastern Bankshares, Inc. - Common Stock",NASDAQ,False,nasdaqtrader
EBF,"Ennis, Inc. Common Stock",N,False,nasdaqtrader
EBMT,"Eagle Bancorp Montana, Inc. - Common Stock",NASDAQ,False,nasdaqtrader
EBON,Ebang International Holdings Inc. - Class A Ordinary Shares,NASDAQ,False,nasdaqtrader
EBS,Emergent BioSolutions Inc. Common Stock,N,False,nasdaqtrader
EC,Ecopetrol S.A. American Depositary Shares,N,False,nasdaqtrader
ECAT,BlackRock ESG Capital Allocation Term Trust Common Shares of Beneficial Interest,N,False,nasdaqtrader
ECBK,"ECB Bancorp, Inc. - Common Stock",NASDAQ,False,nasdaqtrader
ECC,Eagle Point Credit Company Common Share of Beneficial Interest,N,False,nasdaqtrader
ECC-PD,Eagle Point Credit Company 6.75% Series D Preferred Stock,N,False,nasdaqtrader
ECCC,Eagle Point Credit Company 6.50% Series C Term Preferred Stock due 2031,N,False,nasdaqtrader
ECCU,Eagle Point Credit Company 7.75% Notes due 2030,N,False,nasdaqtrader
ECCV,Eagle Point Credit Company 5.375% Notes due 2029,N,False,nasdaqtrader
ECF,Ellsworth Growth and Income Fund Ltd.,A,False,nasdaqtrader
ECF-PA,Ellsworth Growth and Income Fund Ltd. 5.25% Series A Cumulative Preferred Shares (Liquidation Preference $25.00 per share),A,False,nasdaqtrader
ECG,"Everus Construction Group, Inc. Common Stock",N,False,nasdaqtrader
ECHO,EchoStar Corporation - Common stock,NASDAQ,False,nasdaqtrader
ECL,Ecolab Inc. Common Stock,N,False,nasdaqtrader
ECO,Okeanis Eco Tankers Corp. Common Stock,N,False,nasdaqtrader
ECOR,"electroCore, Inc. - Common Stock",NASDAQ,False,nasdaqtrader
ECPG,Encore Capital Group Inc - Common Stock,NASDAQ,False,nasdaqtrader
ECVT,Ecovyst Inc. Common Stock,N,False,nasdaqtrader
ECX,ECARX Holdings Inc. - Class A Ordinary shares,NASDAQ,False,nasdaqtrader
ECXWW,ECARX Holdings Inc. - Warrants,NASDAQ,False,nasdaqtrader
ED,"Consolidated Edison, Inc. Common Stock",N,False,nasdaqtrader
EDBL,Edible Garden AG Incorporated - Common Stock,NASDAQ,False,nasdaqtrader
EDBLW,Edible Garden AG Incorporated - Warrant,NASDAQ,False,nasdaqtrader
EDD,"Morgan Stanley Emerging Markets Domestic Debt Fund, Inc. Common Stock",N,False,nasdaqtrader
EDF,Virtus Stone Harbor Emerging Markets Income Fund Common Shares of Beneficial Interest,N,False,nasdaqtrader
EDHL,Everbright Digital Holding Limited - Ordinary Shares,NASDAQ,False,nasdaqtrader
EDIT,"Editas Medicine, Inc. - Common Stock",NASDAQ,False,nasdaqtrader
EDN,Empresa Distribuidora Y Comercializadora Norte S.A. (Edenor) American Depositary Shares,N,False,nasdaqtrader
EDRY,EuroDry Ltd. - Common Shares,NASDAQ,False,nasdaqtrader
EDSA,"Edesa Biotech, Inc. - Common Shares",NASDAQ,False,nasdaqtrader
EDTK,Skillful Craftsman Education Technology Limited - Ordinary Share,NASDAQ,False,nasdaqtrader
EDU,"New Oriental Education & Technology Group, Inc. Sponsored ADR representing 10 Ordinary Share (Cayman Islands)",N,False,nasdaqtrader
EDUC,Educational Development Corporation - Common Stock,NASDAQ,False,nasdaqtrader
EE,"Excelerate Energy, Inc. Class A Common Stock",N,False,nasdaqtrader
EEA,"The European Equity Fund, Inc. Common Stock",N,False,nasdaqtrader
EEFT,"Euronet Worldwide, Inc. - Common Stock",NASDAQ,False,nasdaqtrader
EEIQ,EpicQuest Education Group International Limited - Common Stock,NASDAQ,False,nasdaqtrader
EFC,Ellington Financial Inc. Common Stock,N,False,nasdaqtrader
EFC-PB,Ellington Financial Inc. 6.250% Series B Fixed-Rate Reset Cumulative Redeemable Preferred Stock,N,False,nasdaqtrader
EFC-PC,Ellington Financial Inc. 8.625% Series C Fixed-Rate Reset Cumulative Redeemable Preferred Stock,N,False,nasdaqtrader
EFC-PD,Ellington Financial Inc. 7.00% Series D Cumulative Perpetual Redeemable Preferred Stock,N,False,nasdaqtrader
EFOI,"Energy Focus, Inc. - Common Stock",NASDAQ,False,nasdaqtrader
EFOR,"Everforth, Inc. Common Stock",N,False,nasdaqtrader
EFR,Eaton Vance Senior Floating-Rate Fund Common Shares of Beneficial Interest,N,False,nasdaqtrader
EFSC,Enterprise Financial Services Corporation - Common Stock,NASDAQ,False,nasdaqtrader
EFSCP,"Enterprise Financial Services Corporation - Depositary Shares Each Representing a 1/40th Interest in a Share of 5% Fixed Rate Non-Cumulative Perpetual Preferred Stock, Series A",NASDAQ,False,nasdaqtrader
EFSI,Eagle Financial Services Inc - Common Stock,NASDAQ,False,nasdaqtrader
EFT,Eaton Vance Floating Rate Income Trust Common Shares of Beneficial Interest,N,False,nasdaqtrader
EFTY,"Etoiles Capital Group Co., Ltd. - Class A Ordinary Shares",NASDAQ,False,nasdaqtrader
EFX,"Equifax, Inc. Common Stock",N,False,nasdaqtrader
EFXT,Enerflex Ltd Common Shares,N,False,nasdaqtrader
EG,"Everest Group, Ltd. Common Stock",N,False,nasdaqtrader
EGAN,eGain Corporation - Common Stock,NASDAQ,False,nasdaqtrader
EGBN,"Eagle Bancorp, Inc. - Common Stock",NASDAQ,False,nasdaqtrader
EGG,Enigmatig Limited Class A Ordinary Shares,A,False,nasdaqtrader
EGHA,EGH Acquisition Corp. - Class A ordinary shares,NASDAQ,False,nasdaqtrader
EGHAR,EGH Acquisition Corp. - rights,NASDAQ,False,nasdaqtrader
EGHAU,EGH Acquisition Corp. - Unit,NASDAQ,False,nasdaqtrader
EGHT,8x8 Inc - Common stock,NASDAQ,False,nasdaqtrader
EGO,Eldorado Gold Corporation Ordinary Shares,N,False,nasdaqtrader
EGP,"EastGroup Properties, Inc. Common Stock",N,False,nasdaqtrader
EGY,"VAALCO Energy, Inc.  Common Stock",N,False,nasdaqtrader
EH,EHang Holdings Limited - ADS,NASDAQ,False,nasdaqtrader
EHC,Encompass Health Corporation Common Stock,N,False,nasdaqtrader
EHGO,Eshallgo Inc. - Class A Ordinary Shares,NASDAQ,False,nasdaqtrader
EHI,Western Asset Global High Income Fund Inc Common Stock,N,False,nasdaqtrader
EHLD,Euroholdings Ltd. - Common Stock,NASDAQ,False,nasdaqtrader
EHTH,"eHealth, Inc. - Common Stock",NASDAQ,False,nasdaqtrader
EIC,Eagle Point Income Company Inc. Common Stock,N,False,nasdaqtrader
EICA,Eagle Point Income Company Inc. 5.00% Series A Term Preferred Stock due 2026,N,False,nasdaqtrader
EIG,Employers Holdings Inc Common Stock,N,False,nasdaqtrader
EIIA,Eagle Point Institutional Income Fund 8.125% Series A Term Preferred Shares Due 2029,N,False,nasdaqtrader
EIKN,"Eikon Therapeutics, Inc. - Common Stock",NASDAQ,False,nasdaqtrader
EIM,"Eaton Vance Municipal Bond Fund Common Shares of Beneficial Interest, $.01 par value",A,False,nasdaqtrader
EIX,Edison International Common Stock,N,False,nasdaqtrader
EJH,E-Home Household Service Holdings Limited - Ordinary shares,NASDAQ,False,nasdaqtrader
EL,"Estee Lauder Companies, Inc. (The) Common Stock",N,False,nasdaqtrader
ELA,Envela Corporation Common Stock,A,False,nasdaqtrader
ELAB,PMGC Holdings Inc. - Common Stock,NASDAQ,False,nasdaqtrader
ELAN,Elanco Animal Health Incorporated Common Stock,N,False,nasdaqtrader
ELBM,Electra Battery Materials Corporation - Common Stock,NASDAQ,False,nasdaqtrader
ELC,"Entergy Louisiana, Inc. Collateral Trust Mortgage Bonds, 4.875 % Series due September 1, 2066",N,False,nasdaqtrader
ELDN,"Eledon Pharmaceuticals, Inc. - Common Stock",NASDAQ,False,nasdaqtrader
ELE,Elemental Royalty Corporation - Common Stock,NASDAQ,False,nasdaqtrader
ELF,"e.l.f. Beauty, Inc. Common Stock",N,False,nasdaqtrader
ELLA,Ellington Credit Company 8.50% Notes due 2031,N,False,nasdaqtrader
ELLO,Ellomay Capital Ltd Ordinary Shares (Israel),A,False,nasdaqtrader
ELMD,"Electromed, Inc. Common Stock",A,False,nasdaqtrader
ELME,Elme Communities Common Stock,N,False,nasdaqtrader
ELMT,The Elmet Group Co. - Common Stock,NASDAQ,False,nasdaqtrader
ELOG,Eastern International Ltd. - Ordinary Shares,NASDAQ,False,nasdaqtrader
ELOX,"Eloxx Pharmaceuticals, Inc. - Common Stock",NASDAQ,False,nasdaqtrader
ELPC,Companhia Paranaense de Energia (COPEL) American Depositary Shares (each representing four (4) Common Shares),N,False,nasdaqtrader
ELPW,Elong Power Holding Limited - Class A Ordinary Shares,NASDAQ,False,nasdaqtrader
ELS,"Equity Lifestyle Properties, Inc. Common Stock",N,False,nasdaqtrader
ELTK,Eltek Ltd. - Ordinary Shares,NASDAQ,False,nasdaqtrader
ELTX,"Elicio Therapeutics, Inc. - Common Stock",NASDAQ,False,nasdaqtrader
ELUT,"Elutia, Inc. - Class A Common Stock",NASDAQ,False,nasdaqtrader
ELV,"Elevance Health, Inc. Common Stock",N,False,nasdaqtrader
ELVA,Electrovaya Inc. - Common Shares,NASDAQ,False,nasdaqtrader
ELVN,"Enliven Therapeutics, Inc.  - Common Stock",NASDAQ,False,nasdaqtrader
ELVR,Elevra Lithium Limited - American Depository Shares,NASDAQ,False,nasdaqtrader
ELWT,"Elauwit Connection, Inc. - Common Stock",NASDAQ,False,nasdaqtrader
EMA,Emera Incorporated Common Shares,N,False,nasdaqtrader
EMAT,Evolution Metals & Technologies Corp. - Common Stock,NASDAQ,False,nasdaqtrader
EMBC,Embecta Corp. - Common Stock,NASDAQ,False,nasdaqtrader
EMBJ,Embraer S.A. Common Stock,N,False,nasdaqtrader
EMD,Western Asset Emerging Markets Debt Fund Inc Common Stock,N,False,nasdaqtrader
EME,"EMCOR Group, Inc. Common Stock",N,False,nasdaqtrader
EMF,Templeton Emerging Markets Fund Common Stock,N,False,nasdaqtrader
EMIS,Emmis Acquisition Corp. - Class A Ordinary Share,NASDAQ,False,nasdaqtrader
EMISR,Emmis Acquisition Corp. - Rights,NASDAQ,False,nasdaqtrader
EML,Eastern Company (The) - Common Stock,NASDAQ,False,nasdaqtrader
EMN,Eastman Chemical Company Common Stock,N,False,nasdaqtrader
EMO,ClearBridge Energy Midstream Opportunity Fund Inc. Common Stock,N,False,nasdaqtrader
EMP,"Entergy Mississippi, LLC First Mortgage Bonds, 4.90% Series Due October 1, 2066",N,False,nasdaqtrader
EMPD,Empery Digital Inc. - Common stock,NASDAQ,False,nasdaqtrader
EMR,Emerson Electric Company Common Stock,N,False,nasdaqtrader
ENB,Enbridge Inc Common Stock,N,False,nasdaqtrader
ENGN,enGene Therapeutics Inc. - Common Stock,NASDAQ,False,nasdaqtrader
ENGNW,enGene Therapeutics Inc. - Warrants,NASDAQ,False,nasdaqtrader
ENGS,Energys Group Limited - Ordinary Shares,NASDAQ,False,nasdaqtrader
ENHA,Enhanced Group Inc. Class A Common Stock,N,False,nasdaqtrader
ENIC,Enel Chile S.A. American Depositary Shares (Each representing 50 shares of Common Stock),N,False,nasdaqtrader
ENJ,"Entergy New Orleans, LLC First Mortgage Bonds, 5.0% Series due December 1, 2052",N,False,nasdaqtrader
ENLT,Enlight Renewable Energy Ltd. - Ordinary Shares,NASDAQ,False,nasdaqtrader
ENLV,Enlivex Ltd. - Ordinary Shares,NASDAQ,False,nasdaqtrader
ENO,"Entergy New Orleans, LLC First Mortgage Bonds, 5.50% Series due April 1, 2066",N,False,nasdaqtrader
ENOV,Enovis Corporation Common Stock,N,False,nasdaqtrader
ENPH,"Enphase Energy, Inc. - Common Stock",NASDAQ,False,nasdaqtrader
ENR,"Energizer Holdings, Inc. Common Stock",N,False,nasdaqtrader
ENRD,Einride AB - American Depositary Shares,NASDAQ,False,nasdaqtrader
ENRDW,Einride AB - Warrants,NASDAQ,False,nasdaqtrader
ENS,EnerSys Common Stock,N,False,nasdaqtrader
ENSC,"Ensysce Biosciences, Inc. - Common Stock",NASDAQ,False,nasdaqtrader
ENSG,"The Ensign Group, Inc. - Common Stock",NASDAQ,False,nasdaqtrader
ENTA,"Enanta Pharmaceuticals, Inc. - Common Stock",NASDAQ,False,nasdaqtrader
ENTG,"Entegris, Inc. - Common Stock",NASDAQ,False,nasdaqtrader
ENTX,Entera Bio Ltd. - Ordinary Shares,NASDAQ,False,nasdaqtrader
ENVA,"Enova International, Inc. Common Stock",N,False,nasdaqtrader
ENVB,"Enveric Biosciences, Inc.  - Common Stock",NASDAQ,False,nasdaqtrader
ENVX,Enovix Corporation - Common Stock,NASDAQ,False,nasdaqtrader
EOD,Allspring Global Dividend Opportunity Fund Common Shares of Beneficial Interest,N,False,nasdaqtrader
EOG,"EOG Resources, Inc. Common Stock",N,False,nasdaqtrader
EOI,Eaton Vance Enhance Equity Income Fund Eaton Vance Enhanced Equity Income Fund Shares of Beneficial Interest,N,False,nasdaqtrader
EOLS,"Evolus, Inc. - Common Stock",NASDAQ,False,nasdaqtrader
EONR,EON Resources Inc. Class A Common Stock,A,False,nasdaqtrader
EONR-W,"EON Resources Inc. Warrants, each whole warrant exercisable for three quarters of one share of Class A Common Stock at an exercise price of $11.50 per whole share",A,False,nasdaqtrader
EOS,Eaton Vance Enhance Equity Income Fund II Common Stock,N,False,nasdaqtrader
EOSE,"Eos Energy Enterprises, Inc. - Common Stock",NASDAQ,False,nasdaqtrader
EOSEW,"Eos Energy Enterprises, Inc. - Warrant",NASDAQ,False,nasdaqtrader
EOT,Eaton Vance Municipal Income Trust EATON VANCE NATIONAL MUNICIPAL OPPORTUNITIES TRUST,N,False,nasdaqtrader
EP,Empire Petroleum Corporation Common Stock,A,False,nasdaqtrader
EP-PC,El Paso Corporation Preferred Stock,N,False,nasdaqtrader
EPAC,Enerpac Tool Group Corp. Common Stock,N,False,nasdaqtrader
EPAM,"EPAM Systems, Inc. Common Stock",N,False,nasdaqtrader
EPC,Edgewell Personal Care Company Common Stock,N,False,nasdaqtrader
EPD,Enterprise Products Partners L.P. Common Stock,N,False,nasdaqtrader
EPM,"Evolution Petroleum Corporation, Inc. Common Stock",A,False,nasdaqtrader
EPOW,E-Power Inc. - Class A Ordinary Shares,NASDAQ,False,nasdaqtrader
EPR,EPR Properties Common Stock,N,False,nasdaqtrader
EPR-PC,EPR Properties 5.75% Series C Cumulative Convertible Preferred Shares,N,False,nasdaqtrader
EPR-PE,EPR Properties Series E Cumulative Conv Pfd Shs Ser E,N,False,nasdaqtrader
EPR-PG,EPR Properties 5.750% Series G Cumulative Redeemable Preferred Shares,N,False,nasdaqtrader
EPRT,"Essential Properties Realty Trust, Inc. Common Stock",N,False,nasdaqtrader
EPRX,Eupraxia Pharmaceuticals Inc. - Common Stock,NASDAQ,False,nasdaqtrader
EPSM,Epsium Enterprise Limited - Class A Ordinary Shares,NASDAQ,False,nasdaqtrader
EPSN,Epsilon Energy Ltd. - Common Shares,NASDAQ,False,nasdaqtrader
EQ,"Equillium, Inc. - Common Stock",NASDAQ,False,nasdaqtrader
EQBK,"Equity Bancshares, Inc. Class A Common Stock",N,False,nasdaqtrader
EQH,"Equitable Holdings, Inc. Common Stock",N,False,nasdaqtrader
EQH-PA,"Equitable Holdings, Inc. Depositary Shares",N,False,nasdaqtrader
EQH-PC,"Equitable Holdings, Inc. Depositary Shares, each representing a 1/1,000th interest in a share of Fixed Rate Noncumulative Perpetual Preferred Stock, Series C",N,False,nasdaqtrader
EQIX,"Equinix, Inc. - Common Stock",NASDAQ,False,nasdaqtrader
EQNR,Equinor ASA,N,False,nasdaqtrader
EQPT,EquipmentShare.com Inc - Class A Common Stock,NASDAQ,False,nasdaqtrader
EQR,Equity Residential Common Shares of Beneficial Interest,N,False,nasdaqtrader
EQS,"Equus Total Return, Inc. Common Stock",N,False,nasdaqtrader
EQT,EQT Corporation Common Stock,N,False,nasdaqtrader
EQX,Equinox Gold Corp. Common Shares,A,False,nasdaqtrader
ERAS,"Erasca, Inc. - Common Stock",NASDAQ,False,nasdaqtrader
ERC,Allspring Multi-Sector Income Fund Common Stock,A,False,nasdaqtrader
ERH,Allspring Utilities and High Income Fund Common Shares,A,False,nasdaqtrader
ERIC,Ericsson - American Depositary Shares each representing 1 underlying Class B share,NASDAQ,False,nasdaqtrader
ERIE,Erie Indemnity Company - Class A Common Stock,NASDAQ,False,nasdaqtrader
ERII,"Energy Recovery, Inc. - Common Stock",NASDAQ,False,nasdaqtrader
ERNA,Ernexa Therapeutics Inc. - Common Stock,NASDAQ,False,nasdaqtrader
ERNAW,Ernexa Therapeutics Inc. - Warrants,NASDAQ,False,nasdaqtrader
ERO,Ero Copper Corp. Common Shares,N,False,nasdaqtrader
EROC,"ERock, Inc. Class A Common Stock",N,False,nasdaqtrader
EROK,"EagleRock Land, LLC Class A shares representing limited liability company interests",N,False,nasdaqtrader
ES,Eversource Energy (D/B/A) Common Stock,N,False,nasdaqtrader
ESAB,ESAB Corporation Common Stock,N,False,nasdaqtrader
ESBA,"Empire State Realty OP, L.P. Series ES Operating Partnership Units Representing Limited Partnership Interests",P,False,nasdaqtrader
ESCA,"Escalade, Incorporated - Common Stock",NASDAQ,False,nasdaqtrader
ESE,ESCO Technologies Inc. Common Stock,N,False,nasdaqtrader
ESEA,Euroseas Ltd. - Common Stock,NASDAQ,False,nasdaqtrader
ESI,Element Solutions Inc. Common Stock,N,False,nasdaqtrader
ESLA,"Estrella Immunopharma, Inc. - Common Stock",NASDAQ,False,nasdaqtrader
ESLAW,"Estrella Immunopharma, Inc. - Warrant",NASDAQ,False,nasdaqtrader
ESLT,Elbit Systems Ltd. - Ordinary Shares,NASDAQ,False,nasdaqtrader
ESNT,Essent Group Ltd. Common Shares,N,False,nasdaqtrader
ESOA,Energy Services of America Corporation - Common Stock,NASDAQ,False,nasdaqtrader
ESP,Espey Mfg. & Electronics Corp. Common Stock,A,False,nasdaqtrader
ESQ,"Esquire Financial Holdings, Inc. - Common Stock",NASDAQ,False,nasdaqtrader
ESRT,"Empire State Realty Trust, Inc. Class A Common Stock",N,False,nasdaqtrader
ESS,"Essex Property Trust, Inc. Common Stock",N,False,nasdaqtrader
ESTA,Establishment Labs Holdings Inc. - Common Shares,NASDAQ,False,nasdaqtrader
ESTC,Elastic N.V. Ordinary Shares,N,False,nasdaqtrader
ET,Energy Transfer LP Common Units,N,False,nasdaqtrader
ET-PI,Energy Transfer L.P. Series I Fixed Rate Perpetual Preferred Units,N,False,nasdaqtrader
ETB,Eaton Vance Tax-Managed Buy-Write Income Fund Eaton Vance Tax-Managed Buy-Write Income Fund Common Shares of Beneficial Interest,N,False,nasdaqtrader
ETD,Ethan Allen Interiors Inc. Common Stock,N,False,nasdaqtrader
ETG,Eaton Vance Tax-Advantaged Global Dividend Income Fund Common Shares of Beneficial Interest,N,False,nasdaqtrader
ETI-P,"Entergy Texas Inc 5.375% Series A Preferred Stock, Cumulative, No Par Value",N,False,nasdaqtrader
ETJ,Eaton Vance Risk-Managed Diversified Equity Income Fund Common Shares of Beneficial Interest,N,False,nasdaqtrader
ETN,"Eaton Corporation, PLC Ordinary Shares",N,False,nasdaqtrader
ETO,Eaton Vance Tax-Advantage Global Dividend Opp Common Stock,N,False,nasdaqtrader
ETON,"Eton Pharmaceuticals, Inc. - Common Stock",NASDAQ,False,nasdaqtrader
ETOR,eToro Group Ltd. - Class A Common Shares,NASDAQ,False,nasdaqtrader
ETR,Entergy Corporation Common Stock,N,False,nasdaqtrader
ETS,Elite Express Holding Inc. - Class A Common Stock,NASDAQ,False,nasdaqtrader
ETSS,Energy Transition Special Opportunities Class A Ordinary Shares,N,False,nasdaqtrader
ETSS-U,"Energy Transition Special Opportunities Units, each consisting of one Class A ordinary share and one-half of one redeemable warrant",N,False,nasdaqtrader
ETSS-W,"Energy Transition Special Opportunities Warrants, each whole warrant exercisable for one Class A ordinary share at an exercise price of $11.50",N,False,nasdaqtrader
ETSY,"Etsy, Inc. Common Stock",N,False,nasdaqtrader
ETV,Eaton Vance Corporation Eaton Vance Tax-Managed Buy-Write Opportunities Fund Common Shares of Beneficial Interest,N,False,nasdaqtrader
ETW,Eaton Vance Corporation Eaton Vance Tax-Managed Global Buy-Write Opportunites Fund Common Shares of Beneficial Interest,N,False,nasdaqtrader
ETX,Eaton Vance Municipal Income 2028 Term Trust Common Shares of Beneficial Interest,N,False,nasdaqtrader
ETY,"Eaton Vance Tax-Managed Diversified Equity Income Fund Common Shares of Beneficial Interest,",N,False,nasdaqtrader
EU,enCore Energy Corp. - Common Stock,NASDAQ,False,nasdaqtrader
EUDA,Euda Health Holdings Limited - Ordinary Shares,NASDAQ,False,nasdaqtrader
EUDAW,Euda Health Holdings Limited - Warrant,NASDAQ,False,nasdaqtrader
EURK,Eureka Acquisition Corp - Class A Ordinary Share,NASDAQ,False,nasdaqtrader
EURKR,Eureka Acquisition Corp - Right,NASDAQ,False,nasdaqtrader
EURKU,Eureka Acquisition Corp - Unit,NASDAQ,False,nasdaqtrader
EVAC,EQV Ventures Acquisition Corp. II Class A Ordinary Shares,N,False,nasdaqtrader
EVAC-U,"EQV Ventures Acquisition Corp. II Units, each unit consists of one Class A ordinary share and one-third of one redeemable warrant",N,False,nasdaqtrader
EVAC-W,"EQV Ventures Acquisition Corp. II Redeemable Warrants, each whole warrant exercisable for one Class A ordinary share at an exercise price of $11.50 per share",N,False,nasdaqtrader
EVAX,Evaxion A/S - American Depositary Share,NASDAQ,False,nasdaqtrader
EVC,Entravision Communications Corporation Common Stock,N,False,nasdaqtrader
EVCM,EverCommerce Inc. - Common Stock,NASDAQ,False,nasdaqtrader
EVER,"EverQuote, Inc. - Class A Common Stock",NASDAQ,False,nasdaqtrader
EVEX,"Eve Holding, Inc. Common Stock",N,False,nasdaqtrader
EVEX-W,"Eve Holding, Inc. Warrants, each exercisable for one share of Common Stock at an exercise price of $11.50 per share",N,False,nasdaqtrader
EVF,Eaton Vance Senior Income Trust Common Stock,N,False,nasdaqtrader
EVG,Eaton Vance Short Diversified Income Fund Eaton Vance Short Duration Diversified Income Fund Common Shares of Beneficial Interest,N,False,nasdaqtrader
EVGN,Evogene Ltd. - Ordinary Shares,NASDAQ,False,nasdaqtrader
EVGO,EVgo Inc. - Common Stock,NASDAQ,False,nasdaqtrader
EVH,"Evolent Health, Inc Class A Common Stock",N,False,nasdaqtrader
EVI,"EVI Industries, Inc.  Common Stock",A,False,nasdaqtrader
EVLV,"Evolv Technologies Holdings, Inc. - Class A Common Stock",NASDAQ,False,nasdaqtrader
EVMN,"Evommune, Inc. Common Stock",N,False,nasdaqtrader
EVN,Eaton Vance Municipal Income Trust Common Stock,N,False,nasdaqtrader
EVO,Evotec SE - American Depositary Shares each representing 1/2 of one ordinary share,NASDAQ,False,nasdaqtrader
EVOX,Evolution Global Acquisition Corp - Class A Ordinary Shares,NASDAQ,False,nasdaqtrader
EVOXU,Evolution Global Acquisition Corp - Units,NASDAQ,False,nasdaqtrader
EVOXW,Evolution Global Acquisition Corp - Warrants,NASDAQ,False,nasdaqtrader
EVR,Evercore Inc. Class A Common Stock,N,False,nasdaqtrader
EVRG,"Evergy, Inc. - Common Stock",NASDAQ,False,nasdaqtrader
EVT,Eaton Vance Tax Advantaged Dividend Income Fund Common Shares of Beneficial Interest,N,False,nasdaqtrader
EVTC,"Evertec, Inc. Common Stock",N,False,nasdaqtrader
EVTL,Vertical Aerospace Ltd. Ordinary Shares,N,False,nasdaqtrader
EVV,Eaton Vance Limited Duration Income Fund Common Shares of Beneficial Interest,A,False,nasdaqtrader
EW,Edwards Lifesciences Corporation Common Stock,N,False,nasdaqtrader
EWAVU,East West Ave Acquisition Corp. - Units,NASDAQ,False,nasdaqtrader
EWBC,"East West Bancorp, Inc. - Common Stock",NASDAQ,False,nasdaqtrader
EWTX,"Edgewise Therapeutics, Inc. - Common Stock",NASDAQ,False,nasdaqtrader
EXC,Exelon Corporation - Common Stock,NASDAQ,False,nasdaqtrader
EXE,Expand Energy Corporation - Common Stock,NASDAQ,False,nasdaqtrader
EXEL,"Exelixis, Inc. - Common Stock",NASDAQ,False,nasdaqtrader
EXFY,"Expensify, Inc. - Class A Common Stock",NASDAQ,False,nasdaqtrader
EXG,Eaton Vance Tax-Managed Global Diversified Equity Income Fund Common Shares of Beneficial Interest,N,False,nasdaqtrader
EXK,Endeavour Silver Corporation Ordinary Shares (Canada),N,False,nasdaqtrader
EXLS,"ExlService Holdings, Inc. - Common Stock",NASDAQ,False,nasdaqtrader
EXOD,"Exodus Movement, Inc. Class A Common Stock",A,False,nasdaqtrader
EXOZ,eXoZymes Inc. - Common Stock,NASDAQ,False,nasdaqtrader
EXP,Eagle Materials Inc Common Stock,N,False,nasdaqtrader
EXPD,"Expeditors International of Washington, Inc. Common Stock",N,False,nasdaqtrader
EXPE,"Expedia Group, Inc. - Common Stock",NASDAQ,False,nasdaqtrader
EXPO,"Exponent, Inc. - Common Stock",NASDAQ,False,nasdaqtrader
EXR,Extra Space Storage Inc Common Stock,N,False,nasdaqtrader
EXTR,"Extreme Networks, Inc. - Common Stock",NASDAQ,False,nasdaqtrader
EXYN,"Exyn Technologies, Inc. - Common Stock",NASDAQ,False,nasdaqtrader
EXYNW,"Exyn Technologies, Inc. - Warrant",NASDAQ,False,nasdaqtrader
EYE,"National Vision Holdings, Inc. - Common Stock",NASDAQ,False,nasdaqtrader
EYPT,"EyePoint, Inc. - Common Stock",NASDAQ,False,nasdaqtrader
EZGO,EZGO Technologies Ltd. - Ordinary Shares,NASDAQ,False,nasdaqtrader
EZPW,"EZCORP, Inc. - Class A Non-Voting Common Stock",NASDAQ,False,nasdaqtrader
EZRA,"Reliance Global Group, Inc. - Common Stock",NASDAQ,False,nasdaqtrader
F,Ford Motor Company Common Stock,N,False,nasdaqtrader
F-PB,"Ford Motor Company 6.20% Notes due June 1, 2059",N,False,nasdaqtrader
F-PC,"Ford Motor Company 6% Notes due December 1, 2059",N,False,nasdaqtrader
F-PD,"Ford Motor Company 6.500% Notes due August 15, 2062",N,False,nasdaqtrader
FA,First Advantage Corporation - Common Stock,NASDAQ,False,nasdaqtrader
FABC,"Fabric.AI, Inc. - Common Stock",NASDAQ,False,nasdaqtrader
FAC,Factorial Energy Inc. - Class A Common Stock,NASDAQ,False,nasdaqtrader
FACT,FACT II Acquisition Corp. - Class A Ordinary Shares,NASDAQ,False,nasdaqtrader
FACTU,FACT II Acquisition Corp. - Unit,NASDAQ,False,nasdaqtrader
FACTW,FACT II Acquisition Corp. - Warrant,NASDAQ,False,nasdaqtrader
FACWW,Factorial Energy Inc. - Warrant,NASDAQ,False,nasdaqtrader
FAF,First American Corporation (New) Common Stock,N,False,nasdaqtrader
FAMI,"Farmmi, Inc. - Class A Ordinary Shares",NASDAQ,False,nasdaqtrader
FANG,"Diamondback Energy, Inc. - Common Stock",NASDAQ,False,nasdaqtrader
FAST,Fastenal Company - Common Stock,NASDAQ,False,nasdaqtrader
FATE,"Fate Therapeutics, Inc. - Common Stock",NASDAQ,False,nasdaqtrader
FATN,"FatPipe, Inc. - common stock",NASDAQ,False,nasdaqtrader
FAX,"abrdn Asia-Pacific Income Fund, Inc. Common Stock",A,False,nasdaqtrader
FBGL,FBS Global Limited - Ordinary Shares,NASDAQ,False,nasdaqtrader
FBIN,"Fortune Brands Innovations, Inc. Common Stock",N,False,nasdaqtrader
FBIO,"Fortress Biotech, Inc. - Common Stock",NASDAQ,False,nasdaqtrader
FBIOP,"Fortress Biotech, Inc. - 9.375% Series A Cumulative Redeemable Perpetual Preferred Stock",NASDAQ,False,nasdaqtrader
FBIZ,"First Business Financial Services, Inc. - Common Stock",NASDAQ,False,nasdaqtrader
FBK,FB Financial Corporation Common Stock,N,False,nasdaqtrader
FBLA,"FB Bancorp, Inc. - Common Stock",NASDAQ,False,nasdaqtrader
FBLG,"FibroBiologics, Inc. - Common Stock",NASDAQ,False,nasdaqtrader
FBNC,First Bancorp - Common Stock,NASDAQ,False,nasdaqtrader
FBP,First BanCorp. New Common Stock,N,False,nasdaqtrader
FBRT,"Franklin BSP Realty Trust, Inc. Common Stock",N,False,nasdaqtrader
FBRT-PE,"Franklin BSP Realty Trust, Inc. 7.50% Series E Cumulative Redeemable Preferred Stock",N,False,nasdaqtrader
FBRX,"Forte Biosciences, Inc.  - Common Stock",NASDAQ,False,nasdaqtrader
FBYD,"Falcon's Beyond Global, Inc. - Class A Common Stock",NASDAQ,False,nasdaqtrader
FBYDP,"Falcon's Beyond Global, Inc. - 11% Series B Cumulative Convertible Preferred Stock",NASDAQ,False,nasdaqtrader
FBYDW,"Falcon's Beyond Global, Inc. - Warrants",NASDAQ,False,nasdaqtrader
FC,Franklin Covey Company Common Stock,N,False,nasdaqtrader
FCAP,"First Capital, Inc. - Common Stock",NASDAQ,False,nasdaqtrader
FCBC,"First Community Bankshares, Inc. - Common Stock",NASDAQ,False,nasdaqtrader
FCBM,"First Carolina Financial Services, Inc. Common Stock",N,False,nasdaqtrader
FCCO,First Community Corporation - Common Stock,NASDAQ,False,nasdaqtrader
FCEL,"FuelCell Energy, Inc. - Common Stock",NASDAQ,False,nasdaqtrader
FCF,First Commonwealth Financial Corporation Common Stock,N,False,nasdaqtrader
FCFS,"FirstCash Holdings, Inc. - Common Stock",NASDAQ,False,nasdaqtrader
FCHL,Fitness Champs Holdings Limited - Ordinary Shares,NASDAQ,False,nasdaqtrader
FCN,"FTI Consulting, Inc. Common Stock",N,False,nasdaqtrader
FCNCA,"First Citizens BancShares, Inc. - Class A Common Stock",NASDAQ,False,nasdaqtrader
FCNCN,"First Citizens BancShares, Inc. - Depositary Shares, each representing a 1/40th interest in a share of 6.625% Non-Cumulative Perpetual Preferred Stock, Series E",NASDAQ,False,nasdaqtrader
FCNCO,"First Citizens BancShares, Inc. - 5.625% Non-Cumulative Perpetual Preferred Stock, Series C",NASDAQ,False,nasdaqtrader
FCNCP,"First Citizens BancShares, Inc. - Depositary Shares Each Representing a 1/40th Interest in a Share of 5.375% Non-Cumulative Perpetual Preferred Stock, Series A",NASDAQ,False,nasdaqtrader
FCPT,"Four Corners Property Trust, Inc. Common Stock",N,False,nasdaqtrader
FCRS,FutureCrest Acquisition Corp. Class A Ordinary Shares,N,False,nasdaqtrader
FCRS-U,"FutureCrest Acquisition Corp. Units, each consisting of one Class A ordinary share and one-quarter of one redeemable warrant",N,False,nasdaqtrader
FCRS-W,"FutureCrest Acquisition Corp. Redeemable warrants, each whole warrant exercisable for one Class A ordinary share at an exercise price of $11.50",N,False,nasdaqtrader
FCT,First Trust Senior Floating Rate Income Fund II Common Shares of Beneficial Interest,N,False,nasdaqtrader
FCUV,Focus Universal Inc. - Common Stock,NASDAQ,False,nasdaqtrader
FCX,"Freeport-McMoRan, Inc. Common Stock",N,False,nasdaqtrader
FDBC,"Fidelity D & D Bancorp, Inc. - Common Stock",NASDAQ,False,nasdaqtrader
FDMM,Freedom Metals Acquisition Corp. - Class A Ordinary Shares,NASDAQ,False,nasdaqtrader
FDMMU,Freedom Metals Acquisition Corp. - Units,NASDAQ,False,nasdaqtrader
FDMMW,Freedom Metals Acquisition Corp. - Warrants,NASDAQ,False,nasdaqtrader
FDMT,"4D Molecular Therapeutics, Inc. - Common Stock",NASDAQ,False,nasdaqtrader
FDS,FactSet Research Systems Inc. Common Stock,N,False,nasdaqtrader
FDSB,"Fifth District Bancorp, Inc. - Common Stock",NASDAQ,False,nasdaqtrader
FDUS,Fidus Investment Corporation - Closed End Fund,NASDAQ,False,nasdaqtrader
FDX,FedEx Corporation Common Stock,N,False,nasdaqtrader
FDXF,"FedEx Freight Holding Company, Inc. Common Stock",N,False,nasdaqtrader
FE,FirstEnergy Corp. Common Stock,N,False,nasdaqtrader
FEAM,"5E Advanced Materials, Inc. - Common Stock",NASDAQ,False,nasdaqtrader
FEBO,Fenbo Holdings Limited - Class A Ordinary Shares,NASDAQ,False,nasdaqtrader
FEDU,"Four Seasons Education (Cayman) Inc. American Depositary Shares, each ADS representing 10 ordinary shares",N,False,nasdaqtrader
FEED,"ENvue Medical, Inc. - Common Stock",NASDAQ,False,nasdaqtrader
FEIM,"Frequency Electronics, Inc. - Common Stock",NASDAQ,False,nasdaqtrader
FELE,"Franklin Electric Co., Inc. - Common Stock",NASDAQ,False,nasdaqtrader
FEMY,Femasys Inc. - Common Stock,NASDAQ,False,nasdaqtrader
FENC,Fennec Pharmaceuticals Inc. - Common Stock,NASDAQ,False,nasdaqtrader
FENG,"Phoenix New Media Limited American Depositary Shares, each representing 48 Class A ordinary shares.",N,False,nasdaqtrader
FER,Ferrovial N.V. - Ordinary Shares,NASDAQ,False,nasdaqtrader
FERA,Fifth Era Acquisition Corp I - Class A Ordinary Shares,NASDAQ,False,nasdaqtrader
FERAR,Fifth Era Acquisition Corp I - Rights,NASDAQ,False,nasdaqtrader
FERAU,Fifth Era Acquisition Corp I - Units,NASDAQ,False,nasdaqtrader
FERG,Ferguson Enterprises Inc. Common Stock,N,False,nasdaqtrader
FET,"Forum Energy Technologies, Inc. Common Stock",N,False,nasdaqtrader
FF,FutureFuel Corp.  Common shares,N,False,nasdaqtrader
FFA,First Trust Enhanced Equity Income Fund Common Shares of Beneficial Interest,N,False,nasdaqtrader
FFAI,Faraday Future Intelligent Electric Inc. - Class A Common Stock,NASDAQ,False,nasdaqtrader
FFBC,First Financial Bancorp. - Common Stock,NASDAQ,False,nasdaqtrader
FFC,Flaherty & Crumrine Preferred and Income Securities Fund Incorporated,N,False,nasdaqtrader
FFIN,"First Financial Bankshares, Inc. - Common Stock",NASDAQ,False,nasdaqtrader
FFIV,"F5, Inc. - Common Stock",NASDAQ,False,nasdaqtrader
FG,"F&G Annuities & Life, Inc. Common Stock",N,False,nasdaqtrader
FGBI,"First Guaranty Bancshares, Inc. - Common Stock",NASDAQ,False,nasdaqtrader
FGBIP,"First Guaranty Bancshares, Inc. - 6.75% Series A Fixed-Rate Non-Cumulative Perpetual Preferred Stock",NASDAQ,False,nasdaqtrader
FGI,FGI Industries Ltd. - Ordinary Shares,NASDAQ,False,nasdaqtrader
FGII,FG Imperii Acquisition Corp. - Class A Ordinary Shares,NASDAQ,False,nasdaqtrader
FGIIU,FG Imperii Acquisition Corp. - Units,NASDAQ,False,nasdaqtrader
FGIIW,FG Imperii Acquisition Corp. - Warrants,NASDAQ,False,nasdaqtrader
FGIWW,FGI Industries Ltd. - warrant,NASDAQ,False,nasdaqtrader
FGL,Founder Group Limited - Class A Ordinary Shares,NASDAQ,False,nasdaqtrader
FGN,"F&G Annuities & Life, Inc. 7.950% Senior Notes due 2053",N,False,nasdaqtrader
FGNX,FG Nexus Inc. - Common Stock,NASDAQ,False,nasdaqtrader
FGNXP,FG Nexus Inc. - 8.00% Cumulative Series A Preferred Stock,NASDAQ,False,nasdaqtrader
FGSN,"F&G Annuities & Life, Inc. 7.300% Junior Subordinated Notes due 2065",N,False,nasdaqtrader
FHB,"First Hawaiian, Inc. - Common Stock",NASDAQ,False,nasdaqtrader
FHI,"Federated Hermes, Inc. Common Stock",N,False,nasdaqtrader
FHN,First Horizon Corporation Common Stock,N,False,nasdaqtrader
FHN-PE,"First Horizon Corporation Depositary Shares, each representing a 1/4,000th interest in a share of Non-Cumulative Perpetual Preferred Stock, Series E",N,False,nasdaqtrader
FHN-PF,"First Horizon Corporation Depositary Shares, each representing 1/4000th Interest in a Share of Non-Cumulative Perpetual Preferred Stock, Series F",N,False,nasdaqtrader
FHN-PH,"First Horizon Corporation Depositary Shares each representing a 1/4,000th interest in a share of Non-Cumulative Perpetual Preferred Stock, Series H",N,False,nasdaqtrader
FHTX,Foghorn Therapeutics Inc. - Common Stock,NASDAQ,False,nasdaqtrader
FIBK,"First Interstate BancSystem, Inc. - Common Stock",NASDAQ,False,nasdaqtrader
FICO,Fair Isaac Corporation Common Stock,N,False,nasdaqtrader
FIEE,"FiEE, Inc - Common Stock",NASDAQ,False,nasdaqtrader
FIG,"Figma, Inc. Class A Common Stock",N,False,nasdaqtrader
FIGR,"Figure Technology Solutions, Inc. - Class A Common Stock",NASDAQ,False,nasdaqtrader
FIGS,"FIGS, Inc. Class A Common Stock",N,False,nasdaqtrader
FIGX,FIGX Capital Acquisition Corp. - Class A ordinary share,NASDAQ,False,nasdaqtrader
FIGXU,FIGX Capital Acquisition Corp. - Units,NASDAQ,False,nasdaqtrader
FIGXW,FIGX Capital Acquisition Corp. - one-half of one redeemable warrant.,NASDAQ,False,nasdaqtrader
FINS,Angel Oak Financial Strategies Income Term Trust Common Shares of Beneficial Interest,N,False,nasdaqtrader
FINV,FinVolution Group American Depositary Shares,N,False,nasdaqtrader
FINW,FinWise Bancorp - Common Stock,NASDAQ,False,nasdaqtrader
FIP,FTAI Infrastructure Inc. - Common Stock,NASDAQ,False,nasdaqtrader
FIRY,Firy Inc. Class A Common Stock,N,False,nasdaqtrader
FIS,"Fidelity National Information Services, Inc. Common Stock",N,False,nasdaqtrader
FISI,"Financial Institutions, Inc. - Common Stock",NASDAQ,False,nasdaqtrader
FISK,"Empire State Realty OP, L.P. Series 250 Operating Partnership Units Representing Limited Partnership Interests",P,False,nasdaqtrader
FISN,"Deep Fission, Inc. - Common Stock",NASDAQ,False,nasdaqtrader
FISV,"Fiserv, Inc. - Common Stock",NASDAQ,False,nasdaqtrader
FITB,Fifth Third Bancorp Common Stock,N,False,nasdaqtrader
FITB-PA,"Fifth Third Bancorp Depositary Shares each representing 1/40th share of Fifth Third 6.00% Non-Cumulative Perpetual Class B Preferred Stock, Series A",N,False,nasdaqtrader
FITB-PI,Fifth Third Bancorp Depositary Share repstg 1/1000th Ownership Interest Perp Pfd Series I,N,False,nasdaqtrader
FITB-PK,"Fifth Third Bancorp Depositary Shares each representing a 1/1000th ownership interest in a share of Non-Cumulative Perpetual Preferred Stock, Series K",N,False,nasdaqtrader
FITB-PM,"Fifth Third Bancorp Depositary Shares Representing a 1/40th Ownership Interest in a Share of 6.875% Fixed-Rate Reset Non-Cumulative Perpetual Preferred Stock, Series M",N,False,nasdaqtrader
FIVE,"Five Below, Inc. - Common Stock",NASDAQ,False,nasdaqtrader
FIVN,"Five9, Inc. - Common Stock",NASDAQ,False,nasdaqtrader
FIX,"Comfort Systems USA, Inc. Common Stock",N,False,nasdaqtrader
FIZZ,National Beverage Corp. - Common Stock,NASDAQ,False,nasdaqtrader
FJDIU,ARC Group Securities Acquisition I - Units,NASDAQ,False,nasdaqtrader
FJET,"Starfighters Space, Inc. Common Stock",A,False,nasdaqtrader
FKWL,Franklin Wireless Corp. - common stock,NASDAQ,False,nasdaqtrader
FLC,Flaherty & Crumrine Total Return Fund Inc Common Stock,N,False,nasdaqtrader
FLD,"Fold Holdings, Inc. - Class A Common Stock",NASDAQ,False,nasdaqtrader
FLDDW,"Fold Holdings, Inc. - Warrant",NASDAQ,False,nasdaqtrader
FLEX,Flex Ltd. - Ordinary Shares,NASDAQ,False,nasdaqtrader
FLG,"Flagstar Bank, N.A. Common Stock",N,False,nasdaqtrader
FLG-PA,"Flagstar Bank, N.A. Depositary shares, each representing a 1/40th interest in a share of Fixed-to-Floating Rate Series A Noncumulative Perpetual Preferred Stock",N,False,nasdaqtrader
FLG-PU,"Flagstar Bank, N.A. Bifurcated Option Note Unit SecuritiES",N,False,nasdaqtrader
FLGT,"Fulgent Genetics, Inc. - Common Stock",NASDAQ,False,nasdaqtrader
FLL,"Full House Resorts, Inc. - Common Stock",NASDAQ,False,nasdaqtrader
FLNA,"Filana Therapeutics, Inc. - Common Stock",NASDAQ,False,nasdaqtrader
FLNC,"Fluence Energy, Inc. - Class A Common Stock",NASDAQ,False,nasdaqtrader
FLNG,FLEX LNG Ltd. Ordinary Shares,N,False,nasdaqtrader
FLNT,"Fluent, Inc. - Common Stock",NASDAQ,False,nasdaqtrader
FLO,"Flowers Foods, Inc. Common Stock",N,False,nasdaqtrader
FLOC,Flowco Holdings Inc. Class A Common Stock,N,False,nasdaqtrader
FLR,Fluor Corporation Common Stock,N,False,nasdaqtrader
FLS,Flowserve Corporation Common Stock,N,False,nasdaqtrader
FLUT,Flutter Entertainment plc Ordinary Shares,N,False,nasdaqtrader
FLUX,"Flux Power Holdings, Inc. - Common Stock",NASDAQ,False,nasdaqtrader
FLWS,"1-800-FLOWERS.COM, Inc. - Class A Common Stock",NASDAQ,False,nasdaqtrader
FLX,BingEx Limited - American Depositary Shares,NASDAQ,False,nasdaqtrader
FLXS,"Flexsteel Industries, Inc. - Common Stock",NASDAQ,False,nasdaqtrader
FLY,Firefly Aerospace Inc. - Common Stock,NASDAQ,False,nasdaqtrader
FLYE,"Fly-E Group, Inc. - Common Stock",NASDAQ,False,nasdaqtrader
FLYW,Flywire Corporation - Voting Common Stock,NASDAQ,False,nasdaqtrader
FLYX,"flyExclusive, Inc. Class A Common Stock",A,False,nasdaqtrader
FLYX-W,"flyExclusive, Inc. Redeemable warrants, each whole warrant exercisable for one Class A common stock at an exercise price of $11.50 per share",A,False,nasdaqtrader
FLZH,"Flash Sports & Media Holdings, Inc. - Common Stock",NASDAQ,False,nasdaqtrader
FMAC,Future Money Acquisition Corporation - Ordinary Shares,NASDAQ,False,nasdaqtrader
FMACR,Future Money Acquisition Corporation - Rights,NASDAQ,False,nasdaqtrader
FMACU,Future Money Acquisition Corporation - Units,NASDAQ,False,nasdaqtrader
FMAO,"Farmers & Merchants Bancorp, Inc. - Common Stock",NASDAQ,False,nasdaqtrader
FMBH,"First Mid Bancshares, Inc. - Common Stock",NASDAQ,False,nasdaqtrader
FMC,FMC Corporation Common Stock,N,False,nasdaqtrader
FMFC,Kandal M Venture Limited - Class A ordinary Shares,NASDAQ,False,nasdaqtrader
FMN,Federated Hermes Premier Municipal Income Fund,N,False,nasdaqtrader
FMNB,Farmers National Banc Corp. - Common Stock,NASDAQ,False,nasdaqtrader
FMS,Fresenius Medical Care AG American Depositary Shares (Each representing 1/2 of an Ordinary Share),N,False,nasdaqtrader
FMST,Foremost Clean Energy Ltd. - Common Shares,NASDAQ,False,nasdaqtrader
FMSTW,Foremost Clean Energy Ltd. - Warrant,NASDAQ,False,nasdaqtrader
FMX,Fomento Economico Mexicano S.A.B. de C.V. Common Stock,N,False,nasdaqtrader
FMY,First Trust Mortgage Income Fund Common Shares of Beneficial Interest,N,False,nasdaqtrader
FN,Fabrinet Ordinary Shares,N,False,nasdaqtrader
FNB,F.N.B. Corporation Common Stock,N,False,nasdaqtrader
FND,"Floor & Decor Holdings, Inc. Common Stock",N,False,nasdaqtrader
FNF,"Fidelity National Financial, Inc. Common Stock",N,False,nasdaqtrader
FNGD,"MicroSectors FANG  Index -3X Inverse Leveraged ETNs due January 8, 2038",P,False,nasdaqtrader
FNGO,"MicroSectors FANG  Index 2X Leveraged ETNs due January 8, 2038",P,False,nasdaqtrader
FNGR,"FingerMotion, Inc. - common stock",NASDAQ,False,nasdaqtrader
FNKO,"Funko, Inc. - Class A Common Stock",NASDAQ,False,nasdaqtrader
FNLC,"First Bancorp, Inc (ME) - Common Stock",NASDAQ,False,nasdaqtrader
FNRN,First Northern Community Bancorp - Common stock,NASDAQ,False,nasdaqtrader
FNUC,Frontier Nuclear and Minerals Inc. - Common Shares,NASDAQ,False,nasdaqtrader
FNV,Franco-Nevada Corporation,N,False,nasdaqtrader
FNWB,First Northwest Bancorp - Common Stock,NASDAQ,False,nasdaqtrader
FNWD,Finward Bancorp - common stock,NASDAQ,False,nasdaqtrader
FOA,Finance of America Companies Inc. Class A Common Stock,N,False,nasdaqtrader
FOCL,"EDAP TMS S.A. - American Depositary Shares, each representing One Ordinary Share",NASDAQ,False,nasdaqtrader
FOF,"Cohen & Steers Closed-End Opportunity Fund, Inc. Common Stock",N,False,nasdaqtrader
FOFO,"Hang Feng Technology Innovation Co., Ltd. - Ordinary Shares",NASDAQ,False,nasdaqtrader
FOR,Forestar Group Inc Common Stock,N,False,nasdaqtrader
FORM,"FormFactor, Inc. - Common Stock",NASDAQ,False,nasdaqtrader
FORR,"Forrester Research, Inc. - Common Stock",NASDAQ,False,nasdaqtrader
FORTY,Formula Systems (1985) Ltd. - American Depositary Shares,NASDAQ,False,nasdaqtrader
FOSL,"Fossil Group, Inc. - Common Stock",NASDAQ,False,nasdaqtrader
FOUR,"Shift4 Payments, Inc. Class A Common Stock",N,False,nasdaqtrader
FOUR-PA,"Shift4 Payments, Inc. 6.00% Series A Mandatory Convertible Preferred Stock",N,False,nasdaqtrader
FOX,Fox Corporation - Class B Common Stock,NASDAQ,False,nasdaqtrader
FOXA,Fox Corporation - Class A Common Stock,NASDAQ,False,nasdaqtrader
FOXF,Fox Factory Holding Corp. - Common Stock,NASDAQ,False,nasdaqtrader
FOXX,Foxx Development Holdings Inc. - Common Stock,NASDAQ,False,nasdaqtrader
FOXXW,Foxx Development Holdings Inc. - Warrant,NASDAQ,False,nasdaqtrader
FPF,First Trust Intermediate Duration Preferred & Income Fund Common Shares of Beneficial Interest,N,False,nasdaqtrader
FPH,"Five Point Holdings, LLC Class A Common Shares",N,False,nasdaqtrader
FPI,Farmland Partners Inc. Common Stock,N,False,nasdaqtrader
FPS,"Forgent Power Solutions, Inc. Class A Common Stock",N,False,nasdaqtrader
FR,"First Industrial Realty Trust, Inc. Common Stock",N,False,nasdaqtrader
FRA,Blackrock Floating Rate Income Strategies Fund Inc  Common Stock,N,False,nasdaqtrader
FRAF,Franklin Financial Services Corporation - Common Stock,NASDAQ,False,nasdaqtrader
FRBA,First Bank  - Common Stock,NASDAQ,False,nasdaqtrader
FRBT,"Forbright, Inc. - Class A Common Stock",NASDAQ,False,nasdaqtrader
FRD,Friedman Industries Inc. - Common Stock,NASDAQ,False,nasdaqtrader
FRGT,"Freight Technologies, Inc. - Ordinary Shares",NASDAQ,False,nasdaqtrader
FRHC,Freedom Holding Corp. - Common Stock,NASDAQ,False,nasdaqtrader
FRME,First Merchants Corporation - Common Stock,NASDAQ,False,nasdaqtrader
FRMEP,"First Merchants Corporation - Depository Shares, each representing a 1/100th interest in a share of 7.50% Non-Cumulative Perpetual Preferred Stock, A",NASDAQ,False,nasdaqtrader
FRMI,Fermi Inc. - Common Stock,NASDAQ,False,nasdaqtrader
FRMM,"Forum Markets, Incorporated - Common Stock",NASDAQ,False,nasdaqtrader
FRNM,"Freenome, Inc. - Common stock",NASDAQ,False,nasdaqtrader
FRO,Frontline Plc Ordinary Shares,N,False,nasdaqtrader
FROG,JFrog Ltd. - Ordinary shares,NASDAQ,False,nasdaqtrader
FRPH,"FRP Holdings, Inc. - Common Stock",NASDAQ,False,nasdaqtrader
FRPT,"Freshpet, Inc. - Common Stock",NASDAQ,False,nasdaqtrader
FRSH,Freshworks Inc. - Class A Common Stock,NASDAQ,False,nasdaqtrader
FRST,Primis Financial Corp. - Common Stock,NASDAQ,False,nasdaqtrader
FRSX,Foresight Autonomous Holdings Ltd. - American Depositary Shares,NASDAQ,False,nasdaqtrader
FRT,Federal Realty Investment Trust Common Stock,N,False,nasdaqtrader
FRT-PC,"Federal Realty Investment Trust Depositary Shares, each representing a 1/1000th interest in a 5.000% Series C Cumulative Redeemable Preferred Share",N,False,nasdaqtrader
FRTT,Fort Technology Inc. - Common Shares,NASDAQ,False,nasdaqtrader
FRVO,Fervo Energy Company - Class A common stock,NASDAQ,False,nasdaqtrader
FSBC,Five Star Bancorp - Common Stock,NASDAQ,False,nasdaqtrader
FSBW,"FS Bancorp, Inc. - Common Stock",NASDAQ,False,nasdaqtrader
FSCO,FS Credit Opportunities Corp. Common Stock,N,False,nasdaqtrader
FSEA,"First Seacoast Bancorp, Inc. - Common Stock",NASDAQ,False,nasdaqtrader
FSHP,Flag Ship Acquisition Corp. - Ordinary Shares,NASDAQ,False,nasdaqtrader
FSHPR,Flag Ship Acquisition Corp. - Right,NASDAQ,False,nasdaqtrader
FSHPU,Flag Ship Acquisition Corp. - Unit,NASDAQ,False,nasdaqtrader
FSI,Flexible Solutions International Inc. Common Stock (CDA),A,False,nasdaqtrader
FSK,FS KKR Capital Corp. Common Stock,N,False,nasdaqtrader
FSLR,"First Solar, Inc. - Common Stock",NASDAQ,False,nasdaqtrader
FSLY,"Fastly, Inc. - Class A Common Stock",NASDAQ,False,nasdaqtrader
FSM,Fortuna Mining Corp. Common Shares,N,False,nasdaqtrader
FSP,Franklin Street Properties Corp. Common Stock,A,False,nasdaqtrader
FSS,Federal Signal Corporation Common Stock,N,False,nasdaqtrader
FSSL,FS Specialty Lending Fund Common Shares of Beneficial Interest,N,False,nasdaqtrader
FSTR,L.B. Foster Company - Common Stock,NASDAQ,False,nasdaqtrader
FSUN,FirstSun Capital Bancorp - Common Stock,NASDAQ,False,nasdaqtrader
FSV,FirstService Corporation - Common Shares,NASDAQ,False,nasdaqtrader
FT,Franklin Universal Trust Common Stock,N,False,nasdaqtrader
FTAI,FTAI Aviation Ltd. - Common Stock,NASDAQ,False,nasdaqtrader
FTAIM,FTAI Aviation Ltd. - 9.500% Fixed-Rate Reset Series D Cumulative Perpetual Redeemable Preferred Shares,NASDAQ,False,nasdaqtrader
FTCI,"FTC Solar, Inc. - Common Stock",NASDAQ,False,nasdaqtrader
FTDR,"Frontdoor, Inc. - Common Stock",NASDAQ,False,nasdaqtrader
FTEK,"Fuel Tech, Inc. - Common Stock",NASDAQ,False,nasdaqtrader
FTF,Franklin Limited Duration Income Trust Common Shares of Beneficial Interest,A,False,nasdaqtrader
FTFT,Future FinTech Group Inc. - Common Stock,NASDAQ,False,nasdaqtrader
FTH,"Faeth Therapeutics, Inc.  - Common Stock",NASDAQ,False,nasdaqtrader
FTHA,Forefront Tech Holdings Acquisition Corp - Class A Ordinary Shares,NASDAQ,False,nasdaqtrader
FTHAU,Forefront Tech Holdings Acquisition Corp - Unit,NASDAQ,False,nasdaqtrader
FTHAW,Forefront Tech Holdings Acquisition Corp - Warrant,NASDAQ,False,nasdaqtrader
FTHM,Fathom Holdings Inc. - Common Stock,NASDAQ,False,nasdaqtrader
FTHY,First Trust High Yield Opportunities 2027 Term Fund Common Stock,N,False,nasdaqtrader
FTI,TechnipFMC plc Ordinary Share,N,False,nasdaqtrader
FTK,"Flotek Industries, Inc. Common Stock",N,False,nasdaqtrader
FTLF,"FitLife Brands, Inc. - Common Stock",NASDAQ,False,nasdaqtrader
FTNT,"Fortinet, Inc. - Common Stock",NASDAQ,False,nasdaqtrader
FTRA,FutureCorp Space Acquisition 1 Class A Ordinary Shares,N,False,nasdaqtrader
FTRA-U,"FutureCorp Space Acquisition 1 Units, each consisting of one Class A ordinary share and one-half of one redeemable warrant",N,False,nasdaqtrader
FTRA-W,"FutureCorp Space Acquisition 1 Redeemable warrants, each whole warrant exercisable for one Class A ordinary share at an exercise price of $11.50",N,False,nasdaqtrader
FTRE,Fortrea Holdings Inc. - Common Stock,NASDAQ,False,nasdaqtrader
FTRK,FAST TRACK GROUP - Ordinary shares,NASDAQ,False,nasdaqtrader
FTS,Fortis Inc. Common Shares,N,False,nasdaqtrader
FTV,Fortive Corporation Common Stock,N,False,nasdaqtrader
FTW,Presidio Production Company Class A Common Stock,N,False,nasdaqtrader
FTW-W,"Presidio Production Company Warrants, each whole warrant exercisable for one share of Class A common stock at an exercise price of $11.50 per share",N,False,nasdaqtrader
FUBO,FuboTV Inc. Class A Common Stock,N,False,nasdaqtrader
FUFU,BitFuFu Inc. - Class A Ordinary Shares,NASDAQ,False,nasdaqtrader
FUFUW,BitFuFu Inc. - Warrant,NASDAQ,False,nasdaqtrader
FUL,H. B. Fuller Company Common Stock,N,False,nasdaqtrader
FULC,"Fulcrum Therapeutics, Inc. - Common Stock",NASDAQ,False,nasdaqtrader
FULT,Fulton Financial Corporation - Common Stock,NASDAQ,False,nasdaqtrader
FULTP,"Fulton Financial Corporation - Depositary Shares Each Representing a 1/40th Interest in a Share of Fixed Rate Non-Cumulative Perpetual Preferred Stock, Series A",NASDAQ,False,nasdaqtrader
FUN,Six Flags Entertainment Corporation Common Stock New,N,False,nasdaqtrader
FUNC,First United Corporation - Common Stock,NASDAQ,False,nasdaqtrader
FUND,"Sprott Focus Trust, Inc. - Closed End Fund",NASDAQ,False,nasdaqtrader
FURY,Fury Gold Mines Limited Common Shares,A,False,nasdaqtrader
FUSB,"First US Bancshares, Inc. - Common Stock",NASDAQ,False,nasdaqtrader
FUSE,Fusemachines Inc. - Common stock,NASDAQ,False,nasdaqtrader
FUSEW,Fusemachines Inc. - Warrants,NASDAQ,False,nasdaqtrader
FUTU,Futu Holdings Limited - American Depositary Shares,NASDAQ,False,nasdaqtrader
FVAV,Fortress Value Acquisition Corp. V - Class A Ordinary Shares,NASDAQ,False,nasdaqtrader
FVCB,"FVCBankcorp, Inc. - Common Stock",NASDAQ,False,nasdaqtrader
FVN,Future Vision II Acquisition Corporation - Ordinary Shares,NASDAQ,False,nasdaqtrader
FVNNR,Future Vision II Acquisition Corporation - Right,NASDAQ,False,nasdaqtrader
FVNNU,Future Vision II Acquisition Corporation - Units,NASDAQ,False,nasdaqtrader
FVR,"FrontView REIT, Inc. Common Stock",N,False,nasdaqtrader
FVRR,"Fiverr International Ltd. Ordinary Shares, no par value",N,False,nasdaqtrader
FWAC,Futurewave Acquisition Corporation - Ordinary Shares,NASDAQ,False,nasdaqtrader
FWACR,Futurewave Acquisition Corporation - Rights,NASDAQ,False,nasdaqtrader
FWACU,Futurewave Acquisition Corporation - Units,NASDAQ,False,nasdaqtrader
FWACW,Futurewave Acquisition Corporation - Warrants,NASDAQ,False,nasdaqtrader
FWDI,"Forward Industries, Inc. - Common Stock",NASDAQ,False,nasdaqtrader
FWONA,Liberty Media Corporation - Series A Liberty Formula One Common Stock,NASDAQ,False,nasdaqtrader
FWONK,Liberty Media Corporation - Series C Liberty Formula One Common Stock,NASDAQ,False,nasdaqtrader
FWRD,Forward Air Corporation - Common Stock,NASDAQ,False,nasdaqtrader
FWRG,"First Watch Restaurant Group, Inc. - Common Stock",NASDAQ,False,nasdaqtrader
FXAC,FortuneX Acquisition Corporation - Ordinary shares,NASDAQ,False,nasdaqtrader
FXACU,FortuneX Acquisition Corporation - Units,NASDAQ,False,nasdaqtrader
FXACW,FortuneX Acquisition Corporation - Warrant,NASDAQ,False,nasdaqtrader
FXHO,UTime Limited - Class A Ordinary Shares,NASDAQ,False,nasdaqtrader
FXNC,First National Corporation - Common Stock,NASDAQ,False,nasdaqtrader
G,Genpact Limited Common Stock,N,False,nasdaqtrader
GAB,"Gabelli Equity Trust, Inc. (The) Common Stock",N,False,nasdaqtrader
GAB-PG,"Gabelli Equity Trust, Inc. (The) Series G Cumulative Preferred Stock",N,False,nasdaqtrader
GAB-PH,"Gabelli Equity Trust, Inc. (The) Pfd Ser H",N,False,nasdaqtrader
GAB-PK,"Gabelli Equity Trust, Inc. (The) 5.00% Series K Cumulative Preferred Stock",N,False,nasdaqtrader
GABC,"German American Bancorp, Inc. - Common Stock",NASDAQ,False,nasdaqtrader
GAIA,"Gaia, Inc. - Class A Common Stock",NASDAQ,False,nasdaqtrader
GAIN,Gladstone Investment Corporation - Business Development Company,NASDAQ,False,nasdaqtrader
GAING,Gladstone Investment Corporation - 7.125% Notes due 2031,NASDAQ,False,nasdaqtrader
GAINI,Gladstone Investment Corporation - 7.875% Notes due 2030,NASDAQ,False,nasdaqtrader
GAINZ,Gladstone Investment Corporation - 4.875% Notes due 2028,NASDAQ,False,nasdaqtrader
GALT,Galectin Therapeutics Inc. - Common Stock,NASDAQ,False,nasdaqtrader
GAM,"General American Investors, Inc. Common Stock",N,False,nasdaqtrader
GAM-PB,"General American Investors Company, Inc. Cumulative Preferred Stock",N,False,nasdaqtrader
GAME,"GameSquare Holdings, Inc. - Common stock",NASDAQ,False,nasdaqtrader
GANX,"Gain Therapeutics, Inc. - Common Stock",NASDAQ,False,nasdaqtrader
GAP,"Gap, Inc. (The) Common Stock",N,False,nasdaqtrader
GASS,"StealthGas, Inc. - common stock",NASDAQ,False,nasdaqtrader
GATX,GATX Corporation Common Stock,N,False,nasdaqtrader
GAU,Galiano Gold Inc.,A,False,nasdaqtrader
GAUZ,Gauzy Ltd. - Ordinary Shares,NASDAQ,False,nasdaqtrader
GBAB,Guggenheim Taxable Municipal Bond & Investment Grade Debt Trust Common Shares of Beneficial Interest,N,False,nasdaqtrader
GBCI,"Glacier Bancorp, Inc. Common Stock",N,False,nasdaqtrader
GBDC,"Golub Capital BDC, Inc. - Closed End Fund",NASDAQ,False,nasdaqtrader
GBFH,GBank Financial Holdings Inc. - Common Stock,NASDAQ,False,nasdaqtrader
GBLI,"Global Indemnity Group, LLC - Class A Common Shares",NASDAQ,False,nasdaqtrader
GBR,"New Concept Energy, Inc Common Stock",A,False,nasdaqtrader
GBTG,"Global Business Travel Group, Inc. Class A Common Stock",N,False,nasdaqtrader
GBX,"Greenbrier Companies, Inc. (The) Common Stock",N,False,nasdaqtrader
GCBC,"Greene County Bancorp, Inc. - Common Stock",NASDAQ,False,nasdaqtrader
GCDT,Green Circle Decarbonize Technology Limited Ordinary Shares,A,False,nasdaqtrader
GCGR,General Catalyst Global Resilience Merger Corp. - Class A Ordinary Shares,NASDAQ,False,nasdaqtrader
GCGRU,General Catalyst Global Resilience Merger Corp. - Units,NASDAQ,False,nasdaqtrader
GCGRW,General Catalyst Global Resilience Merger Corp. - Warrants,NASDAQ,False,nasdaqtrader
GCL,GCL Global Holdings Ltd - Ordinary Shares,NASDAQ,False,nasdaqtrader
GCLWW,GCL Global Holdings Ltd - Warrants,NASDAQ,False,nasdaqtrader
GCMG,GCM Grosvenor Inc. - Class A Common Stock,NASDAQ,False,nasdaqtrader
GCO,Genesco Inc. Common Stock,N,False,nasdaqtrader
GCT,GigaCloud Technology Inc - Class A Ordinary Shares,NASDAQ,False,nasdaqtrader
GCTK,"GlucoTrack, Inc. - Common Stock",NASDAQ,False,nasdaqtrader
GCTS,"GCT Semiconductor Holding, Inc. Common Stock",N,False,nasdaqtrader
GCTS-W,"GCT Semiconductor Holding, Inc. Warrants, each whole warrant exercisable for one share of Common Stock at an exercise price of $11.50",N,False,nasdaqtrader
GCV,"Gabelli Convertible and Income Securities Fund, Inc. (The) Common Stock",N,False,nasdaqtrader
GD,General Dynamics Corporation Common Stock,N,False,nasdaqtrader
GDC,GD Culture Group Limited - Common Stock,NASDAQ,False,nasdaqtrader
GDDY,GoDaddy Inc. Class A Common Stock,N,False,nasdaqtrader
GDEV,GDEV Inc. - Ordinary Shares,NASDAQ,False,nasdaqtrader
GDEVW,GDEV Inc. - Warrant,NASDAQ,False,nasdaqtrader
GDHG,Golden Heaven Group Holdings Ltd.  - Class A Ordinary Shares,NASDAQ,False,nasdaqtrader
GDL,"GDL Fund, The Common Shares of Beneficial Interest",N,False,nasdaqtrader
GDO,Western Asset Global Corporate Opportunity Fund Inc. Common Stock,N,False,nasdaqtrader
GDOT,"Green Dot Corporation Class A Common Stock, $0.001 par value",N,False,nasdaqtrader
GDRX,"GoodRx Holdings, Inc. - Class A Common Stock",NASDAQ,False,nasdaqtrader
GDS,GDS Holdings Limited - American Depositary Shares,NASDAQ,False,nasdaqtrader
GDTC,CytoMed Therapeutics Limited - Ordinary Shares,NASDAQ,False,nasdaqtrader
GDV,Gabelli Dividend & Income Trust Common Shares of Beneficial Interest,N,False,nasdaqtrader
GDV-PH,The Gabelli Dividend & Income Trust 5.375% Series H Cumulative Preferred Shares,N,False,nasdaqtrader
GDV-PK,The Gabelli Dividend & Income Trust 4.250% Series K Cumulative Preferred Shares,N,False,nasdaqtrader
GDYN,"Grid Dynamics Holdings, Inc. - Class A Common Stock",NASDAQ,False,nasdaqtrader
GE,GE Aerospace Common Stock,N,False,nasdaqtrader
GECC,Great Elm Capital Corp. - Closed End Fund,NASDAQ,False,nasdaqtrader
GECCG,Great Elm Capital Corp. - 7.75% Notes Due 2030,NASDAQ,False,nasdaqtrader
GECCH,Great Elm Capital Corp. - 8.125% Notes Due 2029,NASDAQ,False,nasdaqtrader
GECCI,Great Elm Capital Corp. - 8.50% NOTES DUE 2029,NASDAQ,False,nasdaqtrader
GEF,Greif Inc. Class A Common Stock,N,False,nasdaqtrader
GEF-B,"Greif, Inc. Corporation Class B Common Stock",N,False,nasdaqtrader
GEG,"Great Elm Group, Inc.  - Common Stock",NASDAQ,False,nasdaqtrader
GEGGL,"Great Elm Group, Inc.  - 7.25% Notes due 2027",NASDAQ,False,nasdaqtrader
GEHC,GE HealthCare Technologies Inc. - Common Stock,NASDAQ,False,nasdaqtrader
GEL,"Genesis Energy, L.P. Common Units",N,False,nasdaqtrader
GELS,Gelteq Limited - Ordinary Shares,NASDAQ,False,nasdaqtrader
GEMI,"Gemini Space Station, Inc. - Class A Common Stock",NASDAQ,False,nasdaqtrader
GEN,Gen Digital Inc. - Common Stock,NASDAQ,False,nasdaqtrader
GENB,"Generate Biomedicines, Inc. - Common Stock",NASDAQ,False,nasdaqtrader
GENC,"Gencor Industries, Inc. Common Stock",A,False,nasdaqtrader
GENI,Genius Sports Limited Ordinary Shares,N,False,nasdaqtrader
GENK,"GEN Restaurant Group, Inc. - Class A Common Stock",NASDAQ,False,nasdaqtrader
GENVR,Gen Digital Inc. - Contingent Value Rights,NASDAQ,False,nasdaqtrader
GEO,Geo Group Inc (The) REIT,N,False,nasdaqtrader
GEOS,Geospace Technologies Corporation - Common Stock,NASDAQ,False,nasdaqtrader
GERN,Geron Corporation - Common Stock,NASDAQ,False,nasdaqtrader
GETY,"Getty Images Holdings, Inc. Class A Common Stock",N,False,nasdaqtrader
GEV,GE Vernova Inc. Common Stock,N,False,nasdaqtrader
GEVO,"Gevo, Inc. - Common Stock",NASDAQ,False,nasdaqtrader
GF,"New Germany Fund, Inc. (The) Common Stock",N,False,nasdaqtrader
GFAI,"Guardforce AI Co., Limited - Ordinary Shares",NASDAQ,False,nasdaqtrader
GFAIW,"Guardforce AI Co., Limited - Warrant",NASDAQ,False,nasdaqtrader
GFF,Griffon Corporation Common Stock,N,False,nasdaqtrader
GFI,Gold Fields Limited American Depositary Shares,N,False,nasdaqtrader
GFL,"GFL Environmental Inc. Subordinate voting shares, no par value",N,False,nasdaqtrader
GFR,Greenfire Resources Ltd. Common Shares,N,False,nasdaqtrader
GFS,GlobalFoundries Inc. - Ordinary Share,NASDAQ,False,nasdaqtrader
GFUZ,General Fusion Group Ltd. - Common Shares,NASDAQ,False,nasdaqtrader
GFUZW,General Fusion Group Ltd. - Warrant,NASDAQ,False,nasdaqtrader
GGAL,"Grupo Financiero Galicia S.A. - American Depositary Shares, Class B Shares underlying",NASDAQ,False,nasdaqtrader
GGB,Gerdau S.A. Common Stock,N,False,nasdaqtrader
GGG,Graco Inc. Common Stock,N,False,nasdaqtrader
GGN,"GAMCO Global Gold, Natural Resources & Income Trust",A,False,nasdaqtrader
GGN-PB,"GAMCO Global Gold, Natural Reources & Income Trust 5.00% Series B Cumulative 25.00 Liquidation Preference",A,False,nasdaqtrader
GGR,Gogoro Inc. - Ordinary Shares,NASDAQ,False,nasdaqtrader
GGROW,Gogoro Inc. - Warrant,NASDAQ,False,nasdaqtrader
GGRP,"The Glimpse Group, Inc. - Common Stock",NASDAQ,False,nasdaqtrader
GGT,"Gabelli Multi-Media Trust, Inc. (The) Common Stock",N,False,nasdaqtrader
GGT-PE,Gabelli Multi-Media Trust Inc. (The) 5.125% Series E Cumulative Preferred Stock,N,False,nasdaqtrader
GGT-PG,Gabelli Multi-Media Trust Inc. (The) 5.125% Series G Cumulative Preferred Shares,N,False,nasdaqtrader
GGZ,Gabelli Global Small and Mid Cap Value Trust (The) Common Shares of Beneficial Interest,N,False,nasdaqtrader
GH,"Guardant Health, Inc. - Common Stock",NASDAQ,False,nasdaqtrader
GHC,Graham Holdings Company Common Stock,N,False,nasdaqtrader
GHG,"GreenTree Hospitality Group Ltd. American depositary shares, each representing one Class A ordinary share",N,False,nasdaqtrader
GHI,Greystone Housing Impact Investors LP Beneficial Unit Certificates representing assignments of limited partnership interests,N,False,nasdaqtrader
GHM,Graham Corporation Common Stock,N,False,nasdaqtrader
GHRS,GH Research PLC - Ordinary Shares,NASDAQ,False,nasdaqtrader
GHXIU,"Gores Holdings XI, Inc. - Units",NASDAQ,False,nasdaqtrader
GHY,"PGIM Global High Yield Fund, Inc.",N,False,nasdaqtrader
GIB,CGI Inc. Common Stock,N,False,nasdaqtrader
GIBO,GIBO Holdings Limited - Class A Ordinary Shares,NASDAQ,False,nasdaqtrader
GIBOW,GIBO Holdings Limited - Warrants,NASDAQ,False,nasdaqtrader
GIC,Global Industrial Company Common Stock,N,False,nasdaqtrader
GIFT,"Giftify, Inc. - Common Stock",NASDAQ,False,nasdaqtrader
GIGM,GigaMedia Limited - Ordinary Shares,NASDAQ,False,nasdaqtrader
GIII,"G-III Apparel Group, LTD. - Common Stock",NASDAQ,False,nasdaqtrader
GIL,"Gildan Activewear, Inc. Class A Sub. Vot. Common Stock",N,False,nasdaqtrader
GILD,"Gilead Sciences, Inc. - Common Stock",NASDAQ,False,nasdaqtrader
GILT,Gilat Satellite Networks Ltd. - Ordinary Shares,NASDAQ,False,nasdaqtrader
GIPR,Generation Income Properties Inc. - Common stock,NASDAQ,False,nasdaqtrader
GIPRW,Generation Income Properties Inc. - Warrant,NASDAQ,False,nasdaqtrader
GIS,"General Mills, Inc. Common Stock",N,False,nasdaqtrader
GITS,"Global Interactive Technologies, Inc. Common Stock - Common Stock",NASDAQ,False,nasdaqtrader
GIW,GigCapital8 Corp. - Class A Ordinary Shares,NASDAQ,False,nasdaqtrader
GIWWR,GigCapital8 Corp. - Rights,NASDAQ,False,nasdaqtrader
GIWWU,GigCapital8 Corp. - Units,NASDAQ,False,nasdaqtrader
GIX,GigCapital9 Corp. - Class A Ordinary Share,NASDAQ,False,nasdaqtrader
GIXXR,GigCapital9 Corp. - Rights,NASDAQ,False,nasdaqtrader
GIXXU,GigCapital9 Corp. - Units,NASDAQ,False,nasdaqtrader
GJH,Synthetic Fixed-Income Securities Inc 6.375% (STRATS) Cl A-1,N,False,nasdaqtrader
GJO,"Synthetic Fixed-Income Securities, Inc. on behalf of STRATS(SM) Trust for Wal-Mart Stores, Inc. Securities, Series 2004-5",N,False,nasdaqtrader
GJP,"Synthetic Fixed-Income Securities, Inc. on behalf of STRATS (SM) Trust for Dominion Resources, Inc. Securities, Series 2005-6, Floating Rate Structured Repackaged Asset-Backed Trust Securities (STRATS) Certificates",N,False,nasdaqtrader
GJR,"Synthetic Fixed-Income Securities, Inc. STRATS Trust for Procter&Gamble Securities, Series 2006-1",N,False,nasdaqtrader
GJS,"Goldman Sachs Group Securities STRATS Trust for Goldman Sachs Group Securities, Series 2006-2",N,False,nasdaqtrader
GJT,"Synthetic Fixed-Income Securities, Inc. Floating Rate Structured Repackaged Asset-Backed Trust Securities Certificates, Series 2006-3",N,False,nasdaqtrader
GKOS,Glaukos Corporation Common Stock,N,False,nasdaqtrader
GL,Globe Life Inc. Common Stock,N,False,nasdaqtrader
GL-PD,Globe Life Inc. 4.25% Junior Subordinated Debentures due 2061,N,False,nasdaqtrader
GLAD,Gladstone Capital Corporation - Closed End Fund,NASDAQ,False,nasdaqtrader
GLAS,Glass House Brands Inc. Subordinate Voting Shares,N,False,nasdaqtrader
GLBE,Global-E Online Ltd. - ordinary shares,NASDAQ,False,nasdaqtrader
GLBS,Globus Maritime Limited - Common Stock,NASDAQ,False,nasdaqtrader
GLDG,GoldMining Inc. Common Shares,A,False,nasdaqtrader
GLE,Global Engine Group Holding Limited - Class A Ordinary Shares,NASDAQ,False,nasdaqtrader
GLED,GalaxyEdge Acquisition Corporation Ordinary Shares,N,False,nasdaqtrader
GLED-R,GalaxyEdge Acquisition Corporation Rights to receive one-fourth (1/4) of one ordinary share,N,False,nasdaqtrader
GLED-U,"GalaxyEdge Acquisition Corporation Units, each consisting of one Ordinary Share and one Right entitling the holder to receive 1/4th of one ordinary share",N,False,nasdaqtrader
GLIBA,Liberty Capital Corporation - Series A GCI Group Common Stock,NASDAQ,False,nasdaqtrader
GLIBK,Liberty Capital Corporation - Series C GCI Group Common Stock,NASDAQ,False,nasdaqtrader
GLMD,Galmed Pharmaceuticals Ltd. - Ordinary Shares,NASDAQ,False,nasdaqtrader
GLND,Greenland Energy Company - Common Stock,NASDAQ,False,nasdaqtrader
GLNDW,Greenland Energy Company - Warrant,NASDAQ,False,nasdaqtrader
GLNG,Golar LNG Limited - Common Shares,NASDAQ,False,nasdaqtrader
GLO,Clough Global Opportunities Fund Common Stock,A,False,nasdaqtrader
GLOB,Globant S.A. Common Shares,N,False,nasdaqtrader
GLOO,"Gloo Holdings, Inc. - Common Stock",NASDAQ,False,nasdaqtrader
GLOP-PA,GasLog Partners LP 8.625% Series A Cumulative Redeemable Perpetual Fixed to Floating Rate Preference Units,N,False,nasdaqtrader
GLOP-PB,GasLog Partners LP 8.200% Series B Cumulative Redeemable Perpetual Fixed to Floating Rate Preference Units,N,False,nasdaqtrader
GLOP-PC,GasLog Partners LP 8.500% Series C Cumulative Redeemable Perpetual Fixed to Floating Rate Preference Units,N,False,nasdaqtrader
GLP,Global Partners LP Common Units representing Limited Partner Interests,N,False,nasdaqtrader
GLPI,"Gaming and Leisure Properties, Inc. - Common Stock",NASDAQ,False,nasdaqtrader
GLQ,Clough Global Equity Fund Clough Global Equity Fund Common Shares of Beneficial Interest,A,False,nasdaqtrader
GLRE,"Greenlight Reinsurance, Ltd. - Class A Ordinary Shares",NASDAQ,False,nasdaqtrader
GLSI,"Greenwich LifeSciences, Inc. - Common stock",NASDAQ,False,nasdaqtrader
GLU,Gabelli Global Utility Common Shares of Beneficial Ownership,A,False,nasdaqtrader
GLU-PA,The Gabelli Global Utility and Income Trust Series A Cumulative Puttable and Callable Preferred Shares,A,False,nasdaqtrader
GLU-PB,The Gabelli Global Utility and Income Trust Series B Cumulative Puttable and Callable Preferred Shares,A,False,nasdaqtrader
GLUE,"Monte Rosa Therapeutics, Inc. - Common Stock",NASDAQ,False,nasdaqtrader
GLV,Clough Global Dividend and Income Fund Common Shares of beneficial interest,A,False,nasdaqtrader
GLW,Corning Incorporated Common Stock,N,False,nasdaqtrader
GLXG,Galaxy Payroll Group Limited - Class A Ordinary Shares,NASDAQ,False,nasdaqtrader
GLXY,Galaxy Digital Inc. - Class A common stock,NASDAQ,False,nasdaqtrader
GM,General Motors Company Common Stock,N,False,nasdaqtrader
GMAB,Genmab A/S - American Depositary Shares,NASDAQ,False,nasdaqtrader
GME,GameStop Corporation Common Stock,N,False,nasdaqtrader
GME-W,GameStop Corporation Warrants to Purchase Common Stock,N,False,nasdaqtrader
GMED,"Globus Medical, Inc. Class A Common Stock",N,False,nasdaqtrader
GMEX,GMEX ROBOTICS CORPORATION - Class A Ordinary Shares,NASDAQ,False,nasdaqtrader
GMHS,Gamehaus Holdings Inc. - Class A Ordinary Shares,NASDAQ,False,nasdaqtrader
GMM,Global Mofy AI Limited  - Class A Ordinary Shares,NASDAQ,False,nasdaqtrader
GMRS,GMR Solutions Inc. Class A Common Stock,N,False,nasdaqtrader
GMTL,Guardian Metal Resources PLC ADS,A,False,nasdaqtrader
GNE,Genie Energy Ltd. Class B Common Stock Stock,N,False,nasdaqtrader
GNK,Genco Shipping & Trading Limited Ordinary Shares New (Marshall Islands),N,False,nasdaqtrader
GNL,"Global Net Lease, Inc. Common Stock",N,False,nasdaqtrader
GNL-PA,"Global Net Lease, Inc. 7.25% Series A Cumulative Redeemable Preferred Stock, $0.01 par value per share",N,False,nasdaqtrader
GNL-PB,"Global Net Lease, Inc. 6.875% Series B Cumulative Redeemable Perpetual Preferred Stock",N,False,nasdaqtrader
GNL-PD,"Global Net Lease, Inc. 7.50% Series D Cumulative Redeemable Perpetual Preferred Stock",N,False,nasdaqtrader
GNL-PE,"Global Net Lease, Inc. 7.375% Series E Cumulative Redeemable Perpetual Preferred Stock",N,False,nasdaqtrader
GNLN,"Greenlane Holdings, Inc. - Class A Common Stock",NASDAQ,False,nasdaqtrader
GNLX,Genelux Corporation - Common Stock,NASDAQ,False,nasdaqtrader
GNPX,"Genprex, Inc. - Common Stock",NASDAQ,False,nasdaqtrader
GNRC,Generac Holdlings Inc. Common Stock,N,False,nasdaqtrader
GNS,Genius Group Limited Ordinary Shares,A,False,nasdaqtrader
GNSS,Genasys Inc. - Common Stock,NASDAQ,False,nasdaqtrader
GNT,"GAMCO Natural Resources, Gold & Income Trust",N,False,nasdaqtrader
GNT-PA,"GAMCO Natural Resources, Gold & Income Tust  5.20% Series A Cumulative Preferred Shares (Liquidation Preference $25.00 per share)",N,False,nasdaqtrader
GNTA,Genenta Science S.p.A. - American Depositary Shares,NASDAQ,False,nasdaqtrader
GNTX,Gentex Corporation - Common Stock,NASDAQ,False,nasdaqtrader
GNW,Genworth Financial Inc Common Stock,N,False,nasdaqtrader
GO,Grocery Outlet Holding Corp. - Common Stock,NASDAQ,False,nasdaqtrader
GOAI,Eva Live Inc. - Common Stock,NASDAQ,False,nasdaqtrader
GOF,Guggenheim Strategic Opportunities Fund Common Shares of Beneficial Interest,N,False,nasdaqtrader
GOGO,Gogo Inc. - Common Stock,NASDAQ,False,nasdaqtrader
GOLD,"Gold.com, Inc. Common Stock",N,False,nasdaqtrader
GOLF,Acushnet Holdings Corp. Common Stock,N,False,nasdaqtrader
GOOD,Gladstone Commercial Corporation - Real Estate Investment Trust,NASDAQ,False,nasdaqtrader
GOODN,Gladstone Commercial Corporation - 6.625% Series E Cumulative Redeemable Preferred Stock,NASDAQ,False,nasdaqtrader
GOODO,"Gladstone Commercial Corporation - 6.00% Series G Cumulative Redeemable Preferred Stock, par value $0.001 per share",NASDAQ,False,nasdaqtrader
GOOG,Alphabet Inc. - Class C Capital Stock,NASDAQ,False,nasdaqtrader
GOOGL,Alphabet Inc. - Class A Common Stock,NASDAQ,False,nasdaqtrader
GOOGM,Alphabet Inc. - Depositary Shares representing a 1/20th Interest in a Share of Series A Mandatory Convertible Preferred Stock,NASDAQ,False,nasdaqtrader
GOOGN,Alphabet Inc. - Depositary Shares representing a 1/20th Interest in a Share of Series B Mandatory Convertible Preferred Stock,NASDAQ,False,nasdaqtrader
GOOS,Canada Goose Holdings Inc. Subordinate Voting Shares,N,False,nasdaqtrader
GORO,Goldgroup Mining Inc. Common Shares,A,False,nasdaqtrader
GOSS,"Gossamer Bio, Inc. - Common Stock",NASDAQ,False,nasdaqtrader
GOTU,Gaotu Techedu Inc. American Depositary Shares,N,False,nasdaqtrader
GOVX,"GeoVax Labs, Inc. - Common Stock",NASDAQ,False,nasdaqtrader
GP,GreenPower Motor Company Inc. - Common Shares,NASDAQ,False,nasdaqtrader
GPAC,General Purpose Acquisition Corp. - Class A Ordinary Shares,NASDAQ,False,nasdaqtrader
GPACU,General Purpose Acquisition Corp. - Units,NASDAQ,False,nasdaqtrader
GPACW,General Purpose Acquisition Corp. - Warrant,NASDAQ,False,nasdaqtrader
GPAT,GP-Act III Acquisition Corp. - Class A Ordinary Share,NASDAQ,False,nasdaqtrader
GPATU,GP-Act III Acquisition Corp. - Units,NASDAQ,False,nasdaqtrader
GPATW,GP-Act III Acquisition Corp. - Warrants,NASDAQ,False,nasdaqtrader
GPC,Genuine Parts Company Common Stock,N,False,nasdaqtrader
GPCR,Structure Therapeutics Inc. - American Depositary Shares,NASDAQ,False,nasdaqtrader
GPGI,"GPGI, Inc. Class A Common Stock",N,False,nasdaqtrader
GPI,"Group 1 Automotive, Inc. Common Stock",N,False,nasdaqtrader
GPJA,"Georgia Power Company Series 2017A 5.00% Junior Subordinated Notes due October 1, 2077",N,False,nasdaqtrader
GPK,Graphic Packaging Holding Company,N,False,nasdaqtrader
GPMT,Granite Point Mortgage Trust Inc. Common Stock,N,False,nasdaqtrader
GPMT-PA,Granite Point Mortgage Trust Inc. 7.00% Series A Fixed-to-Floating Rate Cumulative Redeemable Preferred Stock,N,False,nasdaqtrader
GPN,Global Payments Inc. Common Stock,N,False,nasdaqtrader
GPOR,Gulfport Energy Corporation Common Shares,N,False,nasdaqtrader
GPRE,"Green Plains, Inc. - Common Stock",NASDAQ,False,nasdaqtrader
GPRK,Geopark Ltd Common Shares,N,False,nasdaqtrader
GPRO,"GoPro, Inc. - Class A Common Stock",NASDAQ,False,nasdaqtrader
GPUS,"Hyperscale Data, Inc. Common Stock",A,False,nasdaqtrader
GPUS-PD,"Hyperscale Data, Inc. 13.00% Series D Cumulative Redeemable Perpetual Preferred Stock",A,False,nasdaqtrader
GRAB,Grab Holdings Limited - Class A Ordinary Shares,NASDAQ,False,nasdaqtrader
GRABW,Grab Holdings Limited - Warrant,NASDAQ,False,nasdaqtrader
GRAL,"GRAIL, Inc. - Common Stock",NASDAQ,False,nasdaqtrader
GRAN,Grande Group Limited - Class A Ordinary Shares,NASDAQ,False,nasdaqtrader
GRBK,"Green Brick Partners, Inc. Common Stock",N,False,nasdaqtrader
GRBK-PA,"Green Brick Partners, Inc. Depositary Shares (each representing a 1/1000th fractional interest in a share of 5.75% Series A Cumulative Perpetual Preferred Stock)",N,False,nasdaqtrader
GRC,Gorman-Rupp Company (The) Common Stock,N,False,nasdaqtrader
GRCE,"Grace Therapeutics, Inc. - Common Stock",NASDAQ,False,nasdaqtrader
GRDN,"Guardian Pharmacy Services, Inc. Class A Common Stock",N,False,nasdaqtrader
GRDX,GridAI Technologies Corp.  - Common Stock,NASDAQ,False,nasdaqtrader
GREEL,Vulcan Infrastructure and Power Inc. - 8.50% Senior Notes due 2026,NASDAQ,False,nasdaqtrader
GRF,"Eagle Capital Growth Fund, Inc. Common Stock",A,False,nasdaqtrader
GRFS,"Grifols, S.A. - American Depositary Shares",NASDAQ,False,nasdaqtrader
GRI,"GRI Bio, Inc. - Common Stock",NASDAQ,False,nasdaqtrader
GRML,Greenland Mines Ltd - Common Stock,NASDAQ,False,nasdaqtrader
GRMLW,Greenland Mines Ltd - Warrants,NASDAQ,False,nasdaqtrader
GRMN,Garmin Ltd. Common Stock (Switzerland),N,False,nasdaqtrader
GRN,iPath Series B Carbon Exchange-Traded Notes,P,False,nasdaqtrader
GRND,Grindr Inc. Common Stock,N,False,nasdaqtrader
GRNQ,Greenpro Capital Corp. - Common Stock,NASDAQ,False,nasdaqtrader
GRNT,"Granite Ridge Resources, Inc. Common Stock",N,False,nasdaqtrader
GRO,Brazil Potash Corp. Common Shares,A,False,nasdaqtrader
GROV,"Grove Collaborative Holdings, Inc. Class A Common Stock",N,False,nasdaqtrader
GROW,"U.S. Global Investors, Inc. - Class A Common Stock",NASDAQ,False,nasdaqtrader
GROY,Gold Royalty Corp. Common Shares,A,False,nasdaqtrader
GROY-W,Gold Royalty Corp. Warrants,A,False,nasdaqtrader
GRPN,"Groupon, Inc. - Common Stock",NASDAQ,False,nasdaqtrader
GRRR,Gorilla Technology Group Inc. - Ordinary shares,NASDAQ,False,nasdaqtrader
GRRRW,Gorilla Technology Group Inc. - Warrant,NASDAQ,False,nasdaqtrader
GRSD,Grandstand Limited - Ordinary Shares,NASDAQ,False,nasdaqtrader
GRVY,"GRAVITY Co., Ltd. - American depositary shares, each representing one common share.",NASDAQ,False,nasdaqtrader
GRWG,GrowGeneration Corp. - Common Stock,NASDAQ,False,nasdaqtrader
GRX,The Gabelli Healthcare & Wellness Trust Common Shares of Beneficial Interest,N,False,nasdaqtrader
GS,"Goldman Sachs Group, Inc. (The) Common Stock",N,False,nasdaqtrader
GS-PA,"Goldman Sachs Group, Inc. (The) Depositary Shares each representing 1/1000th Interest in a Share of Floating Rate Non-Cumulative Preferred Stock Series A",N,False,nasdaqtrader
GS-PC,"Goldman Sachs Group, Inc. (The) Depositary Share repstg 1/1000th Preferred Series C",N,False,nasdaqtrader
GS-PD,"Goldman Sachs Group, Inc. (The) Dep Shs repstg 1/1000 Pfd Ser D Fltg",N,False,nasdaqtrader
GSAT,"Globalstar, Inc. - Common Stock",NASDAQ,False,nasdaqtrader
GSBC,"Great Southern Bancorp, Inc. - Common Stock",NASDAQ,False,nasdaqtrader
GSBD,"Goldman Sachs BDC, Inc. Common Stock",N,False,nasdaqtrader
GSHD,"Goosehead Insurance, Inc. - Class A Common Stock",NASDAQ,False,nasdaqtrader
GSHR,Gesher Acquisition Corp. II - Class A Ordinary Shares,NASDAQ,False,nasdaqtrader
GSHRU,Gesher Acquisition Corp. II - Units,NASDAQ,False,nasdaqtrader
GSHRW,Gesher Acquisition Corp. II - Warrants,NASDAQ,False,nasdaqtrader
GSIT,"GSI Technology, Inc. - Common Stock",NASDAQ,False,nasdaqtrader
GSIW,Garden Stage Limited - Class A Ordinary Shares,NASDAQ,False,nasdaqtrader
GSK,GSK plc American Depositary Shares (Each representing two Ordinary Shares),N,False,nasdaqtrader
GSL,Global Ship Lease Inc New Class A Common Shares,N,False,nasdaqtrader
GSL-PB,"Global Ship Lease, Inc. Depository Shares Representing 1/100th Perpetual Preferred Series B% (Marshall Island)",N,False,nasdaqtrader
GSM,Ferroglobe PLC - Ordinary Shares,NASDAQ,False,nasdaqtrader
GSRF,GSR IV Acquisition Corp. - Class A ordinary share,NASDAQ,False,nasdaqtrader
GSRFR,GSR IV Acquisition Corp. - Rights,NASDAQ,False,nasdaqtrader
GSRFU,GSR IV Acquisition Corp. - Units,NASDAQ,False,nasdaqtrader
GSRV,GSR V Acquisition Corp. - Class A ordinary shares,NASDAQ,False,nasdaqtrader
GSRVR,GSR V Acquisition Corp. - Rights,NASDAQ,False,nasdaqtrader
GSRVU,GSR V Acquisition Corp. - Units,NASDAQ,False,nasdaqtrader
GSUN,Golden Sun Technology Group Limited - Class A Ordinary Shares,NASDAQ,False,nasdaqtrader
GT,The Goodyear Tire & Rubber Company - Common Stock,NASDAQ,False,nasdaqtrader
GTBP,"GT Biopharma, Inc. - Common Stock",NASDAQ,False,nasdaqtrader
GTE,Gran Tierra Energy Inc. Common Stock,A,False,nasdaqtrader
GTEC,Greenland Technologies Holding Corporation - Class A Ordinary Shares,NASDAQ,False,nasdaqtrader
GTEN,"Gores Holdings X, Inc. - Class A ordinary shares",NASDAQ,False,nasdaqtrader
GTENU,"Gores Holdings X, Inc. - Units",NASDAQ,False,nasdaqtrader
GTENW,"Gores Holdings X, Inc. - Warrants",NASDAQ,False,nasdaqtrader
GTERA,Globa Terra Acquisition Corporation - Class A Ordinary Shares,NASDAQ,False,nasdaqtrader
GTERR,Globa Terra Acquisition Corporation - Rights,NASDAQ,False,nasdaqtrader
GTERU,Globa Terra Acquisition Corporation - Units,NASDAQ,False,nasdaqtrader
GTERW,Globa Terra Acquisition Corporation - Warrants,NASDAQ,False,nasdaqtrader
GTES,Gates Industrial Corporation Ltd. Common Shares,N,False,nasdaqtrader
GTIM,Good Times Restaurants Inc. - Common Stock,NASDAQ,False,nasdaqtrader
GTLB,GitLab Inc. - Class A Common Stock,NASDAQ,False,nasdaqtrader
GTM,ZoomInfo Technologies Inc. - Common Stock,NASDAQ,False,nasdaqtrader
GTN,"Gray Media, Inc. Common Stock",N,False,nasdaqtrader
GTN-A,"Gray Media, Inc. Class A Common Stock",N,False,nasdaqtrader
GTX,Garrett Motion Inc. - Common Stock,NASDAQ,False,nasdaqtrader
GTY,Getty Realty Corporation Common Stock,N,False,nasdaqtrader
GUAC,Berto Acquisition Corp. II - Ordinary Shares,NASDAQ,False,nasdaqtrader
GUACU,Berto Acquisition Corp. II - Units,NASDAQ,False,nasdaqtrader
GUACW,Berto Acquisition Corp. II - Warrants,NASDAQ,False,nasdaqtrader
GUG,Guggenheim Active Allocation Fund Common Shares of Beneficial Interest,N,False,nasdaqtrader
GURE,"Gulf Resources, Inc. - Common Stock",NASDAQ,False,nasdaqtrader
GUT,Gabelli Utility Trust (The) Common Stock,N,False,nasdaqtrader
GUT-PC,Gabelli Utility Trust (The) 5.375% Series C Cumulative Preferred Shares,N,False,nasdaqtrader
GUTS,"Fractyl Health, Inc. - Common Stock",NASDAQ,False,nasdaqtrader
GVA,Granite Construction Incorporated Common Stock,N,False,nasdaqtrader
GVH,Globavend Holdings Limited - Ord Shares,NASDAQ,False,nasdaqtrader
GWAV,"Greenwave Technology Solutions, Inc. - Common Stock",NASDAQ,False,nasdaqtrader
GWH,"ESS Tech, Inc. Common Stock",N,False,nasdaqtrader
GWRE,"Guidewire Software, Inc. Common Stock",N,False,nasdaqtrader
GWRS,"Global Water Resources, Inc. - common stock",NASDAQ,False,nasdaqtrader
GWW,"W.W. Grainger, Inc. Common Stock",N,False,nasdaqtrader
GXAI,Gaxos.ai Inc. - Common Stock,NASDAQ,False,nasdaqtrader
GXO,"GXO Logistics, Inc. Common Stock",N,False,nasdaqtrader
GYGY,"Game Your Game, Inc. - Common Stock",NASDAQ,False,nasdaqtrader
GYRE,"Gyre Therapeutics, Inc. - Common Stock",NASDAQ,False,nasdaqtrader
GYRO,"Gyrodyne , LLC - Common Stock",NASDAQ,False,nasdaqtrader
H,Hyatt Hotels Corporation Class A Common Stock,N,False,nasdaqtrader
HACQ,HCM IV Acquisition Corp. - Class A Ordinary Share,NASDAQ,False,nasdaqtrader
HACQU,HCM IV Acquisition Corp. - Unit,NASDAQ,False,nasdaqtrader
HACQW,HCM IV Acquisition Corp. - Warrants,NASDAQ,False,nasdaqtrader
HAE,Haemonetics Corporation Common Stock,N,False,nasdaqtrader
HAFC,Hanmi Financial Corporation - Common Stock,NASDAQ,False,nasdaqtrader
HAFN,Hafnia Limited Common Shares,N,False,nasdaqtrader
HAIN,"The Hain Celestial Group, Inc. - Common Stock",NASDAQ,False,nasdaqtrader
HAL,Halliburton Company Common Stock,N,False,nasdaqtrader
HALO,"Halozyme Therapeutics, Inc. - Common Stock",NASDAQ,False,nasdaqtrader
HAO,Haoxi Health Technology Limited - Class A Ord Share,NASDAQ,False,nasdaqtrader
HAPN,"Happen, Inc. - Common Stock",NASDAQ,False,nasdaqtrader
HAS,"Hasbro, Inc. - Common Stock",NASDAQ,False,nasdaqtrader
HASI,"HA Sustainable Infrastructure Capital, Inc. Common Stock",N,False,nasdaqtrader
HAVA,Harvard Ave Acquisition Corporation - Class A Ordinary Share,NASDAQ,False,nasdaqtrader
HAVAR,Harvard Ave Acquisition Corporation - Rights that convert on a 1/10th of 1 basis to Class A ordinary Shares,NASDAQ,False,nasdaqtrader
HAVAU,Harvard Ave Acquisition Corporation - Unit,NASDAQ,False,nasdaqtrader
HAWK,"HawkEye 360, Inc. Common Stock",N,False,nasdaqtrader
HAYW,"Hayward Holdings, Inc. Common Stock",N,False,nasdaqtrader
HBAN,Huntington Bancshares Incorporated - Common Stock,NASDAQ,False,nasdaqtrader
HBANL,"Huntington Bancshares Incorporated - Depositary Shares, Each Representing a 1/40th Interest in a Share of 6.875% Series J Non-Cumulative Perpetual Preferred Stock",NASDAQ,False,nasdaqtrader
HBANM,Huntington Bancshares Incorporated - Depositary Shares each representing a 1/1000th interest in a share of Huntington Series I Preferred Stock,NASDAQ,False,nasdaqtrader
HBANP,Huntington Bancshares Incorporated - Depositary Shares 4.500% Series H Non-Cumulative Perpetual Preferred Stock,NASDAQ,False,nasdaqtrader
HBANZ,"Huntington Bancshares Incorporated - Depositary Shares, Each Representing a 1/1000th Interest in a Share of 5.50% Series L Non-Cumulative Perpetual Preferred Stock",NASDAQ,False,nasdaqtrader
HBB,Hamilton Beach Brands Holding Company Class A Common Stock,N,False,nasdaqtrader
HBCP,"Home Bancorp, Inc. - Common Stock",NASDAQ,False,nasdaqtrader
HBIO,"Harvard Bioscience, Inc. - Common Stock",NASDAQ,False,nasdaqtrader
HBM,Hudbay Minerals Inc. Ordinary Shares (Canada),N,False,nasdaqtrader
HBNB,Hotel101 Global Holdings Corp. - Class A Ordinary Shares,NASDAQ,False,nasdaqtrader
HBNC,"Horizon Bancorp, Inc. - Common Stock",NASDAQ,False,nasdaqtrader
HBT,"HBT Financial, Inc. - Common Stock",NASDAQ,False,nasdaqtrader
HCA,"HCA Healthcare, Inc. Common Stock",N,False,nasdaqtrader
HCAC,Hall Chadwick Acquisition Corp. - Class A Ordinary Shares,NASDAQ,False,nasdaqtrader
HCACR,Hall Chadwick Acquisition Corp. - Rights,NASDAQ,False,nasdaqtrader
HCACU,Hall Chadwick Acquisition Corp. - Unit,NASDAQ,False,nasdaqtrader
HCAI,"Huachen AI Parking Management Technology Holding Co., Ltd. - Class A Ordinary Shares",NASDAQ,False,nasdaqtrader
HCAT,"Health Catalyst, Inc - Common stock",NASDAQ,False,nasdaqtrader
HCC,"Warrior Met Coal, Inc. Common Stock",N,False,nasdaqtrader
HCHL,Happy City Holdings Limited - Class A Ordinary shares,NASDAQ,False,nasdaqtrader
HCI,"HCI Group, Inc. Common Stock",N,False,nasdaqtrader
HCIC,Hennessy Capital Investment Corp. VIII - Class A Ordinary Shares,NASDAQ,False,nasdaqtrader
HCICR,Hennessy Capital Investment Corp. VIII - Share Rights,NASDAQ,False,nasdaqtrader
HCICU,Hennessy Capital Investment Corp. VIII - Units,NASDAQ,False,nasdaqtrader
HCKT,"The Hackett Group, Inc. - Common Stock",NASDAQ,False,nasdaqtrader
HCM,HUTCHMED (China) Limited - American Depositary Shares,NASDAQ,False,nasdaqtrader
HCMA,HCM III Acquisition Corp. - Class A Ordinary Share,NASDAQ,False,nasdaqtrader
HCMAU,HCM III Acquisition Corp. - Units,NASDAQ,False,nasdaqtrader
HCMAW,HCM III Acquisition Corp. - Warrants,NASDAQ,False,nasdaqtrader
HCSG,"Healthcare Services Group, Inc. - Common Stock",NASDAQ,False,nasdaqtrader
HCTI,"Healthcare Triangle, Inc. - Common Stock",NASDAQ,False,nasdaqtrader
HCWB,HCW Biologics Inc. - Common Stock,NASDAQ,False,nasdaqtrader
HCWC,Healthy Choice Wellness Corp. Class A Common Stock,A,False,nasdaqtrader
HCXY,"Hercules Capital, Inc. 6.25% Notes due 2033",N,False,nasdaqtrader
HD,"Home Depot, Inc. (The) Common Stock",N,False,nasdaqtrader
HDB,HDFC Bank Limited Common Stock,N,False,nasdaqtrader
HDL,SUPER HI INTERNATIONAL HOLDING LTD. - American Depositary Shares,NASDAQ,False,nasdaqtrader
HDRN,"Hadron Energy, Inc. - Common Stock",NASDAQ,False,nasdaqtrader
HDRNW,"Hadron Energy, Inc. - Warrant",NASDAQ,False,nasdaqtrader
HDSN,"Hudson Technologies, Inc. - Common Stock",NASDAQ,False,nasdaqtrader
HE,"Hawaiian Electric Industries, Inc. Common Stock",N,False,nasdaqtrader
HEI,Heico Corporation Common Stock,N,False,nasdaqtrader
HEI-A,Heico Corporation Common Stock,N,False,nasdaqtrader
HELE,Helen of Troy Limited - Common Stock,NASDAQ,False,nasdaqtrader
HELP,Cybin Inc. - Common Stock,NASDAQ,False,nasdaqtrader
HEPS,D-Market Electronic Services & Trading - American Depositary Shares,NASDAQ,False,nasdaqtrader
HEQ,John Hancock Diversified Income Fund Common Shares of Beneficial Interest,N,False,nasdaqtrader
HERE,Here Group Limited - American Depositary Shares,NASDAQ,False,nasdaqtrader
HERZ,"Herzfeld Credit Income Fund, Inc.  - Closed End Fund",NASDAQ,False,nasdaqtrader
HESM,Hess Midstream LP Class A Representing Limited Partner Interests,N,False,nasdaqtrader
HFBL,"Home Federal Bancorp, Inc. of Louisiana - Common Stock",NASDAQ,False,nasdaqtrader
HFFG,HF Foods Group Inc. - Common Stock,NASDAQ,False,nasdaqtrader
HFRO,Highland Opportunities and Income Fund Common Shares of Beneficial Interest,N,False,nasdaqtrader
HFRO-PA,Highland Opportunities and Income Fund 5.375% Series A Cumulative Preferred Shares,N,False,nasdaqtrader
HFRO-PB,Highland Opportunities and Income Fund 5.375% Series B Cumulative Preferred Shares,N,False,nasdaqtrader
HFWA,Heritage Financial Corporation - Common Stock,NASDAQ,False,nasdaqtrader
HG,"Hamilton Insurance Group, Ltd. Class B Common Shares",N,False,nasdaqtrader
HGBL,Heritage Global Inc. - Common Stock,NASDAQ,False,nasdaqtrader
HGLB,Highland Global Allocation Fund Common Stock,N,False,nasdaqtrader
HGTY,"Hagerty, Inc. Class A Common Stock",N,False,nasdaqtrader
HGV,Hilton Grand Vacations Inc. Common Stock,N,False,nasdaqtrader
HHH,Howard Hughes Holdings Inc. Common Stock,N,False,nasdaqtrader
HHS,"Harte Hanks, Inc. - Common Stock",NASDAQ,False,nasdaqtrader
HIFS,Hingham Institution for Savings - Common Stock,NASDAQ,False,nasdaqtrader
HIG,"The Hartford Insurance Group, Inc. Common Stock",N,False,nasdaqtrader
HIG-PG,"The Hartford Insurance Group, Inc. Depositary Shares each representing a 1/1000th interest in a share of 6.000% Non-Cumulative Preferred Stock, Series G",N,False,nasdaqtrader
HIHO,Highway Holdings Limited - Common Stock,NASDAQ,False,nasdaqtrader
HII,"Huntington Ingalls Industries, Inc. Common Stock",N,False,nasdaqtrader
HIMS,"Hims & Hers Health, Inc. Class A Common Stock",N,False,nasdaqtrader
HIMX,"Himax Technologies, Inc. - American depositary shares, each of which represents two ordinary shares.",NASDAQ,False,nasdaqtrader
HIND,"Vyome Holdings, Inc. - Common Stock",NASDAQ,False,nasdaqtrader
HIO,"Western Asset High Income Opportunity Fund, Inc. Common Stock",N,False,nasdaqtrader
HIPO,Hippo Holdings Inc. Common Stock,N,False,nasdaqtrader
HIT,"Health In Tech, Inc. - Class A Common Stock",NASDAQ,False,nasdaqtrader
HITI,High Tide Inc. - Common Shares,NASDAQ,False,nasdaqtrader
HIVE,HIVE Digital Technologies Ltd - Common Shares,NASDAQ,False,nasdaqtrader
HIW,"Highwoods Properties, Inc. Common Stock",N,False,nasdaqtrader
HIX,Western Asset High Income Fund II Inc. Common Stock,N,False,nasdaqtrader
HKD,AMTD Digital Inc. American Depositary Shares (every five of which represent two Class A Ordinary Shares),N,False,nasdaqtrader
HKIT,Hitek Global Inc. - Class A Ordinary Share,NASDAQ,False,nasdaqtrader
HKPD,"Cellyan Biotechnology Co., Ltd  - Class A Ordinary Shares",NASDAQ,False,nasdaqtrader
HL,Hecla Mining Company Common Stock,N,False,nasdaqtrader
HL-PB,Hecla Mining Company Preferred Stock,N,False,nasdaqtrader
HLF,Herbalife Ltd. Common Shares,N,False,nasdaqtrader
HLI,"Houlihan Lokey, Inc. Class A Common Stock",N,False,nasdaqtrader
HLIO,"Helios Technologies, Inc. Common Stock",N,False,nasdaqtrader
HLIT,Harmonic Inc. - Common Stock,NASDAQ,False,nasdaqtrader
HLLY,Holley Inc. Common Stock,N,False,nasdaqtrader
HLMN,Hillman Solutions Corp. - Common Stock,NASDAQ,False,nasdaqtrader
HLN,Haleon plc American Depositary Shares (Each representing two Ordinary Shares),N,False,nasdaqtrader
HLNE,Hamilton Lane Incorporated - Class A Common Stock,NASDAQ,False,nasdaqtrader
HLP,Hongli Group Inc. - Class A Ordinary Shares,NASDAQ,False,nasdaqtrader
HLT,Hilton Worldwide Holdings Inc. Common Stock,N,False,nasdaqtrader
HLX,"Helix Energy Solutions Group, Inc. Common Stock",N,False,nasdaqtrader
HLXC,Helix Acquisition Corp. III - Class A Ordinary Shares,NASDAQ,False,nasdaqtrader
HMC,"Honda Motor Company, Ltd. Common Stock",N,False,nasdaqtrader
HMH,HMH Holding Inc. - Common Stock,NASDAQ,False,nasdaqtrader
HMN,Horace Mann Educators Corporation Common Stock,N,False,nasdaqtrader
HMR,Heidmar Maritime Holdings Corp. - Common Stock,NASDAQ,False,nasdaqtrader
HMY,Harmony Gold Mining Company Limited,N,False,nasdaqtrader
HNGE,"Hinge Health, Inc. Class A Common Stock",N,False,nasdaqtrader
HNI,HNI Corporation Common Stock,N,False,nasdaqtrader
HNNA,"Hennessy Advisors, Inc. - Common Stock",NASDAQ,False,nasdaqtrader
HNRG,Hallador Energy Company - Common Stock,NASDAQ,False,nasdaqtrader
HNST,"The Honest Company, Inc. - Common Stock",NASDAQ,False,nasdaqtrader
HNVR,"Hanover Bancorp, Inc. - Common Stock",NASDAQ,False,nasdaqtrader
HODO,House of Doge Inc. - Common Stock,NASDAQ,False,nasdaqtrader
HOFT,Hooker Furnishings Corporation - Common Stock,NASDAQ,False,nasdaqtrader
HOG,"Harley-Davidson, Inc. Common Stock",N,False,nasdaqtrader
HOLO,MicroCloud Hologram Inc. - Ordinary Shares,NASDAQ,False,nasdaqtrader
HOLOW,MicroCloud Hologram Inc. - Warrant,NASDAQ,False,nasdaqtrader
HOMB,"Home BancShares, Inc. Common Stock",N,False,nasdaqtrader
HON,Honeywell International Inc. - Common Stock,NASDAQ,False,nasdaqtrader
HONA,Honeywell Aerospace Inc. - Common Stock,NASDAQ,False,nasdaqtrader
HOOD,"Robinhood Markets, Inc. - Class A Common Stock",NASDAQ,False,nasdaqtrader
HOPE,"Hope Bancorp, Inc. - Common Stock",NASDAQ,False,nasdaqtrader
HOUR,"Hour Loop, Inc. - common stock",NASDAQ,False,nasdaqtrader
HOV,"Hovnanian Enterprises, Inc. Class A Common Stock",N,False,nasdaqtrader
HOVNP,Hovnanian Enterprises Inc - Depositary Share representing 1/1000th of 7.625% Series A Preferred Stock,NASDAQ,False,nasdaqtrader
HOVR,New Horizon Aircraft Ltd. - Class A Ordinary Shares,NASDAQ,False,nasdaqtrader
HOVRW,New Horizon Aircraft Ltd. - Warrant,NASDAQ,False,nasdaqtrader
HOWL,"Werewolf Therapeutics, Inc. - Common Stock",NASDAQ,False,nasdaqtrader
HP,"Helmerich & Payne, Inc. Common Stock",N,False,nasdaqtrader
HPAI,Helport AI Limited - Ordinary Shares,NASDAQ,False,nasdaqtrader
HPAIW,Helport AI Limited - Warrants,NASDAQ,False,nasdaqtrader
HPE,Hewlett Packard Enterprise Company Common Stock,N,False,nasdaqtrader
HPE-PC,Hewlett Packard Enterprise Company 7.625% Series C Mandatory Convertible Preferred Stock,N,False,nasdaqtrader
HPF,John Hancock Pfd Income Fund II Pfd Income Fund II,N,False,nasdaqtrader
HPI,John Hancock Preferred Income Fund Common Shares of Beneficial Interest,N,False,nasdaqtrader
HPK,"HighPeak Energy, Inc. - Common Stock",NASDAQ,False,nasdaqtrader
HPP,"Hudson Pacific Properties, Inc. Common Stock",N,False,nasdaqtrader
HPP-PC,"Hudson Pacific Properties, Inc. 4.750% Series C Cumulative Redeemable Preferred Stock",N,False,nasdaqtrader
HPQ,HP Inc. Common Stock,N,False,nasdaqtrader
HPS,John Hancock Preferred Income Fund III Preferred Income Fund III,N,False,nasdaqtrader
HQ,Horizon Quantum Holdings Ltd. - Class A Ordinary Shares,NASDAQ,False,nasdaqtrader
HQH,abrdn Healthcare Investors Shares of Beneficial Interest,N,False,nasdaqtrader
HQI,"HireQuest, Inc. - Common Stock",NASDAQ,False,nasdaqtrader
HQL,abrdn Life Sciences Investors Shares of Beneficial Interest,N,False,nasdaqtrader
HQWWW,Horizon Quantum Holdings Ltd. - Warrant,NASDAQ,False,nasdaqtrader
HQY,"HealthEquity, Inc. - Common Stock",NASDAQ,False,nasdaqtrader
HR,Healthcare Realty Trust Incorporated Common Stock,N,False,nasdaqtrader
HRB,"H&R Block, Inc. Common Stock",N,False,nasdaqtrader
HRI,Herc Holdings Inc. Common Stock,N,False,nasdaqtrader
HRL,Hormel Foods Corporation Common Stock,N,False,nasdaqtrader
HRMY,"Harmony Biosciences Holdings, Inc. - Common Stock",NASDAQ,False,nasdaqtrader
HROW,"Harrow, Inc. - Common Stock",NASDAQ,False,nasdaqtrader
HRTG,"Heritage Insurance Holdings, Inc. Common Stock",N,False,nasdaqtrader
HRTX,"Heron Therapeutics, Inc.   - Common Stock",NASDAQ,False,nasdaqtrader
HRZN,Horizon Technology Finance Corporation - Common Stock,NASDAQ,False,nasdaqtrader
HSAI,Hesai Group - American Depositary Share,NASDAQ,False,nasdaqtrader
HSBC,"HSBC Holdings, plc. Common Stock",N,False,nasdaqtrader
HSCS,HeartSciences Inc. - Common Stock,NASDAQ,False,nasdaqtrader
HSCSW,HeartSciences Inc. - Warrant,NASDAQ,False,nasdaqtrader
HSDT,Solana Company - Class A Common Stock,NASDAQ,False,nasdaqtrader
HSHP,Himalaya Shipping Ltd. Common Shares,N,False,nasdaqtrader
HSIC,"Henry Schein, Inc. - Common Stock",NASDAQ,False,nasdaqtrader
HSLV,Highlander Silver Corp. Common Shares,A,False,nasdaqtrader
HST,"Host Hotels & Resorts, Inc. - Common Stock",NASDAQ,False,nasdaqtrader
HSTM,"HealthStream, Inc. - Common Stock",NASDAQ,False,nasdaqtrader
HSY,The Hershey Company Common Stock,N,False,nasdaqtrader
HTB,"HomeTrust Bancshares, Inc. Common Stock",N,False,nasdaqtrader
HTCO,High-Trend International Group - Class A Ordinary Shares,NASDAQ,False,nasdaqtrader
HTCR,"Heartcore Enterprises, Inc. - Common Stock",NASDAQ,False,nasdaqtrader
HTD,John Hancock Tax Advantaged Dividend Income Fund Common Shares of Beneficial Interest,N,False,nasdaqtrader
HTFC,Horizon Technology Finance Corporation 6.25% Notes due 2027,N,False,nasdaqtrader
HTFL,"Heartflow, Inc. - Common Stock",NASDAQ,False,nasdaqtrader
HTGC,"Hercules Capital, Inc. Common Stock",N,False,nasdaqtrader
HTH,Hilltop Holdings Inc.,N,False,nasdaqtrader
HTHT,H World Group Limited - American Depositary Shares,NASDAQ,False,nasdaqtrader
HTLD,"Heartland Express, Inc. - Common Stock",NASDAQ,False,nasdaqtrader
HTLM,HomesToLife Ltd - Ordinary Shares,NASDAQ,False,nasdaqtrader
HTO,H2O America  - Common Stock,NASDAQ,False,nasdaqtrader
HTOO,Fusion Fuel Green PLC - Ordinary Shares,NASDAQ,False,nasdaqtrader
HTT,"High Templar Tech Limited American depositary shares, each representing one Class A ordinary share",N,False,nasdaqtrader
HTZ,"Hertz Global Holdings, Inc - Common Stock",NASDAQ,False,nasdaqtrader
HTZWW,"Hertz Global Holdings, Inc - Warrant",NASDAQ,False,nasdaqtrader
HUBB,Hubbell Inc Common Stock,N,False,nasdaqtrader
HUBC,Hub Cyber Security Ltd. - Ordinary Shares,NASDAQ,False,nasdaqtrader
HUBCW,Hub Cyber Security Ltd. - Warrant expiring 2/27/28,NASDAQ,False,nasdaqtrader
HUBCZ,Hub Cyber Security Ltd. - Warrant,NASDAQ,False,nasdaqtrader
HUBG,"Hub Group, Inc. - Class A Common Stock",NASDAQ,False,nasdaqtrader
HUBS,"HubSpot, Inc. Common Stock",N,False,nasdaqtrader
HUDI,"Huadi International Group Co., Ltd. - Ordinary Shares",NASDAQ,False,nasdaqtrader
HUHU,HUHUTECH International Group Inc. - Ordinary Shares,NASDAQ,False,nasdaqtrader
HUIZ,Huize Holding Limited - American Depositary Shares,NASDAQ,False,nasdaqtrader
HUM,Humana Inc. Common Stock,N,False,nasdaqtrader
HUMA,"Humacyte, Inc. - Common Stock",NASDAQ,False,nasdaqtrader
HUMAW,"Humacyte, Inc. - Warrant",NASDAQ,False,nasdaqtrader
HUN,Huntsman Corporation Common Stock,N,False,nasdaqtrader
HURA,"TuHURA Biosciences, Inc. - Common Stock",NASDAQ,False,nasdaqtrader
HURC,"Hurco Companies, Inc. - Common Stock",NASDAQ,False,nasdaqtrader
HURN,Huron Consulting Group Inc. - Common Stock,NASDAQ,False,nasdaqtrader
HUT,Hut 8 Corp. - Common Stock,NASDAQ,False,nasdaqtrader
HUYA,"HUYA Inc. American depositary shares, each  representing one Class A ordinary share",N,False,nasdaqtrader
HVII,Hennessy Capital Investment Corp. VII - Ordinary Shares,NASDAQ,False,nasdaqtrader
HVIIR,Hennessy Capital Investment Corp. VII - Rights,NASDAQ,False,nasdaqtrader
HVIIU,Hennessy Capital Investment Corp. VII - Unit,NASDAQ,False,nasdaqtrader
HVMC,Highview Merger Corp. - Class A Ordinary Share,NASDAQ,False,nasdaqtrader
HVMCU,Highview Merger Corp. - Units,NASDAQ,False,nasdaqtrader
HVMCW,Highview Merger Corp. - Warrants,NASDAQ,False,nasdaqtrader
HVT,"Haverty Furniture Companies, Inc. Common Stock",N,False,nasdaqtrader
HVT-A,"Haverty Furniture Companies, Inc. Common Stock",N,False,nasdaqtrader
HWBK,"Hawthorn Bancshares, Inc. - Common Stock",NASDAQ,False,nasdaqtrader
HWC,Hancock Whitney Corporation - Common Stock,NASDAQ,False,nasdaqtrader
HWCPZ,Hancock Whitney Corporation - 6.25% Subordinated Notes due 2060,NASDAQ,False,nasdaqtrader
HWH,HWH International Inc. - Common Stock,NASDAQ,False,nasdaqtrader
HWKN,"Hawkins, Inc. - Common Stock",NASDAQ,False,nasdaqtrader
HWM,Howmet Aerospace Inc. Common Stock,N,False,nasdaqtrader
HXHX,Haoxin Holdings Limited - Class A Ordinary Shares,NASDAQ,False,nasdaqtrader
HXL,Hexcel Corporation Common Stock,N,False,nasdaqtrader
HY,"Hyster-Yale, Inc. Class A common stock",N,False,nasdaqtrader
HYFM,"Hydrofarm Holdings Group, Inc. - Common Stock",NASDAQ,False,nasdaqtrader
HYFT,MindWalk Holdings Corp. - Common Stock,NASDAQ,False,nasdaqtrader
HYI,Western Asset High Yield Opportunity Fund Inc. Common Stock,N,False,nasdaqtrader
HYLN,Hyliion Holdings Corp. Class A Common Stock,A,False,nasdaqtrader
HYMC,Hycroft Mining Holding Corporation - Class A Common Stock,NASDAQ,False,nasdaqtrader
HYNE,"Hoyne Bancorp, Inc. - Common Stock",NASDAQ,False,nasdaqtrader
HYPD,"Hyperion DeFi, Inc. - Common Stock",NASDAQ,False,nasdaqtrader
HYPR,"Hyperfine, Inc.  - Class A Common Stock",NASDAQ,False,nasdaqtrader
HYT,"Blackrock Corporate High Yield Fund, Inc. Common Stock",N,False,nasdaqtrader
HZO,"MarineMax, Inc.  (FL) Common Stock",N,False,nasdaqtrader
IACO,Idea Acquisition Corp. - Class A Ordinary Shares,NASDAQ,False,nasdaqtrader
IACOU,Idea Acquisition Corp. - Units,NASDAQ,False,nasdaqtrader
IACOW,Idea Acquisition Corp. - Warrants,NASDAQ,False,nasdaqtrader
IACQ,Irenic Acquisition Corp. - Class A Ordinary Shares,NASDAQ,False,nasdaqtrader
IACQU,Irenic Acquisition Corp. - Unit,NASDAQ,False,nasdaqtrader
IACQW,Irenic Acquisition Corp. - Warrants,NASDAQ,False,nasdaqtrader
IAE,Voya Asia Pacific High Dividend Equity Income Fund ING Asia Pacific High Dividend Equity Income Fund Common Shares of Beneficial Interest,N,False,nasdaqtrader
IAF,"abrdn Australia Equity Fund, Inc. Common Stock",A,False,nasdaqtrader
IAG,Iamgold Corporation Ordinary Shares,N,False,nasdaqtrader
IART,Integra LifeSciences Holdings Corporation - Common Stock,NASDAQ,False,nasdaqtrader
IAUX,i-80 Gold Corp. Common Shares,A,False,nasdaqtrader
IAUX-W,"i-80 Gold Corp. Warrants, each warrant exercisable for one Common Share at an exercise price of $0.70",A,False,nasdaqtrader
IBAC,IB Acquisition Corp. - Common Stock,NASDAQ,False,nasdaqtrader
IBACR,IB Acquisition Corp. - Right,NASDAQ,False,nasdaqtrader
IBCP,Independent Bank Corporation - Common Stock,NASDAQ,False,nasdaqtrader
IBEX,IBEX Limited - Common Share,NASDAQ,False,nasdaqtrader
IBG,Innovation Beverage Group Limited - Ordinary Shares,NASDAQ,False,nasdaqtrader
IBIO,"iBio, Inc. - Common Stock",NASDAQ,False,nasdaqtrader
IBKR,"Interactive Brokers Group, Inc. - Class A Common Stock",NASDAQ,False,nasdaqtrader
IBM,International Business Machines Corporation Common Stock,N,False,nasdaqtrader
IBN,ICICI Bank Limited Common Stock,N,False,nasdaqtrader
IBO,"Impact BioMedical, Inc. Common Stock",A,False,nasdaqtrader
IBOC,International Bancshares Corporation - Common Stock,NASDAQ,False,nasdaqtrader
IBP,"Installed Building Products, Inc. Common Stock",N,False,nasdaqtrader
IBRX,"ImmunityBio, Inc. - Common Stock",NASDAQ,False,nasdaqtrader
IBTA,"Ibotta, Inc. Class A Common Stock",N,False,nasdaqtrader
ICCC,ImmuCell Corporation - Common Stock,NASDAQ,False,nasdaqtrader
ICCM,IceCure Medical Ltd. - Ordinary Shares,NASDAQ,False,nasdaqtrader
ICE,Intercontinental Exchange Inc. Common Stock,N,False,nasdaqtrader
ICFI,"ICF International, Inc. - Common Stock",NASDAQ,False,nasdaqtrader
ICG,Intchains Group Limited - American Depositary Shares,NASDAQ,False,nasdaqtrader
ICHR,Ichor Holdings - Ordinary Shares,NASDAQ,False,nasdaqtrader
ICL,ICL Group Ltd. Ordinary Shares,N,False,nasdaqtrader
ICLR,ICON plc - Ordinary Shares,NASDAQ,False,nasdaqtrader
ICMB,"Investcorp Credit Management BDC, Inc. - Common Stock",NASDAQ,False,nasdaqtrader
ICON,Icon Energy Corp. - Common stock,NASDAQ,False,nasdaqtrader
ICR-PA,"InPoint Commercial Real Estate Income, Inc. 6.75% Series A Cumulative Redeemable Preferred Stock",N,False,nasdaqtrader
ICU,SeaStar Medical Holding Corporation - Common Stock,NASDAQ,False,nasdaqtrader
ICUCW,SeaStar Medical Holding Corporation - Warrant,NASDAQ,False,nasdaqtrader
ICUI,"ICU Medical, Inc. - Common Stock",NASDAQ,False,nasdaqtrader
IDA,"IDACORP, Inc. Common Stock",N,False,nasdaqtrader
IDAC,Iron Dome Acquisition I Corp. - Class A Ordinary Shares,NASDAQ,False,nasdaqtrader
IDACU,Iron Dome Acquisition I Corp. - Units,NASDAQ,False,nasdaqtrader
IDACW,Iron Dome Acquisition I Corp. - Warrant,NASDAQ,False,nasdaqtrader
IDAI,T Stamp Inc. - Class A Common Stock,NASDAQ,False,nasdaqtrader
IDCC,"InterDigital, Inc. - Common Stock",NASDAQ,False,nasdaqtrader
IDE,"Voya Infrastructure, Industrials and Materials Fund Common Shares of Beneficial Interest",N,False,nasdaqtrader
IDN,"Intellicheck, Inc. - Common Stock",NASDAQ,False,nasdaqtrader
IDR,"Idaho Strategic Resources, Inc. Common Stock",A,False,nasdaqtrader
IDT,IDT Corporation Class B Common Stock,N,False,nasdaqtrader
IDXX,"IDEXX Laboratories, Inc. - Common Stock",NASDAQ,False,nasdaqtrader
IDYA,"IDEAYA Biosciences, Inc. - Common Stock",NASDAQ,False,nasdaqtrader
IE,Ivanhoe Electric Inc. Common Stock,A,False,nasdaqtrader
IEAG,Infinite Eagle Acquisition Corp. - Class A Ordinary Shares,NASDAQ,False,nasdaqtrader
IEAGR,Infinite Eagle Acquisition Corp. - Rights,NASDAQ,False,nasdaqtrader
IEAGU,Infinite Eagle Acquisition Corp. - Unit,NASDAQ,False,nasdaqtrader
IEP,Icahn Enterprises L.P. - Depositary Units representing Limited Partner Interests,NASDAQ,False,nasdaqtrader
IESC,"IES Holdings, Inc. - Common Stock",NASDAQ,False,nasdaqtrader
IEX,IDEX Corporation Common Stock,N,False,nasdaqtrader
IFBD,"Infobird Co., Ltd - Ordinary Shares",NASDAQ,False,nasdaqtrader
IFF,"International Flavors & Fragrances, Inc. Common Stock",N,False,nasdaqtrader
IFN,"Aberdeen India Fund, Inc. Common Stock",N,False,nasdaqtrader
IFRX,InflaRx N.V. - Common Stock,NASDAQ,False,nasdaqtrader
IFS,Intercorp Financial Services Inc. Common Shares,N,False,nasdaqtrader
IGA,Voya Global Advantage and Premium Opportunity Fund Common Shares of Beneficial Interest,N,False,nasdaqtrader
IGAC,Invest Green Acquisition Corporation - Class A Ordinary Shares,NASDAQ,False,nasdaqtrader
IGACR,Invest Green Acquisition Corporation - Rights,NASDAQ,False,nasdaqtrader
IGACU,Invest Green Acquisition Corporation - Units,NASDAQ,False,nasdaqtrader
IGC,"IGC Pharma, Inc. Common Stock",A,False,nasdaqtrader
IGD,Voya Global Equity Dividend and Premium Opportunity Fund,N,False,nasdaqtrader
IGI,Western Asset Investment Grade Opportunity Trust Inc. Common Stock,N,False,nasdaqtrader
IGIC,International General Insurance Holdings Ltd. - Ordinary Shares,NASDAQ,False,nasdaqtrader
IGR,CBRE Global Real Estate Income Fund Common Shares of Beneficial Interest,N,False,nasdaqtrader
IH,"iHuman Inc. American depositary shares, each representing five Class A ordinary shares",N,False,nasdaqtrader
IHD,Voya Emerging Markets High Income Dividend Equity Fund Common Shares,N,False,nasdaqtrader
IHG,Intercontinental Hotels Group American Depositary Shares (Each representing one Ordinary Share),N,False,nasdaqtrader
IHRT,"iHeartMedia, Inc. - Class A Common Stock",NASDAQ,False,nasdaqtrader
IHS,IHS Holding Limited Ordinary Shares,N,False,nasdaqtrader
IHT,InnSuites Hospitality Trust Shares of Beneficial Interest,A,False,nasdaqtrader
IIF,"Morgan Stanley India Investment Fund, Inc. Common Stock",N,False,nasdaqtrader
III,"Information Services Group, Inc. - Common Stock",NASDAQ,False,nasdaqtrader
IIIN,"Insteel Industries, Inc. Common Stock",N,False,nasdaqtrader
IIIV,"i3 Verticals, Inc. - Common Stock",NASDAQ,False,nasdaqtrader
IIM,Invesco Value Municipal Income Trust Common Stock,N,False,nasdaqtrader
IIPR,"Innovative Industrial Properties, Inc. Common Stock",N,False,nasdaqtrader
IIPR-PA,"Innovative Industrial Properties, Inc. 9.00% Series A Cumulative Redeemable Preferred Stock",N,False,nasdaqtrader
IKT,"Inhibikase Therapeutics, Inc. - Common Stock",NASDAQ,False,nasdaqtrader
ILAG,Intelligent Living Application Group Inc. - Ordinary Shares,NASDAQ,False,nasdaqtrader
ILLR,Triller Group Inc. - Common Stock,NASDAQ,False,nasdaqtrader
ILLRW,Triller Group Inc. - Warrant,NASDAQ,False,nasdaqtrader
ILLU,Illumination Acquisition Corp I - Class A Ordinary Shares,NASDAQ,False,nasdaqtrader
ILLUU,Illumination Acquisition Corp I - Units,NASDAQ,False,nasdaqtrader
ILLUW,Illumination Acquisition Corp I - Warrant,NASDAQ,False,nasdaqtrader
ILMN,"Illumina, Inc. - Common Stock",NASDAQ,False,nasdaqtrader
ILPT,Industrial Logistics Properties Trust - Common Shares of Beneficial Interest,NASDAQ,False,nasdaqtrader
IMA,"ImageneBio, Inc. - Common Stock",NASDAQ,False,nasdaqtrader
IMAX,Imax Corporation Common Stock,N,False,nasdaqtrader
IMC,IMC Rare Earths Ltd Ordinary Shares,A,False,nasdaqtrader
IMCC,IM Cannabis Corp. - Common Shares,NASDAQ,False,nasdaqtrader
IMCR,Immunocore Holdings plc - American Depositary Shares,NASDAQ,False,nasdaqtrader
IMDX,Insight Molecular Diagnostics Inc. - Common Stock,NASDAQ,False,nasdaqtrader
IMKTA,"Ingles Markets, Incorporated - Class A Common Stock",NASDAQ,False,nasdaqtrader
IMMP,Immutep Limited - American Depositary Shares,NASDAQ,False,nasdaqtrader
IMMR,Immersion Corporation - Common Stock,NASDAQ,False,nasdaqtrader
IMMX,"Immix Biopharma, Inc. - Common Stock",NASDAQ,False,nasdaqtrader
IMNM,"Immunome, Inc. - Common Stock",NASDAQ,False,nasdaqtrader
IMNN,"Imunon, Inc. - Common Stock",NASDAQ,False,nasdaqtrader
IMO,Imperial Oil Limited Common Stock,A,False,nasdaqtrader
IMOS,ChipMOS TECHNOLOGIES INC. - American Depositary Shares,NASDAQ,False,nasdaqtrader
IMPP,Imperial Petroleum Inc. - Common Shares,NASDAQ,False,nasdaqtrader
IMPPP,Imperial Petroleum Inc. - 8.75% Series A Cumulative Redeemable Perpetual Preferred Shares,NASDAQ,False,nasdaqtrader
IMRN,Immuron Limited - American Depositary Shares,NASDAQ,False,nasdaqtrader
IMRX,Immuneering Corporation - Class A Common Stock,NASDAQ,False,nasdaqtrader
IMSR,Terrestrial Energy Inc. - Common Stock,NASDAQ,False,nasdaqtrader
IMSRW,Terrestrial Energy Inc. - Warrant,NASDAQ,False,nasdaqtrader
IMTE,Integrated Media Technology Limited - Ordinary Shares,NASDAQ,False,nasdaqtrader
IMTX,Immatics N.V. - Ordinary Shares,NASDAQ,False,nasdaqtrader
IMUX,"Immunic, Inc.  - Common Stock",NASDAQ,False,nasdaqtrader
IMVT,"Immunovant, Inc.  - Common Stock",NASDAQ,False,nasdaqtrader
IMXI,"International Money Express, Inc. - Common Stock",NASDAQ,False,nasdaqtrader
INAB,"IN8bio, Inc. - Common Stock",NASDAQ,False,nasdaqtrader
INAC,Indigo Acquisition Corp. - Ordinary Shares,NASDAQ,False,nasdaqtrader
INACR,Indigo Acquisition Corp. - Right,NASDAQ,False,nasdaqtrader
INACU,Indigo Acquisition Corp. - Unit,NASDAQ,False,nasdaqtrader
INBK,First Internet Bancorp - Common Stock,NASDAQ,False,nasdaqtrader
INBKZ,First Internet Bancorp - Fixed-to-Floating Rate Subordinated Notes Due 2029,NASDAQ,False,nasdaqtrader
INBS,Intelligent Bio Solutions Inc.  - Common Stock,NASDAQ,False,nasdaqtrader
INBX,"Inhibrx Biosciences, Inc. - Common Stock",NASDAQ,False,nasdaqtrader
INCR,Intercure Ltd. - ordinary shares,NASDAQ,False,nasdaqtrader
INCY,Incyte Corporation - Common Stock,NASDAQ,False,nasdaqtrader
INDB,Independent Bank Corp. - Common Stock,NASDAQ,False,nasdaqtrader
INDI,"indie Semiconductor, Inc. - Class A Common Stock",NASDAQ,False,nasdaqtrader
INDO,Indonesia Energy Corporation Limited Ordinary Shares,A,False,nasdaqtrader
INDP,"Indaptus Therapeutics, Inc. - Common Stock",NASDAQ,False,nasdaqtrader
INDV,"Indivior Pharmaceuticals, Inc.  - Common Stock",NASDAQ,False,nasdaqtrader
INEO,INNEOVA Holdings Limited - Class A Ordinary Shares,NASDAQ,False,nasdaqtrader
INFQ,"Infleqtion, Inc. Common Stock",N,False,nasdaqtrader
INFQ-W,"Infleqtion, Inc. Warrants, each whole warrant exercisable for one share of Common Stock at an exercise price of $11.50 per share",N,False,nasdaqtrader
INFU,"InfuSystems Holdings, Inc. Common Stock",A,False,nasdaqtrader
INFY,Infosys Limited American Depositary Shares,N,False,nasdaqtrader
ING,"ING Group, N.V. Common Stock",N,False,nasdaqtrader
INGM,Ingram Micro Holding Corporation Common Stock,N,False,nasdaqtrader
INGN,"Inogen, Inc - Common Stock",NASDAQ,False,nasdaqtrader
INGR,Ingredion Incorporated Common Stock,N,False,nasdaqtrader
INHD,Inno Holdings Inc. - Common Stock,NASDAQ,False,nasdaqtrader
INIO,INNIO N.V. - Ordinary Shares,NASDAQ,False,nasdaqtrader
INKT,"MiNK Therapeutics, Inc. - Common Stock",NASDAQ,False,nasdaqtrader
INLF,INLIF LIMITED - Class A Ordinary shares,NASDAQ,False,nasdaqtrader
INLX,"Intellinetics, Inc. Common Stock",A,False,nasdaqtrader
INM,InMed Pharmaceuticals Inc. - Common Shares,NASDAQ,False,nasdaqtrader
INMB,INmune Bio Inc. - Common stock,NASDAQ,False,nasdaqtrader
INMD,InMode Ltd.  - Ordinary Shares,NASDAQ,False,nasdaqtrader
INN,"Summit Hotel Properties, Inc. Common Stock",N,False,nasdaqtrader
INN-PE,"Summit Hotel Properties, Inc. 6.250% Series E Cumulative Redeemable Preferred Stock",N,False,nasdaqtrader
INN-PF,"Summit Hotel Properties, Inc. 5.875% Series F Cumulative Redeemable Preferred Stock, $0.01 par value per share",N,False,nasdaqtrader
INNV,InnovAge Holding Corp. - Common Stock,NASDAQ,False,nasdaqtrader
INO,"Inovio Pharmaceuticals, Inc. - Common Stock",NASDAQ,False,nasdaqtrader
INOD,Innodata Inc. - Common Stock,NASDAQ,False,nasdaqtrader
INR,"Infinity Natural Resources, Inc. Class A Common Stock",N,False,nasdaqtrader
INSE,"Inspired Entertainment, Inc. - Common Stock",NASDAQ,False,nasdaqtrader
INSG,Inseego Corp. - Common Stock,NASDAQ,False,nasdaqtrader
INSM,Insmed Incorporated - Common Stock,NASDAQ,False,nasdaqtrader
INSP,"Inspire Medical Systems, Inc. Common Stock",N,False,nasdaqtrader
INSW,"International Seaways, Inc. Common Stock",N,False,nasdaqtrader
INTA,"Intapp, Inc. - Common Stock",NASDAQ,False,nasdaqtrader
INTC,Intel Corporation - Common Stock,NASDAQ,False,nasdaqtrader
INTG,The Intergroup Corporation - Common Stock,NASDAQ,False,nasdaqtrader
INTJ,Intelligent Group Limited - Class A Ordinary Shares,NASDAQ,False,nasdaqtrader
INTR,Inter & Co. Inc. - Class A Common Shares,NASDAQ,False,nasdaqtrader
INTS,"Intensity Therapeutics, Inc. - Common Stock",NASDAQ,False,nasdaqtrader
INTT,inTest Corporation Common Stock,A,False,nasdaqtrader
INTU,Intuit Inc. - Common Stock,NASDAQ,False,nasdaqtrader
INTZ,Intrusion Inc. - Common Stock,NASDAQ,False,nasdaqtrader
INUV,"Inuvo, Inc.",A,False,nasdaqtrader
INV,"Innventure, Inc. - Common Stock",NASDAQ,False,nasdaqtrader
INVA,"Innoviva, Inc. - Common Stock",NASDAQ,False,nasdaqtrader
INVE,"Identiv, Inc. - Common Stock",NASDAQ,False,nasdaqtrader
INVH,Invitation Homes Inc. Common Stock,N,False,nasdaqtrader
INVX,"Innovex International, Inc. Common Stock",N,False,nasdaqtrader
INVZ,Innoviz Technologies Ltd. - Ordinary shares,NASDAQ,False,nasdaqtrader
IOND,Ionic Digital Inc. - Class A Common Stock,NASDAQ,False,nasdaqtrader
IONQ,"IonQ, Inc. Common Stock",N,False,nasdaqtrader
IONQ-W,"IonQ, Inc. Redeemable warrants, each whole warrant exercisable for one share of Common Stock, each at an exercise price of $11.50 per share",N,False,nasdaqtrader
IONR,ioneer Ltd - American Depositary Shares,NASDAQ,False,nasdaqtrader
IONS,"Ionis Pharmaceuticals, Inc. - Common Stock",NASDAQ,False,nasdaqtrader
IOR,"Income Opportunity Realty Investors, Inc. Common Stock",A,False,nasdaqtrader
IOSP,Innospec Inc. - Common Stock,NASDAQ,False,nasdaqtrader
IOT,Samsara Inc. Class A Common Stock,N,False,nasdaqtrader
IOTR,iOThree Limited - Ordinary Shares,NASDAQ,False,nasdaqtrader
IOVA,"Iovance Biotherapeutics, Inc. - Common Stock",NASDAQ,False,nasdaqtrader
IP,International Paper Company Common Stock,N,False,nasdaqtrader
IPAR,"Interparfums, Inc. - Common Stock",NASDAQ,False,nasdaqtrader
IPCX,Inflection Point Acquisition Corp. III - Class A ordinary shares,NASDAQ,False,nasdaqtrader
IPCXR,Inflection Point Acquisition Corp. III - Rights,NASDAQ,False,nasdaqtrader
IPCXU,Inflection Point Acquisition Corp. III - Units,NASDAQ,False,nasdaqtrader
IPDN,"Professional Diversity Network, Inc. - Common Stock",NASDAQ,False,nasdaqtrader
IPEX,Inflection Point Acquisition Corp. - Class A Ordinary Shares,NASDAQ,False,nasdaqtrader
IPEXR,Inflection Point Acquisition Corp. - Right,NASDAQ,False,nasdaqtrader
IPEXU,Inflection Point Acquisition Corp. - Unit,NASDAQ,False,nasdaqtrader
IPFX,Inflection Point Acquisition Corp. VI - Class A Ordinary Shares,NASDAQ,False,nasdaqtrader
IPFXU,Inflection Point Acquisition Corp. VI - Units,NASDAQ,False,nasdaqtrader
IPFXW,Inflection Point Acquisition Corp. VI - Warrant,NASDAQ,False,nasdaqtrader
IPGP,IPG Photonics Corporation - Common Stock,NASDAQ,False,nasdaqtrader
IPHA,Innate Pharma S.A. - American Depositary Shares,NASDAQ,False,nasdaqtrader
IPI,"Intrepid Potash, Inc Common Stock",N,False,nasdaqtrader
IPM,Intelligent Protection Management Corp.  - Common Stock,NASDAQ,False,nasdaqtrader
IPSC,"Century Therapeutics, Inc. - Common Stock",NASDAQ,False,nasdaqtrader
IPST,"IP Strategy Holdings, Inc. - Common Stock",NASDAQ,False,nasdaqtrader
IPVV,"InterPrivate Investment Partners V, Inc. - Class A Ordinary Shares",NASDAQ,False,nasdaqtrader
IPVVU,"InterPrivate Investment Partners V, Inc. - Units",NASDAQ,False,nasdaqtrader
IPVVW,"InterPrivate Investment Partners V, Inc. - Warrants",NASDAQ,False,nasdaqtrader
IPW,iPower Inc. - Common Stock,NASDAQ,False,nasdaqtrader
IPWR,Ideal Power Inc. - Common Stock,NASDAQ,False,nasdaqtrader
IPX,IperionX Limited - American Depositary Share,NASDAQ,False,nasdaqtrader
IQ,"iQIYI, Inc. - American Depositary Shares",NASDAQ,False,nasdaqtrader
IQI,Invesco Quality Municipal Income Trust Common Stock,N,False,nasdaqtrader
IQMX,IQM Quantum Computers Oyj - American Depositary Shares,NASDAQ,False,nasdaqtrader
IQMXW,IQM Quantum Computers Oyj - Warrants to purchase American Depositary Shares,NASDAQ,False,nasdaqtrader
IQST,iQSTEL Inc. - Common Stock,NASDAQ,False,nasdaqtrader
IQV,"IQVIA Holdings, Inc. Common Stock",N,False,nasdaqtrader
IR,Ingersoll Rand Inc. Common Stock,N,False,nasdaqtrader
IRAB,Iris Acquisition Corp II Class A Ordinary Shares,N,False,nasdaqtrader
IRAB-U,"Iris Acquisition Corp II Units, each consisting of one Class A Ordinary Share and one-half of one redeemable Warrant",N,False,nasdaqtrader
IRAB-W,"Iris Acquisition Corp II Redeemable Warrants, each whole warrant exercisable for one Class A Ordinary Share at an exercise price of $11.50 per share",N,False,nasdaqtrader
IRD,"Opus Genetics, Inc. - Common Stock",NASDAQ,False,nasdaqtrader
IRDM,Iridium Communications Inc - Common Stock,NASDAQ,False,nasdaqtrader
IREN,IREN Limited - Ordinary Shares,NASDAQ,False,nasdaqtrader
IRHO,Iron Horse Acquisitions II Corp. - Common Stock,NASDAQ,False,nasdaqtrader
IRHOR,Iron Horse Acquisitions II Corp. - Rights,NASDAQ,False,nasdaqtrader
IRHOU,Iron Horse Acquisitions II Corp. - Units,NASDAQ,False,nasdaqtrader
IRIX,IRIDEX Corporation - Common Stock,NASDAQ,False,nasdaqtrader
IRM,Iron Mountain Incorporated (Delaware)Common Stock REIT,N,False,nasdaqtrader
IRMD,iRadimed Corporation - Common Stock,NASDAQ,False,nasdaqtrader
IRON,"Disc Medicine, Inc. - Common Stock",NASDAQ,False,nasdaqtrader
IRS,IRSA Inversiones Y Representaciones S.A. Global Depositary Shares (Each representing ten shares of Common Stock),N,False,nasdaqtrader
IRT,"Independence Realty Trust, Inc. Common Stock",N,False,nasdaqtrader
IRTC,"iRhythm Holdings, Inc.  - Common Stock",NASDAQ,False,nasdaqtrader
IRWD,"Ironwood Pharmaceuticals, Inc. - Class A Common Stock",NASDAQ,False,nasdaqtrader
ISBA,Isabella Bank Corporation - Common stock,NASDAQ,False,nasdaqtrader
ISD,"PGIM High Yield Bond Fund, Inc.",N,False,nasdaqtrader
ISNR,Snow Rothschild Acquisition Corp. - Class A Ordinary Shares,NASDAQ,False,nasdaqtrader
ISNRU,Snow Rothschild Acquisition Corp. - Units,NASDAQ,False,nasdaqtrader
ISNRW,Snow Rothschild Acquisition Corp. - Warrants,NASDAQ,False,nasdaqtrader
ISOU,IsoEnergy Ltd. Common Shares,A,False,nasdaqtrader
ISPC,iSpecimen Inc. - Common Stock,NASDAQ,False,nasdaqtrader
ISPR,Ispire Technology Inc. - Common Stock,NASDAQ,False,nasdaqtrader
ISRG,"Intuitive Surgical, Inc. - Common Stock",NASDAQ,False,nasdaqtrader
ISSC,"Innovative Solutions and Support, Inc. - Common Stock",NASDAQ,False,nasdaqtrader
ISTR,Investar Holding Corporation - Common Stock,NASDAQ,False,nasdaqtrader
IT,"Gartner, Inc. Common Stock",N,False,nasdaqtrader
ITG,"ITG, Inc. - Class A Common Stock",NASDAQ,False,nasdaqtrader
ITGR,Integer Holdings Corporation Common Stock,N,False,nasdaqtrader
ITHA,ITHAX Acquisition Corp III - Class A Ordinary Shares,NASDAQ,False,nasdaqtrader
ITHAU,ITHAX Acquisition Corp III - Units,NASDAQ,False,nasdaqtrader
ITHAW,ITHAX Acquisition Corp III - Warrants,NASDAQ,False,nasdaqtrader
ITIC,Investors Title Company - Common Stock,NASDAQ,False,nasdaqtrader
ITOC,iTonic Holdings Ltd - Class A Ordinary Shares,NASDAQ,False,nasdaqtrader
ITP,"IT Tech Packaging, Inc. Common Stock",A,False,nasdaqtrader
ITRG,Integra Resources Corp. Common Shares,A,False,nasdaqtrader
ITRI,"Itron, Inc. - Common Stock",NASDAQ,False,nasdaqtrader
ITRN,Ituran Location and Control Ltd. - Ordinary Shares,NASDAQ,False,nasdaqtrader
ITT,ITT Inc. Common Stock,N,False,nasdaqtrader
ITUB,Itau Unibanco Banco Holding SA American Depositary Shares (Each repstg 500 Preferred shares),N,False,nasdaqtrader
ITW,Illinois Tool Works Inc. Common Stock,N,False,nasdaqtrader
IVA,Inventiva S.A. - American Depository Shares,NASDAQ,False,nasdaqtrader
IVDA,"Iveda Solutions, Inc. - Common Stock",NASDAQ,False,nasdaqtrader
IVDAW,"Iveda Solutions, Inc. - Warrant",NASDAQ,False,nasdaqtrader
IVF,"INVO Fertility, Inc. - Common Stock",NASDAQ,False,nasdaqtrader
IVR,INVESCO MORTGAGE CAPITAL INC Common Stock,N,False,nasdaqtrader
IVR-PC,"INVESCO MORTGAGE CAPITAL INC 7.5% Fixed-to-Floating Series C Cumulative Redeemable Preferred Stock, Liquation Preference $25.00 per Share",N,False,nasdaqtrader
IVT,InvenTrust Properties Corp. Common Stock,N,False,nasdaqtrader
IVVD,"Invivyd, Inc. - Common Stock",NASDAQ,False,nasdaqtrader
IVZ,Invesco Ltd Common Stock,N,False,nasdaqtrader
IX,ORIX Corporation American Depositary Shares,N,False,nasdaqtrader
IXHL,Incannex Healthcare Inc. - Common Stock,NASDAQ,False,nasdaqtrader
IZEA,"IZEA Worldwide, Inc. - Common Stock",NASDAQ,False,nasdaqtrader
IZM,ICZOOM Group Inc. - Class A Ordinary Shares,NASDAQ,False,nasdaqtrader
J,Jacobs Solutions Inc. Common Stock,N,False,nasdaqtrader
JAB,JAB Acquisition Corp I - Class A Ordinary Shares,NASDAQ,False,nasdaqtrader
JABRR,JAB Acquisition Corp I - Rights,NASDAQ,False,nasdaqtrader
JABRU,JAB Acquisition Corp I - Units,NASDAQ,False,nasdaqtrader
JABRW,JAB Acquisition Corp I - Warrants,NASDAQ,False,nasdaqtrader
JACK,Jack In The Box Inc. - Common Stock,NASDAQ,False,nasdaqtrader
JACS,Jackson Acquisition Company II Class A Ordinary Shares,N,False,nasdaqtrader
JACS-R,"Jackson Acquisition Company II Rights, each right to acquire one-tenth (1/10) of one Class A ordinary share",N,False,nasdaqtrader
JACS-U,"Jackson Acquisition Company II Units, each consisting of one Class A ordinary share and one right to acquire one-tenth (1/10) of one Class A ordinary share",N,False,nasdaqtrader
JAGU,Jaguar Uranium Corp. Class A Common Shares,A,False,nasdaqtrader
JAGX,"Jaguar Health, Inc. - Common Stock",NASDAQ,False,nasdaqtrader
JAKK,"JAKKS Pacific, Inc. - Common Stock",NASDAQ,False,nasdaqtrader
JAN,"Janus Living, Inc. Class A-1 Common Stock",N,False,nasdaqtrader
JANX,"Janux Therapeutics, Inc. - Common Stock",NASDAQ,False,nasdaqtrader
JATT,JATT II Acquisition Corp - Ordinary Shares,NASDAQ,False,nasdaqtrader
JAZZ,Jazz Pharmaceuticals plc - Ordinary Shares,NASDAQ,False,nasdaqtrader
JBDI,JBDI Holdings Limited - Ordinary Shares,NASDAQ,False,nasdaqtrader
JBGS,JBG SMITH Properties Common Shares,N,False,nasdaqtrader
JBHT,"J.B. Hunt Transport Services, Inc. - Common Stock",NASDAQ,False,nasdaqtrader
JBI,"Janus International Group, Inc. Common Stock",N,False,nasdaqtrader
JBIO,"Jade Biosciences, Inc. - Common Stock",NASDAQ,False,nasdaqtrader
JBK,Lehman ABS 3.50 3.50% Adjustable Corp Backed Tr Certs GS Cap I,N,False,nasdaqtrader
JBL,Jabil Inc. Common Stock,N,False,nasdaqtrader
JBLU,JetBlue Airways Corporation - Common Stock,NASDAQ,False,nasdaqtrader
JBS,JBS N.V. Class A Common Shares,N,False,nasdaqtrader
JBSS,"John B. Sanfilippo & Son, Inc. - Common Stock",NASDAQ,False,nasdaqtrader
JBTM,JBT Marel Corporation Common Stock,N,False,nasdaqtrader
JCAP,"Jefferson Capital, Inc. - Common Stock",NASDAQ,False,nasdaqtrader
JCE,Nuveen Core Equity Alpha Fund Common Shares of Beneficial Interest,N,False,nasdaqtrader
JCI,Johnson Controls International plc Ordinary Share,N,False,nasdaqtrader
JCSE,JE Cleantech Holdings Limited - Ordinary Shares,NASDAQ,False,nasdaqtrader
JCTC,Jewett-Cameron Trading Company - Common Shares,NASDAQ,False,nasdaqtrader
JD,"JD.com, Inc. - American Depositary Shares",NASDAQ,False,nasdaqtrader
JDZG,JIADE LIMITED - Class A Ordinary Shares,NASDAQ,False,nasdaqtrader
JEF,Jefferies Financial Group Inc. Common Stock,N,False,nasdaqtrader
JELD,"JELD-WEN Holding, Inc. Common Stock",N,False,nasdaqtrader
JEM,707 Cayman Holdings Limited - Ordinary Shares,NASDAQ,False,nasdaqtrader
JENA,Jena Acquisition Corporation II Class A Ordinary Shares,N,False,nasdaqtrader
JENA-R,"Jena Acquisition Corporation II Rights, each right to acquire one-twentieth (1/20) of one Class A ordinary share",N,False,nasdaqtrader
JENA-U,"Jena Acquisition Corporation II Units, each consisting of one Class A ordinary share and one right",N,False,nasdaqtrader
JF,J and Friends Holdings Limited - American Depositary Shares,NASDAQ,False,nasdaqtrader
JFB,JFB Construction Holdings - Class A Common Stock,NASDAQ,False,nasdaqtrader
JFIN,Jiayin Group Inc. - American Depositary Shares,NASDAQ,False,nasdaqtrader
JFR,Nuveen Floating Rate Income Fund Common Stock,N,False,nasdaqtrader
JFU,9F Inc. - American Depositary Shares,NASDAQ,False,nasdaqtrader
JG,Aurora Mobile Limited - American Depositary Shares,NASDAQ,False,nasdaqtrader
JGH,Nuveen Global High Income Fund Common Shares of Beneficial Interest,N,False,nasdaqtrader
JHI,John Hancock Investors Trust Common Stock,N,False,nasdaqtrader
JHS,John Hancock Income Securities Trust Common Stock,N,False,nasdaqtrader
JHX,James Hardie Industries plc. Ordinary Shares,N,False,nasdaqtrader
JILL,"J. Jill, Inc. Common Stock",N,False,nasdaqtrader
JJSF,J & J Snack Foods Corp. - Common Stock,NASDAQ,False,nasdaqtrader
JKHY,"Jack Henry & Associates, Inc. - Common Stock",NASDAQ,False,nasdaqtrader
JKS,JinkoSolar Holding Company Limited American Depositary Shares (each representing 4 Common Shares),N,False,nasdaqtrader
JL,J-Long Group Limited - Class A Ordinary Shares,NASDAQ,False,nasdaqtrader
JLHL,Julong Holding Limited - Class A Ordinary Shares,NASDAQ,False,nasdaqtrader
JLL,Jones Lang LaSalle Incorporated Common Stock,N,False,nasdaqtrader
JLS,Nuveen Mortgage and Income Fund,N,False,nasdaqtrader
JMIA,"Jumia Technologies AG American Depositary Shares, each representing two Ordinary Shares",N,False,nasdaqtrader
JMKE,Jersey Mike's Subs Inc. Class A Common Stock,N,False,nasdaqtrader
JMM,Nuveen Multi-Market Income Fund (MA),N,False,nasdaqtrader
JMSB,"John Marshall Bancorp, Inc. - Common Stock",NASDAQ,False,nasdaqtrader
JNJ,Johnson & Johnson Common Stock,N,False,nasdaqtrader
JOB,GEE Group Inc. Common Stock,A,False,nasdaqtrader
JOBY,"Joby Aviation, Inc. Common Stock",N,False,nasdaqtrader
JOBY-W,"Joby Aviation, Inc. Warrants",N,False,nasdaqtrader
JOE,St. Joe Company (The) Common Stock,N,False,nasdaqtrader
JOF,Japan Smaller Capitalization Fund Inc Common Stock,N,False,nasdaqtrader
JONEU,Jones Ventures INTL Acquisition1 Corp - Units,NASDAQ,False,nasdaqtrader
JOUT,Johnson Outdoors Inc. - Class A Common Stock,NASDAQ,False,nasdaqtrader
JOYY,JOYY Inc. - American Depositary Shares,NASDAQ,False,nasdaqtrader
JPC,Nuveen Preferred & Income Opportunities Fund,N,False,nasdaqtrader
JPM,JP Morgan Chase & Co. Common Stock,N,False,nasdaqtrader
JPM-PC,"J P Morgan Chase & Co Depositary Shares, each representing a 1/400th interest in a share of 6.00% Non-Cumulative  Preferred Stock, Series EE",N,False,nasdaqtrader
JPM-PD,"J P Morgan Chase & Co Depositary Shares, each representing a 1/400th  interest in a share of 5.75% Non-Cumulative  Preferred Stock, Series DD",N,False,nasdaqtrader
JPM-PJ,"J P Morgan Chase & Co Depositary Shares, each representing a 1/400th interest in a share of JPMorgan Chase & Co. 4.75% Non-Cumulative Preferred Stock, Series GG",N,False,nasdaqtrader
JPM-PK,"J P Morgan Chase & Co Depositary Shares, each representing a 1/400th interest in a share of 4.55% Non-Cumulative Preferred Stock, Series JJ",N,False,nasdaqtrader
JPM-PL,"J P Morgan Chase & Co Depositary Shares, each representing a 1/400th interest in a share of 4.625% Non-Cumulative Preferred Stock, Series LL",N,False,nasdaqtrader
JPM-PM,"J P Morgan Chase & Co Depositary Shares, each representing a 1/400th interest in a share of 4.20% Non-Cumulative Preferred Stock, Series MM",N,False,nasdaqtrader
JQC,Nuveen Credit Strategies Income Fund Shares of Beneficial Interest,N,False,nasdaqtrader
JRI,Nuveen Real Asset Income and Growth Fund Common Shares of Beneficial Interest,N,False,nasdaqtrader
JRS,Nuveen Real Estate Income Fund Common Shares of Beneficial Interest,N,False,nasdaqtrader
JRSH,"Jerash Holdings (US), Inc. - Common Stock",NASDAQ,False,nasdaqtrader
JRVR,"James River Group Holdings, Inc. - Common Stock",NASDAQ,False,nasdaqtrader
JSM,"Navient Corporation - 6% Senior Notes due December 15, 2043",NASDAQ,False,nasdaqtrader
JSPR,"Jasper Therapeutics, Inc. - Class A Common Stock",NASDAQ,False,nasdaqtrader
JSPRW,"Jasper Therapeutics, Inc. - Warrant",NASDAQ,False,nasdaqtrader
JTAI,Jet.AI Inc. - Common Stock,NASDAQ,False,nasdaqtrader
JUNS,"Jupiter Neurosciences, Inc. - Common Stock",NASDAQ,False,nasdaqtrader
JVA,"Coffee Holding Co., Inc. - Common Stock",NASDAQ,False,nasdaqtrader
JWEL,Jowell Global Ltd. - Ordinary Shares,NASDAQ,False,nasdaqtrader
JXG,JX Luxventure Group Inc. - Common Stock,NASDAQ,False,nasdaqtrader
JXN,Jackson Financial Inc. Class A Common Stock,N,False,nasdaqtrader
JXN-PA,"Jackson Financial Inc. Depositary Shares, each representing a 1/1,000th interest in a share of Fixed-Rate Reset Noncumulative Perpetual Preferred Stock, Series A",N,False,nasdaqtrader
JYD,Jayud Global Logistics Limited - Class A Ordinary Shares,NASDAQ,False,nasdaqtrader
JYNT,The Joint Corp. - Common Stock,NASDAQ,False,nasdaqtrader
JZ,Jianzhi Education Technology Group Company Limited - American Depositary Shares,NASDAQ,False,nasdaqtrader
JZXN,"Jiuzi Holdings, Inc. - Ordinary Shares",NASDAQ,False,nasdaqtrader
KAI,Kadant Inc Common Stock,N,False,nasdaqtrader
KALA,"KALA BIO, Inc. - Common Stock",NASDAQ,False,nasdaqtrader
KALU,Kaiser Aluminum Corporation - Common Stock,NASDAQ,False,nasdaqtrader
KAPA,"Kairos Pharma, Ltd. Common Stock",A,False,nasdaqtrader
KARD,"Kardigan, Inc. - Common Stock",NASDAQ,False,nasdaqtrader
KARO,Karooooo Ltd. - Ordinary shares,NASDAQ,False,nasdaqtrader
KAZR,Skyline Builders Group Holding Limited - Class A Ordinary Shares,NASDAQ,False,nasdaqtrader
KB,KB Financial Group Inc,N,False,nasdaqtrader
KBDC,"Kayne Anderson BDC, Inc. Common Stock",N,False,nasdaqtrader
KBH,KB Home Common Stock,N,False,nasdaqtrader
KBON,Karbon Capital Partners Corp. - Class A Ordinary Shares,NASDAQ,False,nasdaqtrader
KBONU,Karbon Capital Partners Corp. - Units,NASDAQ,False,nasdaqtrader
KBONW,Karbon Capital Partners Corp. - Warrant,NASDAQ,False,nasdaqtrader
KBR,"KBR, Inc. Common Stock",N,False,nasdaqtrader
KBSX,FST Corp. - Ordinary Shares,NASDAQ,False,nasdaqtrader
KC,Kingsoft Cloud Holdings Limited - American Depositary Shares,NASDAQ,False,nasdaqtrader
KCA-U,"Kensington Capital Acquisition Corp. VI New Units, each consisting of one Class A Ordinary Share and three-quarters of one Class 2 Redeemable Warrant",N,False,nasdaqtrader
KCAC-U,"Kensington Capital Acquisition Corp. VI Units, each consisting of one Class A ordinary share, one-quarter of one Class 1 redeemable warrant and three-quarters of one Class 2 redeemable warrant",N,False,nasdaqtrader
KCAC-W,"Kensington Capital Acquisition Corp. VI Class 1 redeemable warrants, each exercisable for one Class A ordinary share at an exercise price of $11.50",N,False,nasdaqtrader
KCHV,Kochav Defense Acquisition Corp. - Class A Ordinary Shares,NASDAQ,False,nasdaqtrader
KCHVR,Kochav Defense Acquisition Corp. - Right,NASDAQ,False,nasdaqtrader
KCHVU,Kochav Defense Acquisition Corp. - Units,NASDAQ,False,nasdaqtrader
KD,"Kyndryl Holdings, Inc. Common Stock",N,False,nasdaqtrader
KDK,"Kodiak AI, Inc. - Common Stock",NASDAQ,False,nasdaqtrader
KDKRW,"Kodiak AI, Inc. - Warrant",NASDAQ,False,nasdaqtrader
KDP,Keurig Dr Pepper Inc. - Common Stock,NASDAQ,False,nasdaqtrader
KE,"Kimball Electronics, Inc. - Common Stock",NASDAQ,False,nasdaqtrader
KEEL,Keel Infrastructure Corp. - Common Stock,NASDAQ,False,nasdaqtrader
KELYA,"Kelly Services, Inc. - Class A Common Stock",NASDAQ,False,nasdaqtrader
KELYB,"Kelly Services, Inc. - Class B Common Stock",NASDAQ,False,nasdaqtrader
KEN,Kenon Holdings Ltd. Ordinary Shares,N,False,nasdaqtrader
KEP,Korea Electric Power Corporation Common Stock,N,False,nasdaqtrader
KEQU,Kewaunee Scientific Corporation - Common Stock,NASDAQ,False,nasdaqtrader
KEX,Kirby Corporation Common Stock,N,False,nasdaqtrader
KEY,KeyCorp Common Stock,N,False,nasdaqtrader
KEY-PI,"KeyCorp Depositary Shares Each Representing a 1/40th Ownership Interest in a Share of Fixed-to-Floating Rate Perpetual Non-Cumulative Preferred Stock, Series E",N,False,nasdaqtrader
KEY-PJ,"KeyCorp Depositary Shares each representing a 1/40th ownership interest in a share of Fixed Rate Perpetual Non-Cumulative Preferred Stock, Series F",N,False,nasdaqtrader
KEY-PK,"KeyCorp Depositary Shares, each representing a 1/40th ownership interest in a share of Fixed Rate Perpetual Non-Cumulative Preferred Stock, Series G",N,False,nasdaqtrader
KEY-PL,"KeyCorp Depositary Shares each representing a 1/40th ownership interest in a share of Fixed Rate Perpetual Non-Cumulative Preferred Stock, Series H",N,False,nasdaqtrader
KEYS,Keysight Technologies Inc. Common Stock,N,False,nasdaqtrader
KEYY,Keystone Acquisition Corp. - Class A Ordinary Shares,NASDAQ,False,nasdaqtrader
KEYYU,Keystone Acquisition Corp. - Unit,NASDAQ,False,nasdaqtrader
KEYYW,Keystone Acquisition Corp. - Warrants,NASDAQ,False,nasdaqtrader
KF,"Korea Fund, Inc. (The) New Common Stock",N,False,nasdaqtrader
KFFB,Kentucky First Federal Bancorp - Common Stock,NASDAQ,False,nasdaqtrader
KFII,K&F Growth Acquisition Corp. II - Class A Ordinary shares,NASDAQ,False,nasdaqtrader
KFIIR,K&F Growth Acquisition Corp. II - Rights,NASDAQ,False,nasdaqtrader
KFIIU,K&F Growth Acquisition Corp. II - Unit,NASDAQ,False,nasdaqtrader
KFRC,"Kforce, Inc. Common Stock",N,False,nasdaqtrader
KFY,Korn Ferry Common Stock,N,False,nasdaqtrader
KG,"Kestrel Group, Ltd. - Common Stock",NASDAQ,False,nasdaqtrader
KGC,Kinross Gold Corporation Common Stock,N,False,nasdaqtrader
KGEI,Kolibri Global Energy Inc. - Common stock,NASDAQ,False,nasdaqtrader
KGS,"Kodiak Gas Services, Inc. Common Stock",N,False,nasdaqtrader
KHC,The Kraft Heinz Company - Common Stock,NASDAQ,False,nasdaqtrader
KIDS,OrthoPediatrics Corp. - Common Stock,NASDAQ,False,nasdaqtrader
KIDZ,KIDZ AI Inc. - Class B Common Stock,NASDAQ,False,nasdaqtrader
KIDZW,KIDZ AI Inc. - Warrants,NASDAQ,False,nasdaqtrader
KIM,Kimco Realty Corporation (HC) Common Stock,N,False,nasdaqtrader
KIM-PL,"Kimco Realty Corporation Class L Depositary Shares, each of which represents a one-one thousandth fractional interest in a share of 5.125% Class L Cumulative Redeemable Preferred Stock, liquidation preference $25,000.00 per share",N,False,nasdaqtrader
KIM-PM,"Kimco Realty Corporation Class M Depositary Shares, each of which represents a one-one thousandth fractional interest in a share of 5.25% Class M Cumulative Redeemable Preferred Stock, liquidation preference $25,000.00 per share",N,False,nasdaqtrader
KIM-PN,"Kimco Realty Corporation Depositary Shares, each representing 1/1,000th interest in a share of 7.25% Class N Cumulative Convertible Perpetual Preferred Stock",N,False,nasdaqtrader
KINS,"Kingstone Companies, Inc - Common Stock",NASDAQ,False,nasdaqtrader
KIO,KKR Income Opportunities Fund Common Shares,N,False,nasdaqtrader
KITT,"Nauticus Robotics, Inc. - Common stock",NASDAQ,False,nasdaqtrader
KITTW,"Nauticus Robotics, Inc. - Warrant",NASDAQ,False,nasdaqtrader
KKR,KKR & Co. Inc. Common Stock,N,False,nasdaqtrader
KKR-PD,KKR & Co. Inc. 6.25% Series D Mandatory Convertible Preferred Stock,N,False,nasdaqtrader
KKRS,KKR Group Finance Co. IX LLC 4.625% Subordinated Notes due 2061,N,False,nasdaqtrader
KKRT,KKR & Co. Inc. 6.875% Subordinated Notes due 2065,N,False,nasdaqtrader
KLAC,KLA Corporation  - Common Stock,NASDAQ,False,nasdaqtrader
KLAR,Klarna Group plc Ordinary Shares,N,False,nasdaqtrader
KLC,"KinderCare Learning Companies, Inc. Common Stock",N,False,nasdaqtrader
KLIC,"Kulicke and Soffa Industries, Inc. - Common Stock",NASDAQ,False,nasdaqtrader
KLRA,"Kailera Therapeutics, Inc. - Common stock",NASDAQ,False,nasdaqtrader
KLRS,"Kalaris Therapeutics, Inc.  - Common Stock",NASDAQ,False,nasdaqtrader
KLTR,"Kaltura, Inc. - Common Stock",NASDAQ,False,nasdaqtrader
KLXE,"KLX Energy Services Holdings, Inc.  - Common Stock",NASDAQ,False,nasdaqtrader
KMB,Kimberly-Clark Corporation - Common Stock,NASDAQ,False,nasdaqtrader
KMDA,Kamada Ltd. - Ordinary Shares,NASDAQ,False,nasdaqtrader
KMI,"Kinder Morgan, Inc. Common Stock",N,False,nasdaqtrader
KMPB,Kemper Corporation 5.875% Fixed-Rate Reset Junior Subordinated Debentures due 2062,N,False,nasdaqtrader
KMPR,Kemper Corporation,N,False,nasdaqtrader
KMRK,K-Tech Solutions Company Limited - Class A Ordinary Shares,NASDAQ,False,nasdaqtrader
KMT,Kennametal Inc. Common Stock,N,False,nasdaqtrader
KMTS,"Kestra Medical Technologies, Ltd. - Common Stock",NASDAQ,False,nasdaqtrader
KMX,CarMax Inc,N,False,nasdaqtrader
KN,Knowles Corporation Common Stock,N,False,nasdaqtrader
KNDI,"Kandi Technologies Group, Inc. - Ordinary Shares",NASDAQ,False,nasdaqtrader
KNF,Knife Riv Holding Co. Common Stock,N,False,nasdaqtrader
KNOP,KNOT Offshore Partners LP Common Units representing Limited Partner Interests,N,False,nasdaqtrader
KNRX,KNOREX LTD. Class A Ordinary Shares,A,False,nasdaqtrader
KNSA,"Kiniksa Pharmaceuticals International, plc - Class A Ordinary Shares",NASDAQ,False,nasdaqtrader
KNSL,"Kinsale Capital Group, Inc. Common Stock",N,False,nasdaqtrader
KNTK,Kinetik Holdings Inc. Class A Common Stock,N,False,nasdaqtrader
KNX,Knight-Swift Transportation Holdings Inc.,N,False,nasdaqtrader
KO,Coca-Cola Company (The) Common Stock,N,False,nasdaqtrader
KOD,Kodiak Sciences Inc - Common Stock,NASDAQ,False,nasdaqtrader
KODK,Eastman Kodak Company Common New,N,False,nasdaqtrader
KOF,"Coca Cola Femsa S.A.B. de C.V.  American Depositary Shares, each representing 10 Units (each Unit consists of 3 Series B Shares and 5 Series L Shares)",N,False,nasdaqtrader
KOP,Koppers Holdings Inc. Common Stock,N,False,nasdaqtrader
KOPN,Kopin Corporation - Common Stock,NASDAQ,False,nasdaqtrader
KOS,Kosmos Energy Ltd. Common Shares (DE),N,False,nasdaqtrader
KOSS,Koss Corporation - Common Stock,NASDAQ,False,nasdaqtrader
KOYN,CSLM Digital Asset Acquisition Corp III - Class A Ordinary Shares,NASDAQ,False,nasdaqtrader
KOYNU,CSLM Digital Asset Acquisition Corp III - Units,NASDAQ,False,nasdaqtrader
KOYNW,CSLM Digital Asset Acquisition Corp III - Warrants,NASDAQ,False,nasdaqtrader
KPET,KPET Ultra Paceline Corporation Class A Ordinary Shares,N,False,nasdaqtrader
KPET-U,"KPET Ultra Paceline Corporation Units, each consisting of one Class A Ordinary Share and one-sixth of one Warrant",N,False,nasdaqtrader
KPET-W,"KPET Ultra Paceline Corporation Warrants, each whole warrant exercisable for one Class A ordinary share at an exercise price of $11.50 per share",N,False,nasdaqtrader
KPLT,"Katapult Holdings, Inc. - Common Stock",NASDAQ,False,nasdaqtrader
KPRX,"Kiora Pharmaceuticals, Inc.  - Common Stock",NASDAQ,False,nasdaqtrader
KPTI,Karyopharm Therapeutics Inc. - Common Stock,NASDAQ,False,nasdaqtrader
KR,Kroger Company (The) Common Stock,N,False,nasdaqtrader
KRAQ,KRAKacquisition Corp - Class A Ordinary Shares,NASDAQ,False,nasdaqtrader
KRAQU,KRAKacquisition Corp - Unit,NASDAQ,False,nasdaqtrader
KRAQW,KRAKacquisition Corp - Warrants,NASDAQ,False,nasdaqtrader
KRC,Kilroy Realty Corporation Common Stock,N,False,nasdaqtrader
KREF,KKR Real Estate Finance Trust Inc. Common Stock,N,False,nasdaqtrader
KREF-PA,KKR Real Estate Finance Trust Inc. 6.50% Series A Cumulative Redeemable Preferred Stock,N,False,nasdaqtrader
KRG,Kite Realty Group Trust Common Stock,N,False,nasdaqtrader
KRKR,36Kr Holdings Inc. - American Depositary Shares,NASDAQ,False,nasdaqtrader
KRMD,"KORU Medical Systems, Inc. - Common Stock",NASDAQ,False,nasdaqtrader
KRMN,Karman Holdings Inc. Common Stock,N,False,nasdaqtrader
KRNT,Kornit Digital Ltd. - Ordinary Shares,NASDAQ,False,nasdaqtrader
KRNY,Kearny Financial - Common Stock,NASDAQ,False,nasdaqtrader
KRO,Kronos Worldwide Inc Common Stock,N,False,nasdaqtrader
KROS,"Keros Therapeutics, Inc. - common stock",NASDAQ,False,nasdaqtrader
KRP,Kimbell Royalty Partners Common Units Representing Limited Partner Interests,N,False,nasdaqtrader
KRRO,"Korro Bio, Inc. - Common Stock",NASDAQ,False,nasdaqtrader
KRSP,Rice Acquisition Corporation 3 Class A Ordinary Shares,N,False,nasdaqtrader
KRSP-U,"Rice Acquisition Corporation 3 Units, each consisting of one Class A ordinary share, and one-sixth of one redeemable warrant",N,False,nasdaqtrader
KRSP-W,"Rice Acquisition Corporation 3 Redeemable warrants, each whole warrant exercisable for one Class A ordinary share at an exercise price of $11.50",N,False,nasdaqtrader
KRT,Karat Packaging Inc. - Common Stock,NASDAQ,False,nasdaqtrader
KRUS,"Kura Sushi USA, Inc. - Class A Common Stock",NASDAQ,False,nasdaqtrader
KRYS,"Krystal Biotech, Inc. - Common Stock",NASDAQ,False,nasdaqtrader
KSCP,"Knightscope, Inc. - Class A Common Stock",NASDAQ,False,nasdaqtrader
KSPI,Joint Stock Company Kaspi.kz - American Depository Shares,NASDAQ,False,nasdaqtrader
KSS,Kohl's Corporation Common Stock,N,False,nasdaqtrader
KT,KT Corporation Common Stock,N,False,nasdaqtrader
KTB,"Kontoor Brands, Inc. Common Stock",N,False,nasdaqtrader
KTCC,Key Tronic Corporation - Common Stock,NASDAQ,False,nasdaqtrader
KTF,DWS Municipal Income Trust,N,False,nasdaqtrader
KTH,Structures Products Cp 8% CorTS Issued by Peco Energy Cap Tr II Preferred Stock,N,False,nasdaqtrader
KTN,Structured Products Corp 8.205% CorTS 8.205% Corporate Backed Trust Securities (CorTS),N,False,nasdaqtrader
KTOS,"Kratos Defense & Security Solutions, Inc. - Common Stock",NASDAQ,False,nasdaqtrader
KTTA,Pasithea Therapeutics Corp. - Common Stock,NASDAQ,False,nasdaqtrader
KTTAW,Pasithea Therapeutics Corp. - Warrant,NASDAQ,False,nasdaqtrader
KTWO,K2 Capital Acquisition Corporation - Class A Ordinary Share,NASDAQ,False,nasdaqtrader
KTWOR,K2 Capital Acquisition Corporation - Rights,NASDAQ,False,nasdaqtrader
KTWOU,K2 Capital Acquisition Corporation - Units,NASDAQ,False,nasdaqtrader
KULR,"KULR Technology Group, Inc. Common Stock",A,False,nasdaqtrader
KURA,"Kura Oncology, Inc. - Common Stock",NASDAQ,False,nasdaqtrader
KUST,"Kustom Entertainment, Inc. - Common Stock",NASDAQ,False,nasdaqtrader
KVHI,"KVH Industries, Inc. - Common Stock",NASDAQ,False,nasdaqtrader
KVUE,Kenvue Inc. Common Stock,N,False,nasdaqtrader
KVYO,"Klaviyo, Inc. Series A Common Stock",N,False,nasdaqtrader
KWM,"K Wave Media, Ltd. - Ordinary Shares",NASDAQ,False,nasdaqtrader
KWMWW,"K Wave Media, Ltd. - Warrant",NASDAQ,False,nasdaqtrader
KWR,Quaker Houghton Common Stock,N,False,nasdaqtrader
KWY,Kingsway Corporation Common Stock,N,False,nasdaqtrader
KXIN,Kaixin Holdings - Ordinary Shares,NASDAQ,False,nasdaqtrader
KYIV,Kyivstar Group Ltd. - Common Shares,NASDAQ,False,nasdaqtrader
KYIVW,Kyivstar Group Ltd. - Warrant,NASDAQ,False,nasdaqtrader
KYMR,"Kymera Therapeutics, Inc. - Common Stock",NASDAQ,False,nasdaqtrader
KYN,"Kayne Anderson Energy Infrastructure Fund, Inc.",N,False,nasdaqtrader
KYNB,"Kyntra Bio, Inc. - Common Stock",NASDAQ,False,nasdaqtrader
KYTX,"Kyverna Therapeutics, Inc. - Common Stock",NASDAQ,False,nasdaqtrader
KZIA,Kazia Therapeutics Limited - American Depositary Shares,NASDAQ,False,nasdaqtrader
L,Loews Corporation Common Stock,N,False,nasdaqtrader
LAB,Standard BioTools Inc. - Common Stock,NASDAQ,False,nasdaqtrader
LABT,Lakewood-Amedex Biotherapeutics Inc. - Common Stock,NASDAQ,False,nasdaqtrader
LAC,Lithium Americas Corp. Common Shares,N,False,nasdaqtrader
LAD,"Lithia Motors, Inc. Common Stock",N,False,nasdaqtrader
LADR,Ladder Capital Corp Class A Common Stock,N,False,nasdaqtrader
LAES,SEALSQ Corp - Ordinary Shares,NASDAQ,False,nasdaqtrader
LAFA,LaFayette Acquisition Corp. - Ordinary Share,NASDAQ,False,nasdaqtrader
LAFAR,LaFayette Acquisition Corp. - Rights,NASDAQ,False,nasdaqtrader
LAFAU,LaFayette Acquisition Corp. - Unit,NASDAQ,False,nasdaqtrader
LAKE,"Lakeland Industries, Inc. - Common Stock",NASDAQ,False,nasdaqtrader
LAMR,Lamar Advertising Company - Class A Common Stock,NASDAQ,False,nasdaqtrader
LAND,Gladstone Land Corporation - Common Stock,NASDAQ,False,nasdaqtrader
LANDO,Gladstone Land Corporation - 6.00% Series B Cumulative Redeemable Preferred Stock,NASDAQ,False,nasdaqtrader
LANDP,Gladstone Land Corporation - 6.00% Series C Cumulative Redeemable Preferred Stock,NASDAQ,False,nasdaqtrader
LANV,Lanvin Group Holdings Limited Ordinary Shares,N,False,nasdaqtrader
LAR,Lithium Argentina AG Common Shares,N,False,nasdaqtrader
LARK,Landmark Bancorp Inc. - Common Stock,NASDAQ,False,nasdaqtrader
LASE,Laser Photonics Corporation - Common Stock,NASDAQ,False,nasdaqtrader
LASR,"nLIGHT, Inc. - Common Stock",NASDAQ,False,nasdaqtrader
LATA,Galata Acquisition Corp. II - Class A Ordinary Shares,NASDAQ,False,nasdaqtrader
LATAU,Galata Acquisition Corp. II - Units,NASDAQ,False,nasdaqtrader
LATAW,Galata Acquisition Corp. II - Warrant,NASDAQ,False,nasdaqtrader
LAUR,"Laureate Education, Inc. - Common Stock",NASDAQ,False,nasdaqtrader
LAW,"CS Disco, Inc. Common Stock",N,False,nasdaqtrader
LAWR,"Robot Consulting Co., Ltd. - ADS",NASDAQ,False,nasdaqtrader
LAZ,"Lazard, Inc. Common Stock",N,False,nasdaqtrader
LB,LandBridge Company LLC Class A Shares Representing Limited Liability Company Interests,N,False,nasdaqtrader
LBGJ,Li Bang International Corporation Inc. - Class A Ordinary Shares,NASDAQ,False,nasdaqtrader
LBRDA,Liberty Broadband Corporation - Class A Common Stock,NASDAQ,False,nasdaqtrader
LBRDK,Liberty Broadband Corporation - Class C Common Stock,NASDAQ,False,nasdaqtrader
LBRDP,Liberty Broadband Corporation - Series A Cumulative Redeemable Preferred Stock,NASDAQ,False,nasdaqtrader
LBRT,Liberty Energy Inc. Class A common stock,N,False,nasdaqtrader
LBRX,LB Pharmaceuticals Inc - Common Stock,NASDAQ,False,nasdaqtrader
LBTYA,Liberty Global Ltd. - Class A Common Shares,NASDAQ,False,nasdaqtrader
LBTYB,Liberty Global Ltd. - Class B Common Shares,NASDAQ,False,nasdaqtrader
LBTYK,Liberty Global Ltd. - Class C Common Shares,NASDAQ,False,nasdaqtrader
LCCC,Lakeshore Acquisition III Corp. - Ordinary Shares,NASDAQ,False,nasdaqtrader
LCCCR,Lakeshore Acquisition III Corp. - Rights,NASDAQ,False,nasdaqtrader
LCCCU,Lakeshore Acquisition III Corp. - Unit,NASDAQ,False,nasdaqtrader
LCFY,Locafy Limited - Ordinary Share,NASDAQ,False,nasdaqtrader
LCFYW,Locafy Limited - Warrant,NASDAQ,False,nasdaqtrader
LCID,"Lucid Group, Inc. - Common Stock",NASDAQ,False,nasdaqtrader
LCII,LCI Industries,N,False,nasdaqtrader
LCLN,"Lincoln International, Inc. Class A Common Stock",N,False,nasdaqtrader
LCNB,LCNB Corporation - Common Stock,NASDAQ,False,nasdaqtrader
LCTX,"Lineage Cell Therapeutics, Inc. Common Stock",A,False,nasdaqtrader
LCUT,"Lifetime Brands, Inc. - Common Stock",NASDAQ,False,nasdaqtrader
LDI,"loanDepot, Inc. Class A Common Stock",N,False,nasdaqtrader
LDOS,"Leidos Holdings, Inc. Common Stock",N,False,nasdaqtrader
LDP,"Cohen & Steers Limited Duration Preferred and Income Fund, Inc.",N,False,nasdaqtrader
LE,"Lands' End, Inc. - Common Stock",NASDAQ,False,nasdaqtrader
LEA,Lear Corporation Common Stock,N,False,nasdaqtrader
LECO,"Lincoln Electric Holdings, Inc. - Common Shares",NASDAQ,False,nasdaqtrader
LEDS,SemiLEDS Corporation - Common Stock,NASDAQ,False,nasdaqtrader
LEE,"Lee Enterprises, Incorporated - Common Stock",NASDAQ,False,nasdaqtrader
LEG,"Leggett & Platt, Incorporated Common Stock",N,False,nasdaqtrader
LEGH,Legacy Housing Corporation - Common Stock,NASDAQ,False,nasdaqtrader
LEGN,Legend Biotech Corporation - American Depositary Shares,NASDAQ,False,nasdaqtrader
LEGO,Legato Merger Corp. IV Ordinary Shares,A,False,nasdaqtrader
LEGO-U,"Legato Merger Corp. IV Units, each consisting of one ordinary share and one-third of one redeemable warrant",A,False,nasdaqtrader
LEGO-W,"Legato Merger Corp. IV Redeemable Warrants, each whole warrant exercisable to purchase one ordinary share at an exercise price of $11.50 per share",A,False,nasdaqtrader
LEN,Lennar Corporation Class A Common Stock,N,False,nasdaqtrader
LEN-B,Lennar Corporation Class B,N,False,nasdaqtrader
LENZ,"LENZ Therapeutics, Inc. - Common Stock",NASDAQ,False,nasdaqtrader
LEO,"BNY Mellon Strategic Municipals, Inc. Common Stock",N,False,nasdaqtrader
LESL,"Leslie's, Inc. - Common Stock",NASDAQ,False,nasdaqtrader
LEU,Centrus Energy Corp. Class A Common Stock,N,False,nasdaqtrader
LEVI,Levi Strauss & Co Class A Common Stock,N,False,nasdaqtrader
LEXX,Lexaria Bioscience Corp. - Common Stock,NASDAQ,False,nasdaqtrader
LFAC,Leapfrog Acquisition Corporation - Class A Ordinary Shares,NASDAQ,False,nasdaqtrader
LFACU,Leapfrog Acquisition Corporation - Units,NASDAQ,False,nasdaqtrader
LFACW,Leapfrog Acquisition Corporation - Warrants,NASDAQ,False,nasdaqtrader
LFCR,"Lifecore Biomedical, Inc. - Common Stock",NASDAQ,False,nasdaqtrader
LFMD,"LifeMD, Inc. - Common Stock",NASDAQ,False,nasdaqtrader
LFMDP,"LifeMD, Inc. - 8.875% Series A Cumulative Perpetual Preferred Stock",NASDAQ,False,nasdaqtrader
LFS,"LEIFRAS Co., Ltd. - American Depositary Shares",NASDAQ,False,nasdaqtrader
LFST,"LifeStance Health Group, Inc. - Common Stock",NASDAQ,False,nasdaqtrader
LFT,"Lument Finance Trust, Inc. Common Stock",N,False,nasdaqtrader
LFT-PA,"Lument Finance Trust, Inc. 7.875% Series A Cumulative Redeemable Preferred Stock",N,False,nasdaqtrader
LFTO,"Liftoff Mobile, Inc. - Common Stock",NASDAQ,False,nasdaqtrader
LFUS,"Littelfuse, Inc. - Common Stock",NASDAQ,False,nasdaqtrader
LFVN,Lifevantage Corporation - Common Stock,NASDAQ,False,nasdaqtrader
LFWD,Lifeward Ltd. - Ordinary Shares,NASDAQ,False,nasdaqtrader
LGCL,Lucas GC Limited - Class A Ordinary Shares,NASDAQ,False,nasdaqtrader
LGCY,Legacy Education Inc. Common Stock,A,False,nasdaqtrader
LGHL,Lion Group Holding Ltd. - American Depositary Share,NASDAQ,False,nasdaqtrader
LGI,Lazard Global Total Return and Income Fund Common Stock,N,False,nasdaqtrader
LGIH,"LGI Homes, Inc. - Common Stock",NASDAQ,False,nasdaqtrader
LGL,"LGL Group, Inc. (The) Common Stock",A,False,nasdaqtrader
LGN,Legence Corp. - Class A Common stock,NASDAQ,False,nasdaqtrader
LGND,Ligand Pharmaceuticals Incorporated - Common Stock,NASDAQ,False,nasdaqtrader
LGO,Largo Inc. - Common Shares,NASDAQ,False,nasdaqtrader
LGPS,LogProstyle Inc. Common Shares,A,False,nasdaqtrader
LGVN,Longeveron Inc. - Class A Common stock,NASDAQ,False,nasdaqtrader
LH,Labcorp Holdings Inc. Common Stock,N,False,nasdaqtrader
LHAI,Linkhome Holdings Inc. - Common stock,NASDAQ,False,nasdaqtrader
LHSW,Lianhe Sowell International Group Ltd - Class A Ordinary Shares,NASDAQ,False,nasdaqtrader
LHX,"L3Harris Technologies, Inc. Common Stock",N,False,nasdaqtrader
LI,Li Auto Inc. - American Depositary Shares,NASDAQ,False,nasdaqtrader
LICN,Lichen International Limited - Class A Ordinary Shares,NASDAQ,False,nasdaqtrader
LIDR,"AEye, Inc. - Class A Common Stock",NASDAQ,False,nasdaqtrader
LIDRW,"AEye, Inc. - Warrant",NASDAQ,False,nasdaqtrader
LIEN,"Chicago Atlantic BDC, Inc. - Common Stock",NASDAQ,False,nasdaqtrader
LIF,"Life360, Inc. - Common Stock",NASDAQ,False,nasdaqtrader
LIFE,Ethos Technologies Inc. - Class A Common Stock,NASDAQ,False,nasdaqtrader
LII,"Lennox International, Inc. Common Stock",N,False,nasdaqtrader
LILA,Liberty Latin America Ltd. - Class A Common Stock,NASDAQ,False,nasdaqtrader
LILAK,Liberty Latin America Ltd. - Class C Common Stock,NASDAQ,False,nasdaqtrader
LILAP,Liberty Latin America Ltd. - 9.0% Fixed Rate Cumulative Perpetual Redeemable Series A Preference Shares,NASDAQ,False,nasdaqtrader
LIME,"Neutron Holdings, Inc. - Common Stock",NASDAQ,False,nasdaqtrader
LIMN,"Liminatus Pharma, Inc. - Class A Common Stock",NASDAQ,False,nasdaqtrader
LIMNW,"Liminatus Pharma, Inc. - Warrants",NASDAQ,False,nasdaqtrader
LIN,Linde plc - Ordinary Shares,NASDAQ,False,nasdaqtrader
LINC,Lincoln Educational Services Corporation - Common Stock,NASDAQ,False,nasdaqtrader
LIND,Lindblad Expeditions Holdings Inc.  - Common Stock,NASDAQ,False,nasdaqtrader
LINE,"Lineage, Inc. - Common Stock",NASDAQ,False,nasdaqtrader
LINK,"Interlink Electronics, Inc. - Common Stock",NASDAQ,False,nasdaqtrader
LION,Lionsgate Studios Corp Common Shares,N,False,nasdaqtrader
LIQT,"LiqTech International, Inc. - Common Stock",NASDAQ,False,nasdaqtrader
LITB,"LightInTheBox Holding Co., Ltd. American Depositary Shares, each representing twelve ordinary shares",N,False,nasdaqtrader
LITE,Lumentum Holdings Inc. - Common Stock,NASDAQ,False,nasdaqtrader
LITS,"Lite Strategy, Inc. - Common Stock",NASDAQ,False,nasdaqtrader
LIVE,Live Ventures Incorporated - Common Stock,NASDAQ,False,nasdaqtrader
LIVN,LivaNova PLC - Ordinary Shares,NASDAQ,False,nasdaqtrader
LKFN,Lakeland Financial Corporation - Common Stock,NASDAQ,False,nasdaqtrader
LKFT,Lakefront Biotherapeutics - American Depositary Shares,NASDAQ,False,nasdaqtrader
LKQ,LKQ Corporation - Common Stock,NASDAQ,False,nasdaqtrader
LKSP,Lake Superior Acquisition Corp. - Class A Ordinary Shares,NASDAQ,False,nasdaqtrader
LKSPR,Lake Superior Acquisition Corp. - Rights,NASDAQ,False,nasdaqtrader
LKSPU,Lake Superior Acquisition Corp. - Units,NASDAQ,False,nasdaqtrader
LLY,Eli Lilly and Company Common Stock,N,False,nasdaqtrader
LLYVA,"Liberty Live Holdings, Inc. - Series A Liberty Live Group Common Stock",NASDAQ,False,nasdaqtrader
LLYVK,"Liberty Live Holdings, Inc. - Series C Liberty Live Group Common Stock",NASDAQ,False,nasdaqtrader
LMAT,"LeMaitre Vascular, Inc. - Common Stock",NASDAQ,False,nasdaqtrader
LMB,"Limbach Holdings, Inc. - Common Stock",NASDAQ,False,nasdaqtrader
LMND,"Lemonade, Inc. Common Stock",N,False,nasdaqtrader
LMNR,Limoneira Co - Common Stock,NASDAQ,False,nasdaqtrader
LMRI,"Lumexa Imaging Holdings, Inc. - Common Stock",NASDAQ,False,nasdaqtrader
LMT,Lockheed Martin Corporation Common Stock,N,False,nasdaqtrader
LNAI,Lunai Bioworks Inc. - Common Stock,NASDAQ,False,nasdaqtrader
LNC,Lincoln National Corporation Common Stock,N,False,nasdaqtrader
LNC-PD,"Lincoln National Corporation Depositary Shares Each Representing a 1/1,000th Interest in a Share of 9.000% Non-Cumulative Preferred Stock, Series D",N,False,nasdaqtrader
LND,Brasilagro Brazilian Agric Real Estate Co Sponsored ADR (Brazil),N,False,nasdaqtrader
LNG,"Cheniere Energy, Inc. Common Stock",N,False,nasdaqtrader
LNKS,Linkers Industries Limited - Class A Ordinary Shares,NASDAQ,False,nasdaqtrader
LNN,Lindsay Corporation Common Stock,N,False,nasdaqtrader
LNSR,"LENSAR, Inc. - Common Stock",NASDAQ,False,nasdaqtrader
LNT,Alliant Energy Corporation - Common Stock,NASDAQ,False,nasdaqtrader
LNTH,"Lantheus Holdings, Inc. - Common Stock",NASDAQ,False,nasdaqtrader
LNZA,"LanzaTech Global, Inc. - Common Stock",NASDAQ,False,nasdaqtrader
LNZAW,"LanzaTech Global, Inc. - Warrant",NASDAQ,False,nasdaqtrader
LOAN,"Manhattan Bridge Capital, Inc - Common Stock",NASDAQ,False,nasdaqtrader
LOAR,Loar Holdings Inc. Common Stock,N,False,nasdaqtrader
LOB,"Live Oak Bancshares, Inc. Common Stock",N,False,nasdaqtrader
LOB-PA,"Live Oak Bancshares, Inc. Depositary Shares, Each Representing a 1/40th Interest in a Share of 8.375% Fixed Rate Series A Non-Cumulative Perpetual Preferred Stock",N,False,nasdaqtrader
LOBO,LOBO TECHNOLOGIES LTD. - Class A Ordinary Shares,NASDAQ,False,nasdaqtrader
LOCL,Local Bounti Corporation Common Stock,N,False,nasdaqtrader
LOCO,"El Pollo Loco Holdings, Inc. - Common Stock",NASDAQ,False,nasdaqtrader
LODE,Comstock Inc. Common Stock,A,False,nasdaqtrader
LOGI,Logitech International S.A. - Registered Shares,NASDAQ,False,nasdaqtrader
LOMA,Loma Negra Compania Industrial Argentina Sociedad Anonima ADS,N,False,nasdaqtrader
LONA,"LeonaBio, Inc. - Common Stock",NASDAQ,False,nasdaqtrader
LOOP,"Loop Industries, Inc. - Common Stock",NASDAQ,False,nasdaqtrader
LOPE,"Grand Canyon Education, Inc. - Common Stock",NASDAQ,False,nasdaqtrader
LOT,Lotus Technology Inc. - American Depositary Shares,NASDAQ,False,nasdaqtrader
LOTWW,Lotus Technology Inc. - Warrants,NASDAQ,False,nasdaqtrader
LOVE,The Lovesac Company - Common Stock,NASDAQ,False,nasdaqtrader
LOW,"Lowe's Companies, Inc. Common Stock",N,False,nasdaqtrader
LPA,Logistic Properties of the Americas Ordinary Shares,A,False,nasdaqtrader
LPAA,Launch One Acquisition Corp. - Class A Ordinary Shares,NASDAQ,False,nasdaqtrader
LPAAU,Launch One Acquisition Corp. - Unit,NASDAQ,False,nasdaqtrader
LPAAW,Launch One Acquisition Corp. - Warrant,NASDAQ,False,nasdaqtrader
LPBB,Launch Two Acquisition Corp. - Class A Ordinary Shares,NASDAQ,False,nasdaqtrader
LPBBU,Launch Two Acquisition Corp. - Unit,NASDAQ,False,nasdaqtrader
LPBBW,Launch Two Acquisition Corp. - Warrant,NASDAQ,False,nasdaqtrader
LPCN,Lipocine Inc. - Common Stock,NASDAQ,False,nasdaqtrader
LPCV,Launchpad Cadenza Acquisition Corp I - Class A Ordinary Share,NASDAQ,False,nasdaqtrader
LPCVU,Launchpad Cadenza Acquisition Corp I - Unit,NASDAQ,False,nasdaqtrader
LPCVW,Launchpad Cadenza Acquisition Corp I - Warrant,NASDAQ,False,nasdaqtrader
LPG,Dorian LPG Ltd. Common Stock,N,False,nasdaqtrader
LPL,"LG Display Co, Ltd AMERICAN DEPOSITORY SHARES",N,False,nasdaqtrader
LPLA,LPL Financial Holdings Inc. - Common Stock,NASDAQ,False,nasdaqtrader
LPSN,"LivePerson, Inc. - Common Stock",NASDAQ,False,nasdaqtrader
LPTH,"LightPath Technologies, Inc. - Class A Common Stock",NASDAQ,False,nasdaqtrader
LPX,Louisiana-Pacific Corporation Common Stock,N,False,nasdaqtrader
LQDA,Liquidia Corporation - Common Stock,NASDAQ,False,nasdaqtrader
LQDT,"Liquidity Services, Inc. - Common Stock",NASDAQ,False,nasdaqtrader
LRCX,Lam Research Corporation - Common Stock,NASDAQ,False,nasdaqtrader
LRE,"Lead Real Estate Co., Ltd - American Depositary Shares",NASDAQ,False,nasdaqtrader
LRHC,La Rosa Holdings Corp. - Common Stock,NASDAQ,False,nasdaqtrader
LRMR,"Larimar Therapeutics, Inc. - Common Stock",NASDAQ,False,nasdaqtrader
LRN,"Stride, Inc. Common Stock",N,False,nasdaqtrader
LSAK,"Lesaka Technologies, Inc. - Common Stock",NASDAQ,False,nasdaqtrader
LSBK,"Lake Shore Bancorp, Inc. - Common Stock",NASDAQ,False,nasdaqtrader
LSCC,Lattice Semiconductor Corporation - Common Stock,NASDAQ,False,nasdaqtrader
LSE,"Leishen Energy Holding Co., Ltd. - Class A Ordinary Shares",NASDAQ,False,nasdaqtrader
LSF,"Laird Superfood, Inc. Common Stock",A,False,nasdaqtrader
LSPD,Lightspeed Commerce Inc. Subordinate Voting Shares,N,False,nasdaqtrader
LSTA,"Lisata Therapeutics, Inc. - Common Stock",NASDAQ,False,nasdaqtrader
LSTR,"Landstar System, Inc. - Common Stock",NASDAQ,False,nasdaqtrader
LTBR,Lightbridge Corporation - Common Stock,NASDAQ,False,nasdaqtrader
LTC,"LTC Properties, Inc. Common Stock",N,False,nasdaqtrader
LTGO,"Latigo Biotherapeutics, Inc. - Common Stock",NASDAQ,False,nasdaqtrader
LTGR,Long Table Growth Corp. - Class A Ordinary Shares,NASDAQ,False,nasdaqtrader
LTGRU,Long Table Growth Corp. - Units,NASDAQ,False,nasdaqtrader
LTGRW,Long Table Growth Corp. - Warrants,NASDAQ,False,nasdaqtrader
LTH,"Life Time Group Holdings, Inc. Common Stock",N,False,nasdaqtrader
LTM,"LATAM Airlines Group S.A. American Depositary Shares (each representing two thousand (2,000) shares of Common Stock)",N,False,nasdaqtrader
LTRN,Lantern Pharma Inc. - Common Stock,NASDAQ,False,nasdaqtrader
LTRX,"Lantronix, Inc. - Common Stock",NASDAQ,False,nasdaqtrader
LTRYW,Sports Entertainment Gaming Global Corporation  - Warrant,NASDAQ,False,nasdaqtrader
LU,"Lufax Holding Ltd American Depositary Shares, each representing two (2) Ordinary Shares",N,False,nasdaqtrader
LUCD,Lucid Diagnostics Inc. - Common Stock,NASDAQ,False,nasdaqtrader
LUCK,Lucky Strike Entertainment Corporation Class A Common Stock,N,False,nasdaqtrader
LUCY,"Innovative Eyewear, Inc. - Common Stock",NASDAQ,False,nasdaqtrader
LUCYW,"Innovative Eyewear, Inc. - Warrants",NASDAQ,False,nasdaqtrader
LUD,Luda Technology Group Limited Ordinary Shares,A,False,nasdaqtrader
LULU,lululemon athletica inc. - Common Stock,NASDAQ,False,nasdaqtrader
LUMN,"Lumen Technologies, Inc. Common Stock",N,False,nasdaqtrader
LUNG,Pulmonx Corporation - Common Stock,NASDAQ,False,nasdaqtrader
LUNR,"Intuitive Machines, Inc. - Class A Common Stock",NASDAQ,False,nasdaqtrader
LUV,Southwest Airlines Company Common Stock,N,False,nasdaqtrader
LUXE,"LuxExperience B.V. American Depositary Shares, each representing one Ordinary Share",N,False,nasdaqtrader
LVLU,"Lulu's Fashion Lounge Holdings, Inc. - Common Stock",NASDAQ,False,nasdaqtrader
LVO,"LiveOne, Inc. - Common Stock",NASDAQ,False,nasdaqtrader
LVS,Las Vegas Sands Corp. Common Stock,N,False,nasdaqtrader
LVWR,"LiveWire Group, Inc. Common Stock",N,False,nasdaqtrader
LVWR-W,"LiveWire Group, Inc. Warrants, each exercisable for one share of Common Stock at an exercise price of $11.50 per share",N,False,nasdaqtrader
LW,"Lamb Weston Holdings, Inc. Common Stock",N,False,nasdaqtrader
LWAC,LightWave Acquisition Corp. - Class A Ordinary Shares,NASDAQ,False,nasdaqtrader
LWACU,LightWave Acquisition Corp. - Units,NASDAQ,False,nasdaqtrader
LWACW,LightWave Acquisition Corp. - Warrants,NASDAQ,False,nasdaqtrader
LWAY,"Lifeway Foods, Inc. - Common Stock",NASDAQ,False,nasdaqtrader
LWLG,"Lightwave Logic, Inc. - Common Stock",NASDAQ,False,nasdaqtrader
LX,LexinFintech Holdings Ltd. - American Depositary Shares,NASDAQ,False,nasdaqtrader
LXEH,"Lixiang Education Holding Co., Ltd. - American Depositary Shares",NASDAQ,False,nasdaqtrader
LXEO,"Lexeo Therapeutics, Inc. - Common Stock",NASDAQ,False,nasdaqtrader
LXFR,Luxfer Holdings PLC Ordinary Shares,N,False,nasdaqtrader
LXP,LXP Industrial Trust Common Stock (Maryland REIT),N,False,nasdaqtrader
LXP-PC,LXP Industrial Trust 6.5% Series C Cumulative Convertible Preferred Stock,N,False,nasdaqtrader
LXRX,"Lexicon Pharmaceuticals, Inc. - Common Stock",NASDAQ,False,nasdaqtrader
LXU,"LSB Industries, Inc. Common Stock",N,False,nasdaqtrader
LYB,LyondellBasell Industries NV Ordinary Shares Class A (Netherlands),N,False,nasdaqtrader
LYEL,"Lyell Immunopharma, Inc. - Common Stock",NASDAQ,False,nasdaqtrader
LYFT,"Lyft, Inc. - Class A Common Stock",NASDAQ,False,nasdaqtrader
LYG,Lloyds Banking Group Plc American Depositary Shares,N,False,nasdaqtrader
LYTS,LSI Industries Inc. - Common Stock,NASDAQ,False,nasdaqtrader
LYV,"Live Nation Entertainment, Inc. Common Stock",N,False,nasdaqtrader
LZ,"LegalZoom.com, Inc. - Common Stock",NASDAQ,False,nasdaqtrader
LZB,La-Z-Boy Incorporated Common Stock,N,False,nasdaqtrader
LZM,Lifezone Metals Limited Ordinary Shares,N,False,nasdaqtrader
LZM-W,Lifezone Metals Limited Warrants,N,False,nasdaqtrader
LZMH,LZ Technology Holdings Limited - Class B Ordinary Shares,NASDAQ,False,nasdaqtrader
M,Macy's Inc Common Stock,N,False,nasdaqtrader
MA,Mastercard Incorporated Common Stock,N,False,nasdaqtrader
MAA,"Mid-America Apartment Communities, Inc. Common Stock",N,False,nasdaqtrader
MAA-PI,"Mid-America Apartment Communities, Inc. 8.50% Series I Cumulative Redeemable Preferred Stock",N,False,nasdaqtrader
MAAS,Maase Inc. - Class A Ordinary Shares,NASDAQ,False,nasdaqtrader
MAC,Macerich Company (The) Common Stock,N,False,nasdaqtrader
MACI,Melar Acquisition Corp. I - Class A Ordinary Shares,NASDAQ,False,nasdaqtrader
MACIU,Melar Acquisition Corp. I - Unit,NASDAQ,False,nasdaqtrader
MACIW,Melar Acquisition Corp. I - Warrant,NASDAQ,False,nasdaqtrader
MAGH,Magnitude International Ltd - Ordinary Shares,NASDAQ,False,nasdaqtrader
MAGN,Magnera Corporation Common Stock,N,False,nasdaqtrader
MAIA,"MAIA Biotechnology, Inc. Common Stock",A,False,nasdaqtrader
MAIN,Main Street Capital Corporation Common Stock,N,False,nasdaqtrader
MAIR,Madison Air Solutions Corporation Class A Common Stock,N,False,nasdaqtrader
MAKO,Mako Mining Corp - Common Stock,NASDAQ,False,nasdaqtrader
MAMA,"Mama's Creations, Inc. - Common Stock",NASDAQ,False,nasdaqtrader
MAMK,MaxsMaking Inc. - Class A Ordinary Shares,NASDAQ,False,nasdaqtrader
MAMO,Massimo Group - Common Stock,NASDAQ,False,nasdaqtrader
MAN,ManpowerGroup Common Stock,N,False,nasdaqtrader
MANE,"Veradermics, Incorporated Common Stock",N,False,nasdaqtrader
MANH,"Manhattan Associates, Inc. - Common Stock",NASDAQ,False,nasdaqtrader
MANU,Manchester United Ltd. Class A Ordinary Shares,N,False,nasdaqtrader
MAR,Marriott International - Class A Common Stock,NASDAQ,False,nasdaqtrader
MARA,"MARA Holdings, Inc. - Common Stock",NASDAQ,False,nasdaqtrader
MARPS,Marine Petroleum Trust - Units of Beneficial Interest,NASDAQ,False,nasdaqtrader
MAS,Masco Corporation Common Stock,N,False,nasdaqtrader
MASK,3 E Network Technology Group Ltd - Class A Ordinary Shares,NASDAQ,False,nasdaqtrader
MASS,908 Devices Inc. - Common Stock,NASDAQ,False,nasdaqtrader
MAT,"Mattel, Inc. - Common Stock",NASDAQ,False,nasdaqtrader
MATH,Metalpha Technology Holding Limited - Ordinary Shares,NASDAQ,False,nasdaqtrader
MATV,"Mativ Holdings, Inc. Common Stock",N,False,nasdaqtrader
MATW,Matthews International Corporation - Class A Common Stock,NASDAQ,False,nasdaqtrader
MATX,"Matson, Inc. Common Stock",N,False,nasdaqtrader
MAX,"MediaAlpha, Inc. Class A Common Stock",N,False,nasdaqtrader
MAYS,"J. W. Mays, Inc. - Common Stock",NASDAQ,False,nasdaqtrader
MAZE,"Maze Therapeutics, Inc. - Common Stock",NASDAQ,False,nasdaqtrader
MB,MasterBeef Group - Ordinary Shares,NASDAQ,False,nasdaqtrader
MBAI,Check-Cap Ltd. - Ordinary Share,NASDAQ,False,nasdaqtrader
MBBC,"Marathon Bancorp, Inc. - Common Stock",NASDAQ,False,nasdaqtrader
MBC,"MasterBrand, Inc. Common Stock",N,False,nasdaqtrader
MBGL,Mobility Global Inc. Common Stock,N,False,nasdaqtrader
MBI,MBIA Inc. Common Stock,N,False,nasdaqtrader
MBIN,Merchants Bancorp - Common Stock,NASDAQ,False,nasdaqtrader
MBINL,"Merchants Bancorp - Depositary Shares, Each Representing a 1/40th Interest in a Share of 7.625% Fixed Rate Series E Non-Cumulative Perpetual Preferred Stock, without par value",NASDAQ,False,nasdaqtrader
MBINM,"Merchants Bancorp - Depositary Shares, Each Representing a 1/40th Interest in a Share of 8.25% Fixed-Rate Reset Series D Non-Cumulative Perpetual Preferred Stock",NASDAQ,False,nasdaqtrader
MBINN,Merchants Bancorp - Depositary Shares 6.00% Fixed Rate Series C Non-Cumulative Perpetual Preferred Stock,NASDAQ,False,nasdaqtrader
MBIO,"Mustang Bio, Inc. - Common Stock",NASDAQ,False,nasdaqtrader
MBLY,Mobileye Global Inc. - Class A Common Stock,NASDAQ,False,nasdaqtrader
MBNKO,"Medallion Bank - Fixed-Rate Reset Non-Cumulative Perpetual Preferred Stock, Series G, par value $1.00 per share",NASDAQ,False,nasdaqtrader
MBOT,Microbot Medical Inc.  - Common Stock,NASDAQ,False,nasdaqtrader
MBRX,"Moleculin Biotech, Inc. - Common Stock",NASDAQ,False,nasdaqtrader
MBUU,"Malibu Boats, Inc. - Common Stock",NASDAQ,False,nasdaqtrader
MBVI,M3-Brigade Acquisition VI Corp. - Class A Ordinary Shares,NASDAQ,False,nasdaqtrader
MBVIU,M3-Brigade Acquisition VI Corp. - Units,NASDAQ,False,nasdaqtrader
MBVIW,M3-Brigade Acquisition VI Corp. - Warrant,NASDAQ,False,nasdaqtrader
MBWM,Mercantile Bank Corporation - Common Stock,NASDAQ,False,nasdaqtrader
MBX,"MBX Biosciences, Inc. - Common Stock",NASDAQ,False,nasdaqtrader
MC,Moelis & Company Class A Common Stock,N,False,nasdaqtrader
MCAH,Mountain Crest Acquisition 6 Corp. - Ordinary Shares,NASDAQ,False,nasdaqtrader
MCAHR,Mountain Crest Acquisition 6 Corp. - Rights,NASDAQ,False,nasdaqtrader
MCAHU,Mountain Crest Acquisition 6 Corp. - Units,NASDAQ,False,nasdaqtrader
MCB,Metropolitan Bank Holding Corp. Common Stock,N,False,nasdaqtrader
MCBS,"MetroCity Bankshares, Inc. - Common Stock",NASDAQ,False,nasdaqtrader
MCD,McDonald's Corporation Common Stock,N,False,nasdaqtrader
MCFT,"MasterCraft Boat Holdings, Inc. - Common Stock",NASDAQ,False,nasdaqtrader
MCGA,Yorkville Acquisition Corp. - Class A Ordinary Share,NASDAQ,False,nasdaqtrader
MCGAU,Yorkville Acquisition Corp. - Unit,NASDAQ,False,nasdaqtrader
MCGAW,Yorkville Acquisition Corp. - Warrant,NASDAQ,False,nasdaqtrader
MCHB,Mechanics Bancorp - Class A Common Stock,NASDAQ,False,nasdaqtrader
MCHP,Microchip Technology Incorporated - Common Stock,NASDAQ,False,nasdaqtrader
MCHPP,Microchip Technology Incorporated - Depositary Shares Each Representing a 1/20th Interest in a Share of 7.50% Series A Mandatory Convertible Preferred Stock,NASDAQ,False,nasdaqtrader
MCHX,"Marchex, Inc. - Class B Common Stock",NASDAQ,False,nasdaqtrader
MCI,Barings Corporate Investors Common Stock,N,False,nasdaqtrader
MCK,McKesson Corporation Common Stock,N,False,nasdaqtrader
MCN,XAI Madison Equity Premium Income Fund Common Shares,N,False,nasdaqtrader
MCO,Moody's Corporation Common Stock,N,False,nasdaqtrader
MCRB,"Seres Therapeutics, Inc. - Common Stock",NASDAQ,False,nasdaqtrader
MCRI,"Monarch Casino & Resort, Inc. - Common Stock",NASDAQ,False,nasdaqtrader
MCRP,Micropolis AI Robotics Ordinary Shares,A,False,nasdaqtrader
MCS,Marcus Corporation (The) Common Stock,N,False,nasdaqtrader
MCTA,Charming Medical Limited - Class A Ordinary Shares,NASDAQ,False,nasdaqtrader
MCY,Mercury General Corporation Common Stock,N,False,nasdaqtrader
MD,"Pediatrix Medical Group, Inc. Common Stock",N,False,nasdaqtrader
MDA,MDA Space Ltd. Common Shares,N,False,nasdaqtrader
MDAI,"Spectral AI, Inc. - Class A Common Stock",NASDAQ,False,nasdaqtrader
MDAIW,"Spectral AI, Inc. - Warrants",NASDAQ,False,nasdaqtrader
MDB,"MongoDB, Inc. - Class A Common Stock",NASDAQ,False,nasdaqtrader
MDBH,"MDB Capital Holdings, LLC - Class A common",NASDAQ,False,nasdaqtrader
MDCX,Medicus Pharma Ltd. - Common Stock,NASDAQ,False,nasdaqtrader
MDCXW,Medicus Pharma Ltd. - Warrant,NASDAQ,False,nasdaqtrader
MDGL,"Madrigal Pharmaceuticals, Inc. - Common Stock",NASDAQ,False,nasdaqtrader
MDIA,Mediaco Holding Inc. - Class A Common Stock,NASDAQ,False,nasdaqtrader
MDLN,Medline Inc. - Class A common stock,NASDAQ,False,nasdaqtrader
MDLZ,"Mondelez International, Inc. - Class A Common Stock",NASDAQ,False,nasdaqtrader
MDRR,"Medalist Diversified, Inc. - Common Stock",NASDAQ,False,nasdaqtrader
MDT,Medtronic plc. Ordinary Shares,N,False,nasdaqtrader
MDU,"MDU Resources Group, Inc. Common Stock (Holding Company)",N,False,nasdaqtrader
MDV,"Modiv Industrial, Inc. Class C Common Stock",N,False,nasdaqtrader
MDV-PA,"Modiv Industrial, Inc. 7.375% Series A Cumulative Redeemable Perpetual Preferred Stock",N,False,nasdaqtrader
MDWD,MediWound Ltd. - Ordinary Shares,NASDAQ,False,nasdaqtrader
MDXG,"MiMedx Group, Inc - Common Stock",NASDAQ,False,nasdaqtrader
MDXH,MDxHealth SA - Ordinary Shares,NASDAQ,False,nasdaqtrader
MEC,"Mayville Engineering Company, Inc. Common Stock",N,False,nasdaqtrader
MED,MEDIFAST INC Common Stock,N,False,nasdaqtrader
MEDP,"Medpace Holdings, Inc. - Common Stock",NASDAQ,False,nasdaqtrader
MEDS,"DataMeds AI, Inc. - Common Stock",NASDAQ,False,nasdaqtrader
MEGI,NYLI CBRE Global Infrastructure Megatrends Term Fund Common Shares,N,False,nasdaqtrader
MEGL,Magic Empire Global Limited - Class A Ordinary Shares,NASDAQ,False,nasdaqtrader
MEI,"Methode Electronics, Inc. Common Stock",N,False,nasdaqtrader
MELI,"MercadoLibre, Inc. - Common Stock",NASDAQ,False,nasdaqtrader
MENS,Jyong Biotech Ltd. - Ordinary shares,NASDAQ,False,nasdaqtrader
MEOH,Methanex Corporation - Common Stock,NASDAQ,False,nasdaqtrader
MER-PK,"Bank of America Corporation Income Capital Obligation Notes initially due December 15, 2066",N,False,nasdaqtrader
MERC,Mercer International Inc. - Common Stock,NASDAQ,False,nasdaqtrader
MESH,Meshflow Acquisition Corp. - Class A Ordinary Shares,NASDAQ,False,nasdaqtrader
MESHU,Meshflow Acquisition Corp. - Units,NASDAQ,False,nasdaqtrader
MESHW,Meshflow Acquisition Corp. - Warrants,NASDAQ,False,nasdaqtrader
MESO,Mesoblast Limited - American Depositary Shares,NASDAQ,False,nasdaqtrader
MET,"MetLife, Inc. Common Stock",N,False,nasdaqtrader
MET-PA,"MetLife, Inc. Preferred Series A Floating Rate",N,False,nasdaqtrader
MET-PE,"MetLife, Inc. Depositary Shares",N,False,nasdaqtrader
MET-PF,"MetLife, Inc. Depositary Shares, each representing a 1/1,000th interest in a share of 4.75% Non-Cumulative Preferred Stock, Series F",N,False,nasdaqtrader
META,"Meta Platforms, Inc. - Class A Common Stock",NASDAQ,False,nasdaqtrader
METC,"Ramaco Resources, Inc. - Class A Common Stock",NASDAQ,False,nasdaqtrader
METCB,"Ramaco Resources, Inc. - Class B Common Stock",NASDAQ,False,nasdaqtrader
METCI,"Ramaco Resources, Inc. - 8.250% Senior Notes due 2030",NASDAQ,False,nasdaqtrader
METCZ,"Ramaco Resources, Inc. - 8.375% Senior Notes due 2029",NASDAQ,False,nasdaqtrader
MEVO,M Evo Global Acquisition Corp II - Class A Ordinary Shares,NASDAQ,False,nasdaqtrader
MEVOU,M Evo Global Acquisition Corp II - Units,NASDAQ,False,nasdaqtrader
MEVOW,M Evo Global Acquisition Corp II - Warrants,NASDAQ,False,nasdaqtrader
MF,MindForge Inc. - Class A Ordinary Shares,NASDAQ,False,nasdaqtrader
MFA,"MFA Financial, Inc.",N,False,nasdaqtrader
MFA-PB,"MFA Financial, Inc. Preferred Series B",N,False,nasdaqtrader
MFA-PC,"MFA Financial, Inc. 6.50% Series C Fixed-to-Floating Rate Cumulative Redeemable Preferred Stock",N,False,nasdaqtrader
MFAN,"MFA Financial, Inc. 8.875% Senior Notes due 2029",N,False,nasdaqtrader
MFAO,"MFA Financial, Inc. 9.000% Senior Notes due 2029",N,False,nasdaqtrader
MFC,Manulife Financial Corporation Common Stock,N,False,nasdaqtrader
MFG,"Mizuho Financial Group, Inc. Sponosred ADR (Japan)",N,False,nasdaqtrader
MFI,mF International Limited - Class A Ordinary Shares,NASDAQ,False,nasdaqtrader
MFIC,MidCap Financial Investment Corporation - Closed End Fund,NASDAQ,False,nasdaqtrader
MFICL,MidCap Financial Investment Corporation - 8.00% Notes due 2028,NASDAQ,False,nasdaqtrader
MFIN,Medallion Financial Corp. - Common Stock,NASDAQ,False,nasdaqtrader
MFM,Aberdeen Municipal Income Fund Common Shares of Beneficial Interest,N,False,nasdaqtrader
MFP,"Midera Food Processing, Inc. - Common Stock",NASDAQ,False,nasdaqtrader
MG,Mistras Group Inc Common Stock,N,False,nasdaqtrader
MGA,"Magna International, Inc. Common Stock",N,False,nasdaqtrader
MGEE,MGE Energy Inc. - Common Stock,NASDAQ,False,nasdaqtrader
MGF,Aberdeen Government Markets Income Fund Common Shares of Beneficial Interest,N,False,nasdaqtrader
MGIH,Millennium Group International Holdings Limited - Ordinary Shares,NASDAQ,False,nasdaqtrader
MGLD,"The Marygold Companies, Inc. Common Stock",A,False,nasdaqtrader
MGM,MGM Resorts International Common Stock,N,False,nasdaqtrader
MGN,Megan Holdings Limited - Class A Ordinary Shares,NASDAQ,False,nasdaqtrader
MGNI,"Magnite, Inc. - Common Stock",NASDAQ,False,nasdaqtrader
MGNX,"MacroGenics, Inc. - Common Stock",NASDAQ,False,nasdaqtrader
MGPI,"MGP Ingredients, Inc. - Common Stock",NASDAQ,False,nasdaqtrader
MGR,"Affiliated Managers Group, Inc. 5.875% Junior Subordinated Notes due 2059",N,False,nasdaqtrader
MGRB,"Affiliated Managers Group, Inc. 4.750% Junior Subordinated Notes due 2060",N,False,nasdaqtrader
MGRC,McGrath RentCorp - Common Stock,NASDAQ,False,nasdaqtrader
MGRD,"Affiliated Managers Group, Inc. 4.200% Junior Subordinated Notes due 2061",N,False,nasdaqtrader
MGRE,"Affiliated Managers Group, Inc. 6.750% Junior Subordinated Notes due 2064",N,False,nasdaqtrader
MGRT,Mega Fortune Company Limited - Ordinary Shares,NASDAQ,False,nasdaqtrader
MGRX,"Mangoceuticals, Inc. - Common Stock",NASDAQ,False,nasdaqtrader
MGTX,MeiraGTx Holdings plc - Ordinary Shares,NASDAQ,False,nasdaqtrader
MGX,"Metagenomi Therapeutics, Inc. - Common Stock",NASDAQ,False,nasdaqtrader
MGY,Magnolia Oil & Gas Corporation Class A Common Stock,N,False,nasdaqtrader
MGYR,"Magyar Bancorp, Inc. - Common Stock",NASDAQ,False,nasdaqtrader
MH,"McGraw Hill, Inc. Common Stock",N,False,nasdaqtrader
MHD,"Blackrock MuniHoldings Fund, Inc. Common Stock",N,False,nasdaqtrader
MHF,"Western Asset Municipal High Income Fund, Inc. Common Stock",N,False,nasdaqtrader
MHH,"Mastech Digital, Inc Common Stock",A,False,nasdaqtrader
MHK,"Mohawk Industries, Inc. Common Stock",N,False,nasdaqtrader
MHLA,"Maiden Holdings, Ltd. 6.625% Notes due 2046",N,False,nasdaqtrader
MHNC,"Maiden Holdings North America, Ltd. 7.75% Notes due 2043",N,False,nasdaqtrader
MHO,"M/I Homes, Inc. Common Stock",N,False,nasdaqtrader
MI,NFT Limited Class A Ordinary Share,A,False,nasdaqtrader
MIACU,Meridian3 Industrials Acquisition Corp - Units,NASDAQ,False,nasdaqtrader
MIAX,"Miami International Holdings, Inc. Common Stock",N,False,nasdaqtrader
MICC,The Magnum Ice Cream Company N.V. Ordinary Shares,N,False,nasdaqtrader
MIDD,The Middleby Corporation - Common Stock,NASDAQ,False,nasdaqtrader
MIMI,Mint Incorporation Limited - Class A Ordinary Shares,NASDAQ,False,nasdaqtrader
MIN,Aberdeen Intermediate Income Fund Common Shares of Beneficial Interest,N,False,nasdaqtrader
MIND,"MIND Technology, Inc. - Common Stock",NASDAQ,False,nasdaqtrader
MINE,Mayfair Gold Corp. Common Shares,A,False,nasdaqtrader
MIR,"Mirion Technologies, Inc. Class A Common Stock",N,False,nasdaqtrader
MIRA,"MIRA Pharmaceuticals, Inc. - Common Stock",NASDAQ,False,nasdaqtrader
MIRM,"Mirum Pharmaceuticals, Inc. - common stock",NASDAQ,False,nasdaqtrader
MIST,Milestone Pharmaceuticals Inc. - Common Shares,NASDAQ,False,nasdaqtrader
MITK,"Mitek Systems, Inc. - Common Stock",NASDAQ,False,nasdaqtrader
MITN,"TPG Mortgage Investment Trust, Inc. 9.500% Senior Notes due 2029",N,False,nasdaqtrader
MITP,"TPG Mortgage Investment Trust, Inc. 9.500% Senior Notes due 2029",N,False,nasdaqtrader
MITQ,"Moving iMage Technologies, Inc. Common Stock",A,False,nasdaqtrader
MITT,"TPG Mortgage Investment Trust, Inc. Common Stock",N,False,nasdaqtrader
MITT-PA,"TPG Mortgage Investment Trust, Inc. 8.25% Series A Cumulative Redeemable Preferred Stock",N,False,nasdaqtrader
MITT-PB,"TPG Mortgage Investment Trust, Inc. 8.00% Series B Cumulative Redeemable Preferred Stock",N,False,nasdaqtrader
MITT-PC,"TPG Mortgage Investment Trust, Inc. 8.00% Series C Fixed-to-Floating Rate Cumulative Redeemable Preferred Stock, $0.01 par value per share",N,False,nasdaqtrader
MIY,"Blackrock MuniYield Michigan Quality Fund, Inc. Common Stock",N,False,nasdaqtrader
MKC,"McCormick & Company, Incorporated Common Stock",N,False,nasdaqtrader
MKC-V,"McCormick & Company, Incorporated Common Stock",N,False,nasdaqtrader
MKDW,MKDWELL Tech Inc. - Ordinary Shares,NASDAQ,False,nasdaqtrader
MKDWW,MKDWELL Tech Inc. - Warrants,NASDAQ,False,nasdaqtrader
MKL,Markel Group Inc. Common Stock,N,False,nasdaqtrader
MKLY,McKinley Acquisition Corporation - Class A Ordinary Shares,NASDAQ,False,nasdaqtrader
MKLYR,McKinley Acquisition Corporation - Rights,NASDAQ,False,nasdaqtrader
MKLYU,McKinley Acquisition Corporation - Units,NASDAQ,False,nasdaqtrader
MKSI,MKS Inc. - Common Stock,NASDAQ,False,nasdaqtrader
MKTW,"MarketWise, Inc. - Class A Common Stock",NASDAQ,False,nasdaqtrader
MKTX,"MarketAxess Holdings, Inc. - Common Stock",NASDAQ,False,nasdaqtrader
MKZR,"MacKenzie Realty Capital, Inc. - Common Stock",NASDAQ,False,nasdaqtrader
MLAA,Mountain Lake Acquisition Corp. II - Class A Ordinary Shares,NASDAQ,False,nasdaqtrader
MLAAU,Mountain Lake Acquisition Corp. II - Units,NASDAQ,False,nasdaqtrader
MLAAW,Mountain Lake Acquisition Corp. II - Warrants,NASDAQ,False,nasdaqtrader
MLAB,"Mesa Laboratories, Inc. - Common Stock",NASDAQ,False,nasdaqtrader
MLCI,Mount Logan Capital Inc. - Common Stock,NASDAQ,False,nasdaqtrader
MLCIL,Mount Logan Capital Inc. - 8.00% Notes Due 2031,NASDAQ,False,nasdaqtrader
MLCO,Melco Resorts & Entertainment Limited - American Depositary Shares,NASDAQ,False,nasdaqtrader
MLEC,Moolec Science SA - Ordinary Shares,NASDAQ,False,nasdaqtrader
MLECW,Moolec Science SA - Warrant,NASDAQ,False,nasdaqtrader
MLGO,"MicroAlgo, Inc. - Ordinary Shares",NASDAQ,False,nasdaqtrader
MLI,"Mueller Industries, Inc. Common Stock",N,False,nasdaqtrader
MLKN,"MillerKnoll, Inc. - Common Stock",NASDAQ,False,nasdaqtrader
MLM,"Martin Marietta Materials, Inc. Common Stock",N,False,nasdaqtrader
MLP,"Maui Land & Pineapple Company, Inc. Common Stock",N,False,nasdaqtrader
MLPB,"ETRACS Alerian MLP Infrastructure Index ETN Series B due April 2, 2040",P,False,nasdaqtrader
MLR,"Miller Industries, Inc. Common Stock",N,False,nasdaqtrader
MLSS,"Milestone Scientific, Inc. Common Stock",A,False,nasdaqtrader
MLTX,MoonLake Immunotherapeutics - Class A Ordinary Shares,NASDAQ,False,nasdaqtrader
MLYS,"Mineralys Therapeutics, Inc. - Common Stock",NASDAQ,False,nasdaqtrader
MMA,Mixed Martial Arts Group Limited Ordinary Shares,A,False,nasdaqtrader
MMD,NYLI MacKay DefinedTerm Muni Opportunities Fund Common Shares,N,False,nasdaqtrader
MMED,"MiniMed Group, Inc. - Common Stock",NASDAQ,False,nasdaqtrader
MMI,"Marcus & Millichap, Inc. Common Stock",N,False,nasdaqtrader
MMLP,Martin Midstream Partners L.P. - Common Units Representing Limited Partnership Interests,NASDAQ,False,nasdaqtrader
MMM,3M Company Common Stock,N,False,nasdaqtrader
MMS,"Maximus, Inc. Common Stock",N,False,nasdaqtrader
MMSI,"Merit Medical Systems, Inc. - Common Stock",NASDAQ,False,nasdaqtrader
MMT,Aberdeen Multi-Market Income Fund Common Shares of Beneficial Interest,N,False,nasdaqtrader
MMTX,Miluna Acquisition Corp - Class A Ordinary Shares,NASDAQ,False,nasdaqtrader
MMTXU,Miluna Acquisition Corp - Units,NASDAQ,False,nasdaqtrader
MMTXW,Miluna Acquisition Corp - Warrant,NASDAQ,False,nasdaqtrader
MMU,"Western Asset Managed Municipals Fund, Inc. Common Stock",N,False,nasdaqtrader
MMYT,MakeMyTrip Limited - Ordinary Shares,NASDAQ,False,nasdaqtrader
MNDO,MIND C.T.I. Ltd. - Ordinary Shares,NASDAQ,False,nasdaqtrader
MNDR,Mobile-health Network Solutions - Class A Ordinary Shares,NASDAQ,False,nasdaqtrader
MNDY,monday.com Ltd. - Ordinary Shares,NASDAQ,False,nasdaqtrader
MNKD,MannKind Corporation - Common Stock,NASDAQ,False,nasdaqtrader
MNOV,"MediciNova, Inc. - Common Stock",NASDAQ,False,nasdaqtrader
MNPR,Monopar Therapeutics Inc. - Common Stock,NASDAQ,False,nasdaqtrader
MNR,Mach Natural Resources LP Common Units representing Limited Partner Interests,N,False,nasdaqtrader
MNRO,"Monro, Inc.  - Common Stock",NASDAQ,False,nasdaqtrader
MNSB,"MainStreet Bancshares, Inc. - Common Stock",NASDAQ,False,nasdaqtrader
MNSBP,"MainStreet Bancshares, Inc. - Depositary Shares",NASDAQ,False,nasdaqtrader
MNSO,"MINISO Group Holding Limited American Depositary Shares, each representing four Ordinary Shares",N,False,nasdaqtrader
MNST,Monster Beverage Corporation - Common Stock,NASDAQ,False,nasdaqtrader
MNTK,"Montauk Renewables, Inc. - Common Stock",NASDAQ,False,nasdaqtrader
MNTN,"MNTN, Inc. Class A Common Stock",N,False,nasdaqtrader
MNTS,Momentus Inc. - Class A Common Stock,NASDAQ,False,nasdaqtrader
MNTSW,Momentus Inc. - Warrant,NASDAQ,False,nasdaqtrader
MNY,MoneyHero Limited - Class A Ordinary Shares,NASDAQ,False,nasdaqtrader
MNYWW,MoneyHero Limited - Warrants,NASDAQ,False,nasdaqtrader
MO,"Altria Group, Inc.",N,False,nasdaqtrader
MOB,Mobilicom Limited - Ordinary Shares,NASDAQ,False,nasdaqtrader
MOBBW,Mobilicom Limited - Warrants,NASDAQ,False,nasdaqtrader
MOBI,"Mobia Medical, Inc. - Common Stock",NASDAQ,False,nasdaqtrader
MOBX,"Mobix Labs, Inc. - Class A Common Stock",NASDAQ,False,nasdaqtrader
MOBXW,"Mobix Labs, Inc. - Warrants",NASDAQ,False,nasdaqtrader
MOD,Modine Manufacturing Company Common Stock,N,False,nasdaqtrader
MODD,"Modular Medical, Inc. - common stock",NASDAQ,False,nasdaqtrader
MOG-A,Moog Inc. Class A Common Stock,N,False,nasdaqtrader
MOG-B,Moog Inc. Class B Common Stock,N,False,nasdaqtrader
MOGU,MOGU Inc. American Depositary Shares (each  representing 25 Class A Ordinary Shares),N,False,nasdaqtrader
MOH,Molina Healthcare Inc Common Stock,N,False,nasdaqtrader
MOLN,Molecular Partners AG - American Depositary Shares,NASDAQ,False,nasdaqtrader
MOMO,Hello Group Inc.  - American Depositary Shares,NASDAQ,False,nasdaqtrader
MORN,"Morningstar, Inc. - Common Stock",NASDAQ,False,nasdaqtrader
MOS,Mosaic Company (The) Common Stock,N,False,nasdaqtrader
MOV,Movado Group Inc. Common Stock,N,False,nasdaqtrader
MOVE,"Corvex, Inc. - Common Stock",NASDAQ,False,nasdaqtrader
MP,MP Materials Corp. Common Stock,N,False,nasdaqtrader
MPA,Blackrock MuniYield Pennsylvania Quality Fund Common Stock,N,False,nasdaqtrader
MPAA,"Motorcar Parts of America, Inc. - Common Stock",NASDAQ,False,nasdaqtrader
MPB,Mid Penn Bancorp - Common Stock,NASDAQ,False,nasdaqtrader
MPC,Marathon Petroleum Corporation Common Stock,N,False,nasdaqtrader
MPLT,"MapLight Therapeutics, Inc. - Common Stock",NASDAQ,False,nasdaqtrader
MPLX,MPLX LP Common Units Representing Limited Partner Interests,N,False,nasdaqtrader
MPT,"Medical Properties Trust, Inc. common stock",N,False,nasdaqtrader
MPTI,"M-tron Industries, Inc. Common Stock",A,False,nasdaqtrader
MPU,Mega Matrix Inc. Class A Ordinary Shares,A,False,nasdaqtrader
MPV,Barings Participation Investors Common Stock,N,False,nasdaqtrader
MPWR,"Monolithic Power Systems, Inc. - Common Stock",NASDAQ,False,nasdaqtrader
MQ,"Marqeta, Inc. - Class A Common Stock",NASDAQ,False,nasdaqtrader
MQY,"Blackrock MuniYield Quality Fund, Inc. Common Stock",N,False,nasdaqtrader
MRAM,"Everspin Technologies, Inc. - Common Stock",NASDAQ,False,nasdaqtrader
MRBK,Meridian Corporation - Common Stock,NASDAQ,False,nasdaqtrader
MRCOU,Mercator Acquisition Corp. - Units,NASDAQ,False,nasdaqtrader
MRCY,Mercury Systems Inc - Common Stock,NASDAQ,False,nasdaqtrader
MRDN,Meridian Holdings Inc. - Common Stock,NASDAQ,False,nasdaqtrader
MREO,Mereo BioPharma Group plc - American Depositary Shares,NASDAQ,False,nasdaqtrader
MRK,"Merck & Company, Inc. Common Stock (new)",N,False,nasdaqtrader
MRKR,"Marker Therapeutics, Inc. - Common Stock",NASDAQ,False,nasdaqtrader
MRLN,"Merlin, Inc. - Common Stock",NASDAQ,False,nasdaqtrader
MRM,MEDIROM Healthcare Technologies Inc. - American Depositary Share,NASDAQ,False,nasdaqtrader
MRNA,"Moderna, Inc. - Common Stock",NASDAQ,False,nasdaqtrader
MRNO,Murano Global Investments PLC - Ordinary Shares,NASDAQ,False,nasdaqtrader
MRNOW,Murano Global Investments PLC - Warrants,NASDAQ,False,nasdaqtrader
MRP,"Millrose Properties, Inc. Class A Common Stock",N,False,nasdaqtrader
MRSH,Marsh Common Stock,N,False,nasdaqtrader
MRT,"Marti Technologies, Inc. Class A Ordinary Shares",A,False,nasdaqtrader
MRTN,"Marten Transport, Ltd. - Common Stock",NASDAQ,False,nasdaqtrader
MRVI,"Maravai LifeSciences Holdings, Inc. - Class A common stock",NASDAQ,False,nasdaqtrader
MRVL,"Marvell Technology, Inc. - Common Stock",NASDAQ,False,nasdaqtrader
MRX,Marex Group Limited - Ordinary Shares,NASDAQ,False,nasdaqtrader
MS,Morgan Stanley Common Stock,N,False,nasdaqtrader
MS-PA,Morgan Stanley Dep Shs repstg 1/1000 Pfd Ser A,N,False,nasdaqtrader
MS-PE,Morgan Stanley DEPOSITARY SHARES REP 1/1000TH SHARES FIXED/FLTG PREFERRED STOCK SERIES E,N,False,nasdaqtrader
MS-PF,Morgan Stanley Dep Shs Rpstg 1/1000th Int Prd Ser F Fxd to Flag,N,False,nasdaqtrader
MS-PI,Morgan Stanley Depository Shares Representing 1/1000th Preferred Series 1 Fixed to Floating Non (Cum),N,False,nasdaqtrader
MS-PK,"Morgan Stanley Depositary Shares, each representing 1/1,000th of a share of Fixed-to-Floating Rate Non-Cumulative Preferred Stock,  Series K",N,False,nasdaqtrader
MS-PL,"Morgan Stanley Depositary Shares, each representing 1/1,000th of a share of 4.875% Non-Cumulative Preferred Stock, Series L",N,False,nasdaqtrader
MS-PO,"Morgan Stanley Depositary Shares, each representing 1/1,000th of a share of 4.250% Non-Cumulative Preferred Stock, Series O",N,False,nasdaqtrader
MS-PP,"Morgan Stanley Depositary Shares, each representing 1/1,000th of a share of 6.500% Non-Cumulative Preferred Stock, Series P",N,False,nasdaqtrader
MS-PQ,"Morgan Stanley Depositary Shares, each representing 1/1,000th of a share of 6.625% Non-Cumulative Preferred Stock, Series Q",N,False,nasdaqtrader
MSA,MSA Safety Incorporated Common Stock,N,False,nasdaqtrader
MSAI,"MultiSensor AI Holdings, Inc. - Common Stock",NASDAQ,False,nasdaqtrader
MSAIW,"MultiSensor AI Holdings, Inc. - Warrants",NASDAQ,False,nasdaqtrader
MSB,Mesabi Trust Common Stock,N,False,nasdaqtrader
MSBI,"Midland States Bancorp, Inc. - Common Stock",NASDAQ,False,nasdaqtrader
MSBIP,"Midland States Bancorp, Inc. - Depositary Shares Each Representing a 1/40th Interest in a Share of 7.750% Fixed-Rate Reset Non-Cumulative Perpetual Preferred Stock, Series A",NASDAQ,False,nasdaqtrader
MSC,"Studio City International Holdings Limited American depositary shares, each representing four  Class A ordinary shares",N,False,nasdaqtrader
MSCI,MSCI Inc. Common Stock,N,False,nasdaqtrader
MSD,"Morgan Stanley Emerging Markets Debt Fund, Inc. Common Stock",N,False,nasdaqtrader
MSDL,Morgan Stanley Direct Lending Fund Common Stock,N,False,nasdaqtrader
MSEX,Middlesex Water Company - Common Stock,NASDAQ,False,nasdaqtrader
MSFT,Microsoft Corporation - Common Stock,NASDAQ,False,nasdaqtrader
MSGE,Madison Square Garden Entertainment Corp. Class A Common Stock,N,False,nasdaqtrader
MSGM,Motorsport Games Inc. - Class A Common Stock,NASDAQ,False,nasdaqtrader
MSGS,Madison Square Garden Sports Corp. Class A Common Stock (New),N,False,nasdaqtrader
MSGY,Masonglory Limited - Ordinary Shares,NASDAQ,False,nasdaqtrader
MSI,"Motorola Solutions, Inc. Common Stock",N,False,nasdaqtrader
MSIF,"MSC Income Fund, Inc. Common Stock",N,False,nasdaqtrader
MSLE,Satellos Bioscience Inc. - Common Stock,NASDAQ,False,nasdaqtrader
MSM,"MSC Industrial Direct Company, Inc. Common Stock",N,False,nasdaqtrader
MSN,Emerson Radio Corporation Common Stock,A,False,nasdaqtrader
MSS,Maison Solutions Inc. - Class A Common Stock,NASDAQ,False,nasdaqtrader
MSTR,Strategy Inc - Class A Common Stock,NASDAQ,False,nasdaqtrader
MT,Arcelor Mittal NY Registry Shares NEW,N,False,nasdaqtrader
MTA,Metalla Royalty & Streaming Ltd. Common Shares,A,False,nasdaqtrader
MTAKU,Market Technology Acquisition Corp - Unit,NASDAQ,False,nasdaqtrader
MTAL,Metals Acquisition Corp. II Class A Ordinary Shares,N,False,nasdaqtrader
MTAL-U,"Metals Acquisition Corp. II Units, each consisting of one Class A ordinary share and one-third of one redeemable warrant",N,False,nasdaqtrader
MTAL-W,"Metals Acquisition Corp. II Warrants, each whole warrant exercisable for one Class A ordinary share at an exercise price of $11.50 per share",N,False,nasdaqtrader
MTB,M&T Bank Corporation Common Stock,N,False,nasdaqtrader
MTB-PH,"M&T Bank Corporation Perpetual Fixed-to-Floating Rate Non-Cumulative Preferred Stock, Series H",N,False,nasdaqtrader
MTB-PJ,"M&T Bank Corporation Depositary Shares each representing a 1/400th ownership interest in a share of Perpetual 7.500% Non-Cumulative Preferred Stock, Series J",N,False,nasdaqtrader
MTB-PK,"M&T Bank Corporation Depositary Shares each representing a 1/400th interest in a share of Perpetual 6.350% Non-Cumulative Preferred Stock, Series K",N,False,nasdaqtrader
MTB-PL,"M&T Bank Corporation Depositary Shares each representing a 1/400th ownership interest in a share of Perpetual 6.625% Non-Cumulative Preferred Stock, Series L",N,False,nasdaqtrader
MTC,"MMTec, Inc. - Common Shares",NASDAQ,False,nasdaqtrader
MTCH,"Match Group, Inc. - Common Stock",NASDAQ,False,nasdaqtrader
MTD,"Mettler-Toledo International, Inc. Common Stock",N,False,nasdaqtrader
MTDR,Matador Resources Company Common Stock,N,False,nasdaqtrader
MTEK,Maris-Tech Ltd. - ordinary shares,NASDAQ,False,nasdaqtrader
MTEKW,Maris-Tech Ltd. - Warrants,NASDAQ,False,nasdaqtrader
MTEN,Mingteng International Corporation Inc. - Class A Ordinary Shares,NASDAQ,False,nasdaqtrader
MTEX,"Mannatech, Incorporated - Common Stock",NASDAQ,False,nasdaqtrader
MTG,MGIC Investment Corporation Common Stock,N,False,nasdaqtrader
MTH,Meritage Homes Corporation Common Stock,N,False,nasdaqtrader
MTLS,Materialise NV - American Depositary Shares,NASDAQ,False,nasdaqtrader
MTN,"Vail Resorts, Inc. Common Stock",N,False,nasdaqtrader
MTNB,"Matinas Biopharma Holdings, Inc. Common Stock",A,False,nasdaqtrader
MTNE,CH4 Natural Solutions Corporation Class A Ordinary Shares,N,False,nasdaqtrader
MTNE-U,"CH4 Natural Solutions Corporation Units, each consisting of one Class A ordinary share and one-half of one Warrant",N,False,nasdaqtrader
MTNE-W,"CH4 Natural Solutions Corporation Warrants, each whole warrant exercisable for one Class A Ordinary Share at an exercise price of $11.50 per share",N,False,nasdaqtrader
MTR,Mesa Royalty Trust Common Stock,N,False,nasdaqtrader
MTRN,Materion Corporation,N,False,nasdaqtrader
MTRX,Matrix Service Company - Common Stock,NASDAQ,False,nasdaqtrader
MTSI,"MACOM Technology Solutions Holdings, Inc. - Common Stock",NASDAQ,False,nasdaqtrader
MTUS,Metallus Inc. Common Shares,N,False,nasdaqtrader
MTVA,MetaVia Inc.  - Common Stock,NASDAQ,False,nasdaqtrader
MTW,"Manitowoc Company, Inc. (The) Common Stock",N,False,nasdaqtrader
MTX,Minerals Technologies Inc. Common Stock,N,False,nasdaqtrader
MTZ,"MasTec, Inc. Common Stock",N,False,nasdaqtrader
MU,"Micron Technology, Inc. - Common Stock",NASDAQ,False,nasdaqtrader
MUA,"Blackrock MuniAssets Fund, Inc Common Stock",N,False,nasdaqtrader
MUA-R,"Blackrock MuniAssets Fund, Inc. Rights (expiring August 20, 2026) Rights",N,False,nasdaqtrader
MUC,"Blackrock MuniHoldings California Quality Fund, Inc.  Common Stock",N,False,nasdaqtrader
MUFG,"Mitsubishi UFJ Financial Group, Inc. Common Stock",N,False,nasdaqtrader
MUJ,"Blackrock MuniHoldings New Jersey Quality Fund, Inc. Common Stock",N,False,nasdaqtrader
MUR,Murphy Oil Corporation Common Stock,N,False,nasdaqtrader
MUSA,Murphy USA Inc. Common Stock,N,False,nasdaqtrader
MUX,McEwen Inc. Common Stock,N,False,nasdaqtrader
MUZE,Muzero Acquisition Corp - Class A Ordinary Shares,NASDAQ,False,nasdaqtrader
MUZEU,Muzero Acquisition Corp - Unit,NASDAQ,False,nasdaqtrader
MUZEW,Muzero Acquisition Corp - Warrant,NASDAQ,False,nasdaqtrader
MVBF,MVB Financial Corp. - Common Stock,NASDAQ,False,nasdaqtrader
MVIS,"MicroVision, Inc. - Common Stock",NASDAQ,False,nasdaqtrader
MVST,"Microvast Holdings, Inc. - Common Stock",NASDAQ,False,nasdaqtrader
MWA,MUELLER WATER PRODUCTS Common Stock,N,False,nasdaqtrader
MWC,"Micware Co., Ltd. - American Depositary Shares",NASDAQ,False,nasdaqtrader
MWG,Multi Ways Holdings Limited Class A Ordinary Shares,A,False,nasdaqtrader
MWH,"SOLV Energy, Inc. - Class A common stock",NASDAQ,False,nasdaqtrader
MWYN,"Marwynn Holdings, Inc. - Common stock",NASDAQ,False,nasdaqtrader
MX,Magnachip Semiconductor Corporation Common Stock,N,False,nasdaqtrader
MXC,Mexco Energy Corporation Common Stock,A,False,nasdaqtrader
MXCT,"MaxCyte, Inc. - Common Stock",NASDAQ,False,nasdaqtrader
MXE,"Mexico Equity and Income Fund, Inc. (The) Common Stock",N,False,nasdaqtrader
MXF,"Mexico Fund, Inc. (The) Common Stock",N,False,nasdaqtrader
MXL,"MaxLinear, Inc - Common Stock",NASDAQ,False,nasdaqtrader
MYE,"Myers Industries, Inc. Common Stock",N,False,nasdaqtrader
MYFW,"First Western Financial, Inc. - Common Stock",NASDAQ,False,nasdaqtrader
MYGN,"Myriad Genetics, Inc. - Common Stock",NASDAQ,False,nasdaqtrader
MYI,"Blackrock MuniYield Quality Fund III, Inc Common Stock",N,False,nasdaqtrader
MYN,"Blackrock MuniYield New York Quality Fund, Inc.Common Stock",N,False,nasdaqtrader
MYND,"Mynd.ai, Inc. American Depositary Shares",A,False,nasdaqtrader
MYO,Myomo Inc. Common Stock,A,False,nasdaqtrader
MYPS,"PLAYSTUDIOS, Inc.  - Class A Common Stock",NASDAQ,False,nasdaqtrader
MYRG,"MYR Group, Inc. - Common Stock",NASDAQ,False,nasdaqtrader
MYSE,"Myseum.AI, Inc. - Common Stock",NASDAQ,False,nasdaqtrader
MYSEW,"Myseum.AI, Inc. - Series A Warrant",NASDAQ,False,nasdaqtrader
MYSZ,"My Size, Inc. - Common Stock",NASDAQ,False,nasdaqtrader
MYX,Maywood Acquisition Corp. 2 - Class A Ordinary Share,NASDAQ,False,nasdaqtrader
MYXXR,Maywood Acquisition Corp. 2 - Rights,NASDAQ,False,nasdaqtrader
MYXXU,Maywood Acquisition Corp. 2 - Units,NASDAQ,False,nasdaqtrader
MYXXW,Maywood Acquisition Corp. 2 - Warrants,NASDAQ,False,nasdaqtrader
MZTI,The Marzetti Company - Common Stock,NASDAQ,False,nasdaqtrader
MZYX,MOZAYYX Acquisition Corp. Class A Ordinary Shares,N,False,nasdaqtrader
MZYX-U,"MOZAYYX Acquisition Corp. Units, each consisting of one Class A ordinary share and one-quarter of one redeemable warrant",N,False,nasdaqtrader
MZYX-W,"MOZAYYX Acquisition Corp. Redeemable warrants, each whole warrant exercisable for one Class A ordinary share at an exercise price of $11.50",N,False,nasdaqtrader
NA,Nano Labs Ltd - Class A Ordinary Shares,NASDAQ,False,nasdaqtrader
NAAS,NaaS Technology Inc. - American Depositary Shares,NASDAQ,False,nasdaqtrader
NABL,"N-able, Inc. Common Stock",N,False,nasdaqtrader
NAC,Nuveen California Quality Municipal Income Fund,N,False,nasdaqtrader
NAD,Nuveen Quality Municipal Income Fund Common Stock,N,False,nasdaqtrader
NAGE,"Niagen Bioscience, Inc. - Common Stock",NASDAQ,False,nasdaqtrader
NAII,"Natural Alternatives International, Inc. - Common Stock",NASDAQ,False,nasdaqtrader
NAK,"Northern Dynasty Minerals, Ltd. Common Stock",A,False,nasdaqtrader
NAKA,Nakamoto Inc. - Common Stock,NASDAQ,False,nasdaqtrader
NAMI,Jinxin Technology Holding Company - American Depositary Shares,NASDAQ,False,nasdaqtrader
NAMM,Namib Minerals - Ordinary Shares,NASDAQ,False,nasdaqtrader
NAMMW,Namib Minerals - Warrants,NASDAQ,False,nasdaqtrader
NAMS,NewAmsterdam Pharma Company N.V. - Ordinary Shares,NASDAQ,False,nasdaqtrader
NAMSW,NewAmsterdam Pharma Company N.V. - Warrant,NASDAQ,False,nasdaqtrader
NAN,Nuveen New York Quality Municipal Income Fund Common Stock,N,False,nasdaqtrader
NAT,Nordic American Tankers Limited Common Stock,N,False,nasdaqtrader
NATH,"Nathan's Famous, Inc. - Common Stock",NASDAQ,False,nasdaqtrader
NATL,NCR Atleos Corporation Common Stock,N,False,nasdaqtrader
NATR,"Nature's Sunshine Products, Inc. - Common Stock",NASDAQ,False,nasdaqtrader
NAUT,"Nautilus Biotechnology, Inc. - Common Stock",NASDAQ,False,nasdaqtrader
NAVI,Navient Corporation - Common Stock,NASDAQ,False,nasdaqtrader
NAVN,"Navan, Inc. - Class A Common Stock",NASDAQ,False,nasdaqtrader
NAZ,Nuveen Arizona Quality Municipal Income Fund Common Stock,N,False,nasdaqtrader
NB,NioCorp Developments Ltd. - Common Stock,NASDAQ,False,nasdaqtrader
NBB,Nuveen Taxable Municipal Income Fund Common Shares of Beneficial Interest,N,False,nasdaqtrader
NBBK,"NB Bancorp, Inc. - Common Stock",NASDAQ,False,nasdaqtrader
NBH,Neuberger Municipal Fund Inc. Common Stock,A,False,nasdaqtrader
NBHC,National Bank Holdings Corporation Common Stock,N,False,nasdaqtrader
NBIS,Nebius Group N.V. - Class A Ordinary Shares,NASDAQ,False,nasdaqtrader
NBIX,"Neurocrine Biosciences, Inc. - Common Stock",NASDAQ,False,nasdaqtrader
NBN,Northeast Bank - Common Stock,NASDAQ,False,nasdaqtrader
NBP,NovaBridge Biosciences - American Depositary Shares,NASDAQ,False,nasdaqtrader
NBR,Nabors Industries Ltd.,N,False,nasdaqtrader
NBRG,Newbridge Acquisition Limited - Class A Ordinary Share,NASDAQ,False,nasdaqtrader
NBRGR,Newbridge Acquisition Limited - Rights,NASDAQ,False,nasdaqtrader
NBRGU,Newbridge Acquisition Limited - Unit,NASDAQ,False,nasdaqtrader
NBTB,NBT Bancorp Inc. - Common Stock,NASDAQ,False,nasdaqtrader
NBTX,Nanobiotix S.A. - ADSs,NASDAQ,False,nasdaqtrader
NBXG,Neuberger Next Generation Connectivity Fund Inc. Common Stock,N,False,nasdaqtrader
NC,"NACCO Industries, Inc. Common Stock",N,False,nasdaqtrader
NCA,Nuveen California Municipal Value Fund,N,False,nasdaqtrader
NCDL,Nuveen Churchill Direct Lending Corp. Common Stock,N,False,nasdaqtrader
NCEL,NewcelX Ltd. - Ordinary Shares,NASDAQ,False,nasdaqtrader
NCEW,New Century Logistics (BVI) Limited - Ordinary Shares,NASDAQ,False,nasdaqtrader
NCI,Neo-Concept International Group Holdings Limited - Class A Ordinary Shares,NASDAQ,False,nasdaqtrader
NCL,Northann Corp. Common Stock,A,False,nasdaqtrader
NCLH,Norwegian Cruise Line Holdings Ltd. Ordinary Shares,N,False,nasdaqtrader
NCMI,"National CineMedia, Inc. - Common Stock",NASDAQ,False,nasdaqtrader
NCNA,NuCana plc - American Depositary Shares,NASDAQ,False,nasdaqtrader
NCNO,"nCino, Inc. - Common Stock",NASDAQ,False,nasdaqtrader
NCO,Southern Cross Acquisition I Corp. - Ordinary Shares,NASDAQ,False,nasdaqtrader
NCOOR,Southern Cross Acquisition I Corp. - Rights,NASDAQ,False,nasdaqtrader
NCOOU,Southern Cross Acquisition I Corp. - Units,NASDAQ,False,nasdaqtrader
NCOOW,Southern Cross Acquisition I Corp. - Warrants,NASDAQ,False,nasdaqtrader
NCPL,Netcapital Inc. - Common Stock,NASDAQ,False,nasdaqtrader
NCPLW,Netcapital Inc. - warrants,NASDAQ,False,nasdaqtrader
NCRA,"Nocera, Inc. - common stock",NASDAQ,False,nasdaqtrader
NCSM,"NCS Multistage Holdings, Inc. - Common Stock",NASDAQ,False,nasdaqtrader
NCT,Intercont (Cayman) Limited - Class A Ordinary shares,NASDAQ,False,nasdaqtrader
NCTY,The9 Limited - American Depository Shares,NASDAQ,False,nasdaqtrader
NCV,Virtus Convertible & Income Fund Common Shares of Beneficial Interest,N,False,nasdaqtrader
NCV-PA,Virtus Convertible & Income Fund 5.625% Series A Cumulative Preferred Shares,N,False,nasdaqtrader
NCZ,Virtus Convertible & Income Fund II Common Shares of Beneficial Interest,N,False,nasdaqtrader
NCZ-PA,Virtus Convertible & Income Fund II 5.50% Series A Cumulative Preferred Shares,N,False,nasdaqtrader
NDAQ,"Nasdaq, Inc. - Common Stock",NASDAQ,False,nasdaqtrader
NDLS,Noodles & Company - Class A Common Stock,NASDAQ,False,nasdaqtrader
NDMO,Nuveen Dynamic Municipal Opportunities Fund Common Shares of Beneficial Interest,N,False,nasdaqtrader
NDRA,ENDRA Life Sciences Inc. - Common Stock,NASDAQ,False,nasdaqtrader
NDSN,Nordson Corporation - Common Stock,NASDAQ,False,nasdaqtrader
NE,Noble Corporation plc A Ordinary Shares,N,False,nasdaqtrader
NE-A,Noble Corporation plc Tranche 2 Warrants,N,False,nasdaqtrader
NE-W,Noble Corporation plc Tranche 1 Warrants,N,False,nasdaqtrader
NEA,Nuveen AMT-Free Quality Municipal Income Fund Common Shares of Beneficial Interest Par Value $.01,N,False,nasdaqtrader
NECB,"NorthEast Community Bancorp, Inc. - Common Stock",NASDAQ,False,nasdaqtrader
NEE,"NextEra Energy, Inc. Common Stock",N,False,nasdaqtrader
NEE-PN,"NextEra Energy Capital Holdings Inc. Series N Junior Subordinated Debentures due March 1, 2079",N,False,nasdaqtrader
NEE-PS,"NextEra Energy, Inc. 7.299% Corporate Units",N,False,nasdaqtrader
NEE-PT,"NextEra Energy, Inc. 7.234% Corporate Units",N,False,nasdaqtrader
NEE-PU,"NextEra Energy, Inc. Series U Junior Subordinated Debentures due June 1, 2085",N,False,nasdaqtrader
NEE-PV,"NextEra Energy, Inc. 7.375% Corporate Units",N,False,nasdaqtrader
NEE-PW,"NextEra Energy Capital Holdings Inc. Series Z Junior Subordinated Debentures due April 15, 2086",N,False,nasdaqtrader
NEGG,"Newegg Commerce, Inc. - Common Shares",NASDAQ,False,nasdaqtrader
NEM,Newmont Corporation,N,False,nasdaqtrader
NEN,New England Realty Associates Limited Partnership Class A Depositary Receipts Evidencing Units of Limited Partnership,A,False,nasdaqtrader
NEO,"NeoGenomics, Inc. - Common Stock",NASDAQ,False,nasdaqtrader
NEOG,Neogen Corporation - Common Stock,NASDAQ,False,nasdaqtrader
NEON,Neonode Inc. - Common Stock,NASDAQ,False,nasdaqtrader
NEOV,NeoVolta Inc. - Common Stock,NASDAQ,False,nasdaqtrader
NEOVW,NeoVolta Inc. - Warrant,NASDAQ,False,nasdaqtrader
NEPH,"Nephros, Inc. - Common Stock",NASDAQ,False,nasdaqtrader
NERV,"Minerva Neurosciences, Inc - Common Stock",NASDAQ,False,nasdaqtrader
NESR,National Energy Services Reunited Corp - Ordinary Shares,NASDAQ,False,nasdaqtrader
NET,"Cloudflare, Inc. Class A Common Stock",N,False,nasdaqtrader
NEU,NewMarket Corp Common Stock,N,False,nasdaqtrader
NEUP,Neuphoria Therapeutics Inc. - Common Stock,NASDAQ,False,nasdaqtrader
NEWP,New Pacific Metals Corp. Common Shares,A,False,nasdaqtrader
NEWT,"NewtekOne, Inc. - Common Stock",NASDAQ,False,nasdaqtrader
NEWTG,"NewtekOne, Inc. - 8.50% Fixed Rate Senior Notes due 2029",NASDAQ,False,nasdaqtrader
NEWTH,"NewtekOne, Inc. - 8.625% Fixed Rate Senior Notes due 2029",NASDAQ,False,nasdaqtrader
NEWTI,"NewtekOne, Inc. - 8.00% Fixed Rate Senior Notes due 2028",NASDAQ,False,nasdaqtrader
NEWTO,"NewtekOne, Inc. - 8.50% Fixed Rate Senior Notes due 2031",NASDAQ,False,nasdaqtrader
NEWTP,"NewtekOne, Inc. - Depositary Shares, Each Representing a 1/40th Interest in a Share of 8.500% Fixed Rate Reset Non-Cumulative Perpetual Preferred Stock, Series B",NASDAQ,False,nasdaqtrader
NEXA,Nexa Resources S.A. Common Shares,N,False,nasdaqtrader
NEXM,NexMetals Mining Corp. - Common Stock,NASDAQ,False,nasdaqtrader
NEXN,Nexxen International Ltd. - Ordinary Shares,NASDAQ,False,nasdaqtrader
NEXR,Nexera Technologies Ltd - Ordinary Shares,NASDAQ,False,nasdaqtrader
NEXRW,Nexera Technologies Ltd - Warrant,NASDAQ,False,nasdaqtrader
NEXT,NextDecade Corporation - Common Stock,NASDAQ,False,nasdaqtrader
NFE,New Fortress Energy Inc. - Class A Common Stock,NASDAQ,False,nasdaqtrader
NFG,National Fuel Gas Company Common Stock,N,False,nasdaqtrader
NFGC,New Found Gold Corp Common Shares,A,False,nasdaqtrader
NFJ,"Virtus Dividend, Interest & Premium Strategy Fund Common Shares of Beneficial Interest",N,False,nasdaqtrader
NFLX,"Netflix, Inc. - Common Stock",NASDAQ,False,nasdaqtrader
NG,Novagold Resources Inc.,A,False,nasdaqtrader
NGEN,NervGen Pharma Corp. - Common stock,NASDAQ,False,nasdaqtrader
NGG,"National Grid Transco, PLC National Grid PLC (NEW) American Depositary Shares",N,False,nasdaqtrader
NGL,NGL ENERGY PARTNERS LP Common Units representing Limited Partner Interests,N,False,nasdaqtrader
NGL-PB,NGL ENERGY PARTNERS LP 9.00% Class B Fixed-to-Floating Rate Cumulative Redeemable Perpetual Preferred Units representing limited partnership interests,N,False,nasdaqtrader
NGL-PC,NGL ENERGY PARTNERS LP 9.625% Class C Fixed-to-Floating Rate Cumulative  Redeemable Perpetual Preferred Units representing  limited partner interests,N,False,nasdaqtrader
NGNE,Neurogene Inc. - Common Stock,NASDAQ,False,nasdaqtrader
NGS,"Natural Gas Services Group, Inc. Common Stock",N,False,nasdaqtrader
NGVC,"Natural Grocers by Vitamin Cottage, Inc. Common Stock",N,False,nasdaqtrader
NGVT,Ingevity Corporation Common Stock,N,False,nasdaqtrader
NHC,National HealthCare Corporation Common Stock,A,False,nasdaqtrader
NHI,"National Health Investors, Inc. Common Stock",N,False,nasdaqtrader
NHIC,NewHold Investment Corp III - Class A Ordinary shares,NASDAQ,False,nasdaqtrader
NHICU,NewHold Investment Corp III - Units,NASDAQ,False,nasdaqtrader
NHICW,NewHold Investment Corp III - Warrants,NASDAQ,False,nasdaqtrader
NHIV,NewHold Investment Corp IV - Class A Ordinary Shares,NASDAQ,False,nasdaqtrader
NHIVU,NewHold Investment Corp IV - Units,NASDAQ,False,nasdaqtrader
NHIVW,NewHold Investment Corp IV - Warrants,NASDAQ,False,nasdaqtrader
NHP,"National Healthcare Properties, Inc. - Class A Common Stock",NASDAQ,False,nasdaqtrader
NHPAP,"National Healthcare Properties, Inc. - 7.375% Series A Cumulative Redeemable Perpetual Preferred Stock",NASDAQ,False,nasdaqtrader
NHPBP,"National Healthcare Properties, Inc. - 7.125% Series B Cumulative Redeemable Perpetual Preferred Stock",NASDAQ,False,nasdaqtrader
NHS,Neuberger High Yield Strategies Fund Inc. Common Stock,A,False,nasdaqtrader
NHTC,Natural Health Trends Corp. - Common Stock,NASDAQ,False,nasdaqtrader
NI,NiSource Inc Common Stock,N,False,nasdaqtrader
NIC,Nicolet Bankshares Inc. Common Stock,N,False,nasdaqtrader
NICE,NICE Ltd - American Depositary Shares each representing one Ordinary Share,NASDAQ,False,nasdaqtrader
NICM,Nicola Mining Inc. - American Depositary Shares,NASDAQ,False,nasdaqtrader
NIE,Virtus Equity & Convertible Income Fund Common Shares of Beneficial Interest,N,False,nasdaqtrader
NIKI,"Niki BioSolutions, Inc. - Common Stock",NASDAQ,False,nasdaqtrader
NIM,Nuveen Select Maturities Municipal Fund Common Stock,N,False,nasdaqtrader
NINE,"Nine Energy Service, Inc. Common Stock",A,False,nasdaqtrader
NIO,"NIO Inc. American depositary shares, each  representing one Class A ordinary share",N,False,nasdaqtrader
NIOBW,NioCorp Developments Ltd. - Warrant,NASDAQ,False,nasdaqtrader
NIPG,NIP Group Inc. - American Depositary Shares,NASDAQ,False,nasdaqtrader
NIQ,NIQ Global Intelligence plc Ordinary Shares,N,False,nasdaqtrader
NIU,Niu Technologies - American Depositary Shares,NASDAQ,False,nasdaqtrader
NIVF,NewGenIvf Group Limited - Class A Ordinary Shares,NASDAQ,False,nasdaqtrader
NIVFW,NewGenIvf Group Limited - Warrants,NASDAQ,False,nasdaqtrader
NIXX,"Nixxy, Inc. - Common Stock",NASDAQ,False,nasdaqtrader
NJR,NewJersey Resources Corporation Common Stock,N,False,nasdaqtrader
NKE,"Nike, Inc. Common Stock",N,False,nasdaqtrader
NKLR,Terra Innovatum Global N.V. - Ordinary shares,NASDAQ,False,nasdaqtrader
NKSH,"National Bankshares, Inc. - Common Stock",NASDAQ,False,nasdaqtrader
NKTR,Nektar Therapeutics - Common Stock,NASDAQ,False,nasdaqtrader
NKTX,"Nkarta, Inc. - Common Stock",NASDAQ,False,nasdaqtrader
NKX,Nuveen California AMT-Free Quality Municipal Income Fund,N,False,nasdaqtrader
NL,"NLI Holdings, Inc. Common Stock",N,False,nasdaqtrader
NLOP,Net Lease Office Properties Common Shares of Beneficial Interest,N,False,nasdaqtrader
NLY,Annaly Capital Management Inc. Common Stock,N,False,nasdaqtrader
NLY-PF,Annaly Capital Management Inc 6.95% Series F,N,False,nasdaqtrader
NLY-PG,Annaly Capital Management Inc 6.50% Series G Fixed-to-Floating Rate Cumulative Redeemable Preferred Stock,N,False,nasdaqtrader
NLY-PI,Annaly Capital Management Inc 6.750% Series I Fixed-to-Floating Rate Cumulative Redeemable Preferred Stock,N,False,nasdaqtrader
NLY-PJ,Annaly Capital Management Inc. 8.875% Series J Fixed-Rate Cumulative Redeemable Preferred Stock,N,False,nasdaqtrader
NMAD,"Nomad Power Solutions, Inc. - Common Stock",NASDAQ,False,nasdaqtrader
NMAI,Nuveen Multi-Asset Income Fund Common Shares of Beneficial Interest,N,False,nasdaqtrader
NMAX,"Newsmax, Inc. Class B Common Stock",N,False,nasdaqtrader
NMCO,Nuveen Municipal Credit Opportunities Fund Common Shares,N,False,nasdaqtrader
NMFC,New Mountain Finance Corporation - Common Stock,NASDAQ,False,nasdaqtrader
NMFCZ,New Mountain Finance Corporation - 8.250% Notes due 2028,NASDAQ,False,nasdaqtrader
NMG,Nouveau Monde Graphite Inc. Common Shares,N,False,nasdaqtrader
NMI,"Nuveen Municipal Income Fund, Inc. Common Stock",N,False,nasdaqtrader
NMIH,NMI Holdings Inc - Common Stock,NASDAQ,False,nasdaqtrader
NML,Neuberger Energy Infrastructure and Income Fund Inc. Common Stock,A,False,nasdaqtrader
NMM,Navios Maritime Partners LP Common Units Representing Limited Partner Interests,N,False,nasdaqtrader
NMP,NMP Acquisition Corp. - Class A Ordinary Shares,NASDAQ,False,nasdaqtrader
NMPAR,NMP Acquisition Corp. - Right,NASDAQ,False,nasdaqtrader
NMPAU,NMP Acquisition Corp. - Units,NASDAQ,False,nasdaqtrader
NMR,Nomura Holdings Inc ADR American Depositary Shares,N,False,nasdaqtrader
NMRA,"Neumora Therapeutics, Inc. - Common Stock",NASDAQ,False,nasdaqtrader
NMRK,"Newmark Group, Inc. - Class A Common Stock",NASDAQ,False,nasdaqtrader
NMS,Nuveen Minnesota Quality Municipal Income Fund,N,False,nasdaqtrader
NMT,Nuveen Massachusetts Quality Municipal Income Fund Common Stock,N,False,nasdaqtrader
NMTC,NeuroOne Medical Technologies Corporation - Common Stock,NASDAQ,False,nasdaqtrader
NMZ,"Nuveen Municipal High Income Opportunity Fund Common Stock, $0.01 par value, per share",N,False,nasdaqtrader
NN,NextNav Inc. - Common stock,NASDAQ,False,nasdaqtrader
NNBR,"NN, Inc. - Common Stock",NASDAQ,False,nasdaqtrader
NNDM,Nano Dimension Ltd. - American Depositary Shares,NASDAQ,False,nasdaqtrader
NNE,Nano Nuclear Energy Inc. - common stock,NASDAQ,False,nasdaqtrader
NNI,"Nelnet, Inc. Common Stock",N,False,nasdaqtrader
NNN,"NNN REIT, Inc. Common Stock",N,False,nasdaqtrader
NNNN,Anbio Biotechnology - Class A Ordinary Shares,NASDAQ,False,nasdaqtrader
NNOX,NANO-X IMAGING LTD - Ordinary Shares,NASDAQ,False,nasdaqtrader
NNVC,"NanoViricides, Inc. Common Stock",A,False,nasdaqtrader
NNY,Nuveen New York Municipal Value Fund Common Stock,N,False,nasdaqtrader
NOA,North American Construction Group Ltd. Common Shares (no par),N,False,nasdaqtrader
NOAH,Noah Holdings Limited American Depositary Shares,N,False,nasdaqtrader
NOC,Northrop Grumman Corporation Common Stock,N,False,nasdaqtrader
NODK,"NI Holdings, Inc. - Common Stock",NASDAQ,False,nasdaqtrader
NOEM,CO2 Energy Transition Corp. - Common Stock,NASDAQ,False,nasdaqtrader
NOEMR,CO2 Energy Transition Corp. - Right,NASDAQ,False,nasdaqtrader
NOEMU,CO2 Energy Transition Corp. - Unit,NASDAQ,False,nasdaqtrader
NOEMW,CO2 Energy Transition Corp. - Warrant,NASDAQ,False,nasdaqtrader
NOG,"Northern Oil and Gas, Inc. Common Stock",N,False,nasdaqtrader
NOK,Nokia Corporation Sponsored American Depositary Shares,N,False,nasdaqtrader
NOMA,NOMADAR Corp. - Class A Common Stock,NASDAQ,False,nasdaqtrader
NOMD,Nomad Foods Limited Ordinary Shares,N,False,nasdaqtrader
NOV,NOV Inc. Common Stock,N,False,nasdaqtrader
NOVT,Novanta Inc. - Common Shares,NASDAQ,False,nasdaqtrader
NOVTU,Novanta Inc. - Tangible Equity Units,NASDAQ,False,nasdaqtrader
NOW,"ServiceNow, Inc. Common Stock",N,False,nasdaqtrader
NP,Neptune Insurance Holdings Inc. Class A Common Stock,N,False,nasdaqtrader
NPAC,New Providence Acquisition Corp. III - Ordinary Shares,NASDAQ,False,nasdaqtrader
NPACU,New Providence Acquisition Corp. III - Units,NASDAQ,False,nasdaqtrader
NPACW,New Providence Acquisition Corp. III - Warrants,NASDAQ,False,nasdaqtrader
NPB,"Northpointe Bancshares, Inc. Common Stock",N,False,nasdaqtrader
NPCE,"Neuropace, Inc. - Common Stock",NASDAQ,False,nasdaqtrader
NPCT,Nuveen Core Plus Impact Fund Common Shares of Beneficial Interest,N,False,nasdaqtrader
NPFD,Nuveen Variable Rate Preferred & Income Fund Common Shares,N,False,nasdaqtrader
NPK,"National Presto Industries, Inc. Common Stock",N,False,nasdaqtrader
NPKI,NPK International Inc. Common Stock,N,False,nasdaqtrader
NPO,Enpro Inc. Common Stock,N,False,nasdaqtrader
NPT,Texxon Holding Limited - Ordinary shares,NASDAQ,False,nasdaqtrader
NPV,Nuveen Virginia Quality Municipal Income Fund Common Stock,N,False,nasdaqtrader
NPWR,NET Power Inc. Class A Common Stock,N,False,nasdaqtrader
NPWR-W,"NET Power Inc. Redeemable warrants, each whole warrant exercisable for one share of Class A Common Stock at an exercise price of $11.50",N,False,nasdaqtrader
NRC,NRC Health - Common Stock,NASDAQ,False,nasdaqtrader
NRDS,"NerdWallet, Inc. - Class A Common Stock",NASDAQ,False,nasdaqtrader
NRDY,Nerdy Inc. Class A Common Stock,N,False,nasdaqtrader
NREF,"NexPoint Real Estate Finance, Inc. Common Stock",N,False,nasdaqtrader
NREF-PA,"NexPoint Real Estate Finance, Inc. 8.50% Series A Cumulative Redeemable Preferred Stock",N,False,nasdaqtrader
NRG,"NRG Energy, Inc. Common Stock",N,False,nasdaqtrader
NRGV,"Energy Vault Holdings, Inc. Common Stock",N,False,nasdaqtrader
NRIM,Northrim BanCorp Inc - Common Stock,NASDAQ,False,nasdaqtrader
NRIX,"Nurix Therapeutics, Inc. - Common stock",NASDAQ,False,nasdaqtrader
NRK,Nuveen New York AMT-Free Quality Municipal Income Fund,N,False,nasdaqtrader
NRO,Neuberger Real Estate Securities Income Fund Inc. Common Stock,A,False,nasdaqtrader
NRP,Natural Resource Partners LP Limited Partnership,N,False,nasdaqtrader
NRSN,NeuroSense Therapeutics Ltd. - Ordinary Shares,NASDAQ,False,nasdaqtrader
NRSNW,NeuroSense Therapeutics Ltd. - Warrant,NASDAQ,False,nasdaqtrader
NRT,North European Oil Royality Trust Common Stock,N,False,nasdaqtrader
NRUC,National Rural Utilities Cooperative Finance Corporation 5.500% Subordinated Notes due 2064 (Subordinated Deferrable Interest Notes),N,False,nasdaqtrader
NRXP,"NRX Pharmaceuticals, Inc. - Common Stock",NASDAQ,False,nasdaqtrader
NRXS,"Neuraxis, Inc. Common Stock",A,False,nasdaqtrader
NSC,Norfolk Southern Corporation Common Stock,N,False,nasdaqtrader
NSIT,"Insight Enterprises, Inc. - Common Stock",NASDAQ,False,nasdaqtrader
NSLR,Neostellar Capital Corp. - Closed End Fund,NASDAQ,False,nasdaqtrader
NSLRL,Neostellar Capital Corp. - 6.00% Notes due 2026,NASDAQ,False,nasdaqtrader
NSP,"Insperity, Inc. Common Stock",N,False,nasdaqtrader
NSPR,InspireMD Inc. - Common Stock,NASDAQ,False,nasdaqtrader
NSRX,Nasus Pharma Ltd. Ordinary Shares,A,False,nasdaqtrader
NSSC,"NAPCO Security Technologies, Inc. - Common Stock",NASDAQ,False,nasdaqtrader
NSTS,"NSTS Bancorp, Inc. - Common Stock",NASDAQ,False,nasdaqtrader
NSYS,Nortech Systems Incorporated - Common Stock,NASDAQ,False,nasdaqtrader
NTAP,"NetApp, Inc. - Common Stock",NASDAQ,False,nasdaqtrader
NTB,Bank of N.T. Butterfield & Son Limited (The) Voting Ordinary Shares,N,False,nasdaqtrader
NTCL,NETCLASS TECHNOLOGY INC - Class A Ordinary Shares,NASDAQ,False,nasdaqtrader
NTCT,"NetScout Systems, Inc. - Common Stock",NASDAQ,False,nasdaqtrader
NTES,"NetEase, Inc. - American Depositary Shares, each representing 5 ordinary shares",NASDAQ,False,nasdaqtrader
NTGR,"NETGEAR, Inc. - Common Stock",NASDAQ,False,nasdaqtrader
NTHI,"NeOnc Technologies Holdings, Inc. - Common Stock",NASDAQ,False,nasdaqtrader
NTIC,Northern Technologies International Corporation - Common Stock,NASDAQ,False,nasdaqtrader
NTIP,"Network-1 Technologies, Inc. Common Stock",A,False,nasdaqtrader
NTLA,"Intellia Therapeutics, Inc. - Common Stock",NASDAQ,False,nasdaqtrader
NTNX,"Nutanix, Inc. - Class A Common Stock",NASDAQ,False,nasdaqtrader
NTR,Nutrien Ltd. Common Shares,N,False,nasdaqtrader
NTRA,"Natera, Inc. - Common Stock",NASDAQ,False,nasdaqtrader
NTRB,Nutriband Inc. - Common Stock,NASDAQ,False,nasdaqtrader
NTRBW,Nutriband Inc. - Warrant,NASDAQ,False,nasdaqtrader
NTRP,"NextTrip, Inc. - Common Stock",NASDAQ,False,nasdaqtrader
NTRS,Northern Trust Corporation - Common Stock,NASDAQ,False,nasdaqtrader
NTRSO,"Northern Trust Corporation - Depositary Shares Each Representing a 1/1,000th Interest in a Share of Series E Non-Cumulative Perpetual Preferred Stock",NASDAQ,False,nasdaqtrader
NTSK,"Netskope, Inc. - Class A Common Stock",NASDAQ,False,nasdaqtrader
NTST,NetSTREIT Corp. Common Stock,N,False,nasdaqtrader
NTWK,NETSOL Technologies Inc. - Common Stock,NASDAQ,False,nasdaqtrader
NTWO,Newbury Street II Acquisition Corp - Class A Ordinary Shares,NASDAQ,False,nasdaqtrader
NTWOU,Newbury Street II Acquisition Corp - Unit,NASDAQ,False,nasdaqtrader
NTWOW,Newbury Street II Acquisition Corp - Warrant,NASDAQ,False,nasdaqtrader
NTZ,"Natuzzi, S.p.A.",N,False,nasdaqtrader
NU,Nu Holdings Ltd. Class A Ordinary Shares,N,False,nasdaqtrader
NUAI,"New Era Energy & Digital, Inc. - Common Stock",NASDAQ,False,nasdaqtrader
NUAIW,"New Era Energy & Digital, Inc. - Warrants",NASDAQ,False,nasdaqtrader
NUCL,Eagle Nuclear Energy Corp. - Common stock,NASDAQ,False,nasdaqtrader
NUCLW,Eagle Nuclear Energy Corp. - Warrants,NASDAQ,False,nasdaqtrader
NUE,Nucor Corporation Common Stock,N,False,nasdaqtrader
NUS,"Nu Skin Enterprises, Inc. Common Stock",N,False,nasdaqtrader
NUTR,Nusatrip Incorporated - Common Stock,NASDAQ,False,nasdaqtrader
NUTX,Nutex Health Inc. - Common Stock,NASDAQ,False,nasdaqtrader
NUV,"Nuveen Municipal Value Fund, Inc. Common Stock",N,False,nasdaqtrader
NUVB,Nuvation Bio Inc. Class A Common Stock,N,False,nasdaqtrader
NUW,Nuveen AMT-Free Municipal Value Fund,N,False,nasdaqtrader
NUWE,"Nuwellis, Inc. - Common Stock",NASDAQ,False,nasdaqtrader
NVA,Nova Minerals Corp Common Stock,A,False,nasdaqtrader
NVA-W,Nova Minerals Corp Warrants to Purchase Common Stock,A,False,nasdaqtrader
NVAX,"Novavax, Inc. - Common Stock",NASDAQ,False,nasdaqtrader
NVCR,NovoCure Limited - Ordinary Shares,NASDAQ,False,nasdaqtrader
NVCT,"Nuvectis Pharma, Inc. - Common Stock",NASDAQ,False,nasdaqtrader
NVDA,NVIDIA Corporation - Common Stock,NASDAQ,False,nasdaqtrader
NVEC,NVE Corporation - Common Stock,NASDAQ,False,nasdaqtrader
NVG,Nuveen AMT-Free Municipal Credit Income Fund,N,False,nasdaqtrader
NVGS,Navigator Holdings Ltd. Ordinary Shares (Marshall Islands),N,False,nasdaqtrader
NVMI,Nova Ltd. - Ordinary Shares,NASDAQ,False,nasdaqtrader
NVNI,Nvni Group Limited - Ordinary Shares,NASDAQ,False,nasdaqtrader
NVNIW,Nvni Group Limited - Warrants,NASDAQ,False,nasdaqtrader
NVNO,enVVeno Medical Corporation - Common Stock,NASDAQ,False,nasdaqtrader
NVO,Novo Nordisk A/S Common Stock,N,False,nasdaqtrader
NVR,"NVR, Inc. Common Stock",N,False,nasdaqtrader
NVRI,Enviri Corporation Common Stock,N,False,nasdaqtrader
NVS,Novartis AG Common Stock,N,False,nasdaqtrader
NVST,Envista Holdings Corporation Common Stock,N,False,nasdaqtrader
NVT,nVent Electric plc Ordinary Shares,N,False,nasdaqtrader
NVTS,Navitas Semiconductor Corporation - Common Stock,NASDAQ,False,nasdaqtrader
NVX,NOVONIX Limited - American Depository Shares,NASDAQ,False,nasdaqtrader
NWAX,New America Acquisition I Corp. Class A Common Stock,N,False,nasdaqtrader
NWAX-U,"New America Acquisition I Corp. Units, each consisting of one share of Class A Common Stock and one-half of one redeemable warrant",N,False,nasdaqtrader
NWAX-W,"New America Acquisition I Corp. Warrants, each whole warrant is exercisable to purchase one share of Class A common stock",N,False,nasdaqtrader
NWBI,"Northwest Bancshares, Inc. - Common Stock",NASDAQ,False,nasdaqtrader
NWE,"NorthWestern Energy Group, Inc.  - Common Stock",NASDAQ,False,nasdaqtrader
NWFL,Norwood Financial Corp. - Common Stock,NASDAQ,False,nasdaqtrader
NWG,"NatWest Group plc American Depositary Shares, (each representing two (2) Ordinary Shares)",N,False,nasdaqtrader
NWGL,CL Workshop Group Limited - American Depositary Shares,NASDAQ,False,nasdaqtrader
NWL,Newell Brands Inc. - Common Stock,NASDAQ,False,nasdaqtrader
NWN,Northwest Natural Holding Company Common Stock,N,False,nasdaqtrader
NWPX,"NWPX Infrastructure, Inc. - Common Stock",NASDAQ,False,nasdaqtrader
NWS,News Corporation - Class B Common Stock,NASDAQ,False,nasdaqtrader
NWSA,News Corporation - Class A Common Stock,NASDAQ,False,nasdaqtrader
NWTG,"Newton Golf Company, Inc. - Common Stock",NASDAQ,False,nasdaqtrader
NX,Quanex Building Products Corporation Common Stock,N,False,nasdaqtrader
NXB,NextBoat Inc. Common Stcok,A,False,nasdaqtrader
NXDR,"Nextdoor Holdings, Inc. Class A Common Stock",N,False,nasdaqtrader
NXDT,NexPoint Diversified Real Estate Trust Common Stock,N,False,nasdaqtrader
NXDT-PA,NexPoint Diversified Real Estate Trust 5.50% Series A Cumulative Preferred Shares ($25.00 liquidation preference per share),N,False,nasdaqtrader
NXE,Nexgen Energy Ltd. Common Shares,N,False,nasdaqtrader
NXG,NXG NextGen Infrastructure Income Fund Common Shares of Beneficial Interest,N,False,nasdaqtrader
NXGL,"NexGel, Inc - Common Stock",NASDAQ,False,nasdaqtrader
NXGLW,"NexGel, Inc - Warrant",NASDAQ,False,nasdaqtrader
NXL,"Nexalin Technology, Inc. - Common Stock",NASDAQ,False,nasdaqtrader
NXP,Nuveen Select Tax Free Income Portfolio Common Stock,N,False,nasdaqtrader
NXPI,NXP Semiconductors N.V. - Common Stock,NASDAQ,False,nasdaqtrader
NXPL,NextPlat Corp - Common Stock,NASDAQ,False,nasdaqtrader
NXRT,"NexPoint Residential Trust, Inc. Common Stock",N,False,nasdaqtrader
NXST,"Nexstar Media Group, Inc. - Common Stock",NASDAQ,False,nasdaqtrader
NXT,Nextpower Inc. - Class A Common Stock,NASDAQ,False,nasdaqtrader
NXTC,"NextCure, Inc. - Common Stock",NASDAQ,False,nasdaqtrader
NXTS,Nexentis Technologies Inc. - Common Stock,NASDAQ,False,nasdaqtrader
NXTT,Next Technology Holding Inc. - Ordinary Shares,NASDAQ,False,nasdaqtrader
NXXT,"NextNRG, Inc. - Common Stock",NASDAQ,False,nasdaqtrader
NYAX,Nayax Ltd. - Ordinary Shares,NASDAQ,False,nasdaqtrader
NYC,American Strategic Investment Co. Class A Common Stock,N,False,nasdaqtrader
NYT,New York Times Company (The) Common Stock,N,False,nasdaqtrader
NYXH,Nyxoah SA - Ordinary Shares,NASDAQ,False,nasdaqtrader
NZF,Nuveen Municipal Credit Income Fund,N,False,nasdaqtrader
O,Realty Income Corporation Common Stock,N,False,nasdaqtrader
OABI,"OmniAb, Inc. - Common Stock",NASDAQ,False,nasdaqtrader
OABIW,"OmniAb, Inc. - Warrant",NASDAQ,False,nasdaqtrader
OACC,Oaktree Acquisition Corp. III Life Sciences - Class A Ordinary Share,NASDAQ,False,nasdaqtrader
OACCU,Oaktree Acquisition Corp. III Life Sciences - Unit,NASDAQ,False,nasdaqtrader
OACCW,Oaktree Acquisition Corp. III Life Sciences - Warrant,NASDAQ,False,nasdaqtrader
OAK-PA,"Brookfield Oaktree Holdings, LLC 6.625% Series A Preferred Units",N,False,nasdaqtrader
OAK-PB,"Brookfield Oaktree Holdings, LLC 6.550% Series B Preferred Units",N,False,nasdaqtrader
OBA,Oxley Bridge Acquisition Limited - Class A Ordinary Shares,NASDAQ,False,nasdaqtrader
OBAI,"Our Bond, Inc. - Common Stock",NASDAQ,False,nasdaqtrader
OBAWU,Oxley Bridge Acquisition Limited - Unit,NASDAQ,False,nasdaqtrader
OBAWW,Oxley Bridge Acquisition Limited - Warrants,NASDAQ,False,nasdaqtrader
OBDC,Blue Owl Capital Corporation Common Stock,N,False,nasdaqtrader
OBE,Obsidian Energy Ltd. Common Shares,A,False,nasdaqtrader
OBIO,"Orchestra BioMed Holdings, Inc. - Ordinary Shares",NASDAQ,False,nasdaqtrader
OBK,"Origin Bancorp, Inc. Common Stock",N,False,nasdaqtrader
OBT,"Orange County Bancorp, Inc. - Common Stock",NASDAQ,False,nasdaqtrader
OBX,"Obsidian Therapeutics, Inc. - Common Stock",NASDAQ,False,nasdaqtrader
OC,Owens Corning Inc Common Stock New,N,False,nasdaqtrader
OCAC,Ocean Capital Acquisition Corporation Ordinary Shares,N,False,nasdaqtrader
OCAC-R,"Ocean Capital Acquisition Corporation Rights, each entitling the holder to receive one ordinary share",N,False,nasdaqtrader
OCAC-U,"Ocean Capital Acquisition Corporation Units, each consisting of one Class A Ordinary Share, one redeemable Warrant and one Right",N,False,nasdaqtrader
OCAC-W,"Ocean Capital Acquisition Corporation Warrants, each exercisable for one ordinary share",N,False,nasdaqtrader
OCC,Optical Cable Corporation - Common Stock,NASDAQ,False,nasdaqtrader
OCCI,"OFS Credit Company, Inc. - Closed End Fund",NASDAQ,False,nasdaqtrader
OCCIM,"OFS Credit Company, Inc. - 7.875% Series F Term Preferred Stock",NASDAQ,False,nasdaqtrader
OCCIN,"OFS Credit Company, Inc. - 5.25% Series E Term Preferred Stock Due 2026",NASDAQ,False,nasdaqtrader
OCFC,OceanFirst Financial Corp. - Common Stock,NASDAQ,False,nasdaqtrader
OCG,Oriental Culture Holding LTD - Ordinary Shares,NASDAQ,False,nasdaqtrader
OCGN,"Ocugen, Inc. - Common Stock",NASDAQ,False,nasdaqtrader
OCLTU,OceanLight Acquisition Corporation - Units,NASDAQ,False,nasdaqtrader
OCS,Oculis Holding AG - Ordinary shares,NASDAQ,False,nasdaqtrader
OCSAW,Oculis Holding AG - Warrants,NASDAQ,False,nasdaqtrader
OCSL,Oaktree Specialty Lending Corporation - Closed End Fund,NASDAQ,False,nasdaqtrader
OCTV,Octave Intelligence plc - Class B Ordinary Shares,NASDAQ,False,nasdaqtrader
OCUL,"Ocular Therapeutix, Inc. - Common Stock",NASDAQ,False,nasdaqtrader
ODC,Oil-Dri Corporation Of America Common Stock,N,False,nasdaqtrader
ODD,ODDITY Tech Ltd. - Class A Ordinary Shares,NASDAQ,False,nasdaqtrader
ODFL,"Old Dominion Freight Line, Inc. - Common Stock",NASDAQ,False,nasdaqtrader
ODTX,"Odyssey Therapeutics, Inc. - Common Stock",NASDAQ,False,nasdaqtrader
ODYS,Odysight.ai Inc. - Common Stock,NASDAQ,False,nasdaqtrader
OEC,Orion S.A. Common Shares,N,False,nasdaqtrader
OESX,"Orion Energy Systems, Inc. - Common Stock",NASDAQ,False,nasdaqtrader
OFAL,OFA Group - Class A Ordinary Shares,NASDAQ,False,nasdaqtrader
OFG,OFG Bancorp Common Stock,N,False,nasdaqtrader
OFIX,Orthofix Medical Inc.  - Common Stock,NASDAQ,False,nasdaqtrader
OFLX,"Omega Flex, Inc. - Common Stock",NASDAQ,False,nasdaqtrader
OFRM,"Once Upon a Farm, PBC Common Stock",N,False,nasdaqtrader
OFS,OFS Capital Corporation - Closed End Fund,NASDAQ,False,nasdaqtrader
OFSSH,OFS Capital Corporation - 4.95% Notes due 2028,NASDAQ,False,nasdaqtrader
OFSSO,OFS Capital Corporation - 7.50% Notes due 2028,NASDAQ,False,nasdaqtrader
OGC,OceanaGold Corporation Common Shares,N,False,nasdaqtrader
OGCP,"Empire State Realty OP, L.P. Series 60 Operating Partnership Units Representing Limited Partnership Interests",P,False,nasdaqtrader
OGE,OGE Energy Corp Common Stock,N,False,nasdaqtrader
OGEN,Oragenics Inc. Common Stock,A,False,nasdaqtrader
OGG,Osisko Gold Group Inc. Common Shares,N,False,nasdaqtrader
OGGWZ,Osisko Gold Group Inc. - Warrant,NASDAQ,False,nasdaqtrader
OGI,Organigram Global Inc. - Common Shares,NASDAQ,False,nasdaqtrader
OGN,Organon & Co. Common Stock,N,False,nasdaqtrader
OGS,"ONE Gas, Inc. Common Stock",N,False,nasdaqtrader
OHAC,Oceanhawk Acquisition Corp. - Class A Ordinary Shares,NASDAQ,False,nasdaqtrader
OHACR,Oceanhawk Acquisition Corp. - Rights,NASDAQ,False,nasdaqtrader
OHACU,Oceanhawk Acquisition Corp. - Units,NASDAQ,False,nasdaqtrader
OHI,"Omega Healthcare Investors, Inc. Common Stock",N,False,nasdaqtrader
OI,"O-I Glass, Inc. Common Stock",N,False,nasdaqtrader
OIA,Invesco Municipal Income Opportunities Trust Common Stock,N,False,nasdaqtrader
OII,"Oceaneering International, Inc. Common Stock",N,False,nasdaqtrader
OIM,OneIM Acquisition Corp. - Class A Ordinary Shares,NASDAQ,False,nasdaqtrader
OIMAU,OneIM Acquisition Corp. - Units,NASDAQ,False,nasdaqtrader
OIMAW,OneIM Acquisition Corp. - Warrant,NASDAQ,False,nasdaqtrader
OIO,OIO Group - Ordinary Shares,NASDAQ,False,nasdaqtrader
OIOWW,OIO Group - Warrants,NASDAQ,False,nasdaqtrader
OIS,"Oil States International, Inc. Common Stock",N,False,nasdaqtrader
OKE,"ONEOK, Inc. Common Stock",N,False,nasdaqtrader
OKLO,Oklo Inc. Class A common stock,N,False,nasdaqtrader
OKTA,"Okta, Inc. - Class A Common Stock",NASDAQ,False,nasdaqtrader
OKUR,"OnKure Therapeutics, Inc. - Class A Common Stock",NASDAQ,False,nasdaqtrader
OKYO,OKYO Pharma Limited - Ordinary Shares,NASDAQ,False,nasdaqtrader
OLB,"The OLB Group, Inc. - Common Stock",NASDAQ,False,nasdaqtrader
OLED,Universal Display Corporation - Common Stock,NASDAQ,False,nasdaqtrader
OLLI,"Ollie's Bargain Outlet Holdings, Inc. - Common Stock",NASDAQ,False,nasdaqtrader
OLMA,"Olema Pharmaceuticals, Inc. - Common Stock",NASDAQ,False,nasdaqtrader
OLN,Olin Corporation Common Stock,N,False,nasdaqtrader
OLOX,Olenox Industries Inc. - Common Stock,NASDAQ,False,nasdaqtrader
OLP,"One Liberty Properties, Inc. Common Stock",N,False,nasdaqtrader
OM,"Outset Medical, Inc. - Common Stock",NASDAQ,False,nasdaqtrader
OMAB,Grupo Aeroportuario del Centro Norte S.A.B. de C.V. - American Depositary Shares each representing 8 Series B shares,NASDAQ,False,nasdaqtrader
OMC,Omnicom Group Inc. Common Stock,N,False,nasdaqtrader
OMCL,"Omnicell, Inc. - Common Stock",NASDAQ,False,nasdaqtrader
OMDA,"Omada Health, Inc. - Common Stock",NASDAQ,False,nasdaqtrader
OMER,Omeros Corporation - Common Stock,NASDAQ,False,nasdaqtrader
OMEX,"Odyssey Marine Exploration, Inc. - Common Stock",NASDAQ,False,nasdaqtrader
OMF,"OneMain Holdings, Inc. Common Stock",N,False,nasdaqtrader
OMH,Ohmyhome Limited - Class A Ordinary Shares,NASDAQ,False,nasdaqtrader
OMSE,OMS Energy Technologies Inc. - Ordinary Shares,NASDAQ,False,nasdaqtrader
ON,ON Semiconductor Corporation - Common Stock,NASDAQ,False,nasdaqtrader
ONB,Old National Bancorp - Common Stock,NASDAQ,False,nasdaqtrader
ONBPO,"Old National Bancorp - Depositary Shares, Each Representing a 1/40th Interest in a Share of Series C Preferred Stock",NASDAQ,False,nasdaqtrader
ONBPP,"Old National Bancorp - Depositary Shares, Each Representing a 1/40th Interest in a Share of Series A Preferred Stock",NASDAQ,False,nasdaqtrader
ONC,BeOne Medicines Ltd. - American Depositary Shares,NASDAQ,False,nasdaqtrader
ONCH,1RT Acquisition Corp. - Class A Ordinary Share,NASDAQ,False,nasdaqtrader
ONCHU,1RT Acquisition Corp. - Units,NASDAQ,False,nasdaqtrader
ONCHW,1RT Acquisition Corp. - Warrant,NASDAQ,False,nasdaqtrader
ONCO,"Onconetix, Inc.  - Common Stock",NASDAQ,False,nasdaqtrader
ONCY,Oncolytics Biotech Inc. - Common Stock,NASDAQ,False,nasdaqtrader
ONDS,Ondas Inc - Common Stock,NASDAQ,False,nasdaqtrader
ONEG,OneConstruction Group Limited - Ordinary Shares,NASDAQ,False,nasdaqtrader
ONEW,OneWater Marine Inc. - Class A Common Stock,NASDAQ,False,nasdaqtrader
ONFO,Onfolio Holdings Inc. - Common Stock,NASDAQ,False,nasdaqtrader
ONFOW,Onfolio Holdings Inc. - Warrant,NASDAQ,False,nasdaqtrader
ONIT,Onity Group Inc. Common Stock,N,False,nasdaqtrader
ONL,Orion Properties Inc. Common Stock,N,False,nasdaqtrader
ONMD,OneMedNet Corp - Class A Common Stock,NASDAQ,False,nasdaqtrader
ONMDW,OneMedNet Corp - Warrant,NASDAQ,False,nasdaqtrader
ONON,On Holding AG Class A Ordinary Shares,N,False,nasdaqtrader
ONT,"Onterris, Inc. Common Stock",N,False,nasdaqtrader
ONTO,Onto Innovation Inc. Common Stock,N,False,nasdaqtrader
OOMA,"Ooma, Inc. Common Stock",N,False,nasdaqtrader
OPAD,Offerpad Solutions Inc. Class A Common Stock,N,False,nasdaqtrader
OPAL,OPAL Fuels Inc. - Class A Common Stock,NASDAQ,False,nasdaqtrader
OPBK,OP Bancorp - Common Stock,NASDAQ,False,nasdaqtrader
OPCH,"Option Care Health, Inc. - Common Stock",NASDAQ,False,nasdaqtrader
OPEN,Opendoor Technologies Inc  - Common Stock,NASDAQ,False,nasdaqtrader
OPENL,"Opendoor Technologies Inc  - Series A Warrants, each whole warrant exercisable to purchase one share of Common Stock at an exercise price of $13.00 per warrant",NASDAQ,False,nasdaqtrader
OPENW,"Opendoor Technologies Inc  - Series K Warrants, each whole warrant exercisable to purchase one share of Common Stock at an exercise price of $9.00 per warrant",NASDAQ,False,nasdaqtrader
OPENZ,"Opendoor Technologies Inc  - Series Z Warrants, each whole warrant exercisable to purchase one share of Common Stock at an exercise price of $17.00 per warrant",NASDAQ,False,nasdaqtrader
OPFI,OppFi Inc. Class A Common Stock,N,False,nasdaqtrader
OPHC,"OptimumBank Holdings, Inc. Common Stock",A,False,nasdaqtrader
OPI,Office Properties Income Trust - Common shares of beneficial interest,NASDAQ,False,nasdaqtrader
OPK,"Opko Health, Inc. - Common Stock",NASDAQ,False,nasdaqtrader
OPLN,"OPENLANE, Inc. Common Stock",N,False,nasdaqtrader
OPP,"RiverNorth/DoubleLine Strategic Opportunity Fund, Inc. Common Stock",N,False,nasdaqtrader
OPP-PA,"RiverNorth/DoubleLine Strategic Opportunity Fund, Inc. 4.375% Series A Cumulative Preferred Stock",N,False,nasdaqtrader
OPP-PB,"RiverNorth/DoubleLine Strategic Opportunity Fund, Inc. 4.75% Series B Cumulative Preferred Stock",N,False,nasdaqtrader
OPP-PC,"RiverNorth/DoubleLine Strategic Opportunity Fund, Inc. 6.00% Series C Term Preferred Stock (Liquidation Preference $10.00 per share)",A,False,nasdaqtrader
OPRA,Opera Limited - American Depositary Shares,NASDAQ,False,nasdaqtrader
OPRT,Oportun Financial Corporation - common stock,NASDAQ,False,nasdaqtrader
OPRX,OptimizeRx Corporation - Common Stock,NASDAQ,False,nasdaqtrader
OPTH,Optimi Health Corp. - Common Shares,NASDAQ,False,nasdaqtrader
OPTT,"Ocean Power Technologies, Inc. Common Stock",A,False,nasdaqtrader
OPTU,"Optimum Communications, Inc. Class A common stock",N,False,nasdaqtrader
OPTX,"Syntec Optics Holdings, Inc. - Class A Common Stock",NASDAQ,False,nasdaqtrader
OPTXW,"Syntec Optics Holdings, Inc. - Warrant",NASDAQ,False,nasdaqtrader
OPXS,"Optex Systems Holdings, Inc. - Common Stock",NASDAQ,False,nasdaqtrader
OPY,"Oppenheimer Holdings, Inc. Class A Common Stock (DE)",N,False,nasdaqtrader
OR,OR Royalties Inc. Common Shares,N,False,nasdaqtrader
ORA,"Ormat Technologies, Inc. Common Stock",N,False,nasdaqtrader
ORBS,Eightco Holdings Inc. - Common Stock,NASDAQ,False,nasdaqtrader
ORC,"Orchid Island Capital, Inc. Common Stock",N,False,nasdaqtrader
ORCL,Oracle Corporation Common Stock,N,False,nasdaqtrader
ORCL-PD,"Oracle Corporation Depositary Shares, each representing a 1/2,000th interest in a sh of 6.50% Series D Mandatory Convertible Preferred Stock",N,False,nasdaqtrader
ORGO,Organogenesis Holdings Inc.  - Class A,NASDAQ,False,nasdaqtrader
ORI,Old Republic International Corporation Common Stock,N,False,nasdaqtrader
ORIC,"Oric Pharmaceuticals, Inc. - Common Stock",NASDAQ,False,nasdaqtrader
ORIO,Orion Digital Corp. - Common Shares,NASDAQ,False,nasdaqtrader
ORIQ,Origin Investment Corp I - Ordinary Shares,NASDAQ,False,nasdaqtrader
ORIQU,Origin Investment Corp I - Units,NASDAQ,False,nasdaqtrader
ORIQW,Origin Investment Corp I - Redeemable Warrant,NASDAQ,False,nasdaqtrader
ORKA,"Oruka Therapeutics, Inc. - Common Stock",NASDAQ,False,nasdaqtrader
ORKT,Orangekloud Technology Inc. - Class A Ordinary Shares,NASDAQ,False,nasdaqtrader
ORLY,"O'Reilly Automotive, Inc. - Common Stock",NASDAQ,False,nasdaqtrader
ORMP,Oramed Pharmaceuticals Inc. - Common Stock,NASDAQ,False,nasdaqtrader
ORN,"Orion Group Holdings, Inc. Common",N,False,nasdaqtrader
ORRF,"Orrstown Financial Services, Inc. - Common Stock",NASDAQ,False,nasdaqtrader
OSBC,"Old Second Bancorp, Inc. - Common Stock",NASDAQ,False,nasdaqtrader
OSCR,"Oscar Health, Inc. Class A Common Stock",N,False,nasdaqtrader
OSG,"Octave Specialty Group, Inc. Common Stock",N,False,nasdaqtrader
OSIS,"OSI Systems, Inc. - Common Stock",NASDAQ,False,nasdaqtrader
OSK,Oshkosh Corporation (Holding Company)Common Stock,N,False,nasdaqtrader
OSPN,OneSpan Inc. - Common Stock,NASDAQ,False,nasdaqtrader
OSPRU,Osprey Acquisition Corp. III - Units,NASDAQ,False,nasdaqtrader
OSRH,"OSR Health, Inc. - Common Stock",NASDAQ,False,nasdaqtrader
OSRHW,"OSR Health, Inc. - Warrant",NASDAQ,False,nasdaqtrader
OSS,"One Stop Systems, Inc. - Common Stock",NASDAQ,False,nasdaqtrader
OST,"Ostin Technology Group Co., Ltd. - Class A Ordinary Shares",NASDAQ,False,nasdaqtrader
OSTX,OS Therapies Incorporated Common Stock,A,False,nasdaqtrader
OSUR,"OraSure Technologies, Inc. - Common Stock",NASDAQ,False,nasdaqtrader
OSW,OneSpaWorld Holdings Limited - Common Shares,NASDAQ,False,nasdaqtrader
OTAI,Starlink AI Acquisition Corporation Ordinary Shares,N,False,nasdaqtrader
OTAI-R,"Starlink AI Acquisition Corporation Rights, each entitling the holder to receive one-fourth (1/4) of one ordinary share",N,False,nasdaqtrader
OTAI-U,"Starlink AI Acquisition Corporation Units, each consisting of one Ordinary Share, and one Right to receive one-fourth (1/4) of one ordinary share",N,False,nasdaqtrader
OTEX,Open Text Corporation - Common Shares,NASDAQ,False,nasdaqtrader
OTF,Blue Owl Technology Finance Corp. Common Stock,N,False,nasdaqtrader
OTGA,OTG Acquisition Corp. I - Class A Ordinary Share,NASDAQ,False,nasdaqtrader
OTGAU,OTG Acquisition Corp. I - Unit,NASDAQ,False,nasdaqtrader
OTGAW,OTG Acquisition Corp. I - Warrants,NASDAQ,False,nasdaqtrader
OTIS,Otis Worldwide Corporation Common Stock,N,False,nasdaqtrader
OTLK,"Outlook Therapeutics, Inc. - Common Stock",NASDAQ,False,nasdaqtrader
OTLY,Oatly Group AB - American Depositary Shares,NASDAQ,False,nasdaqtrader
OTTR,Otter Tail Corporation - Common Stock,NASDAQ,False,nasdaqtrader
OUST,"Ouster, Inc. - Common Stock",NASDAQ,False,nasdaqtrader
OUT,OUTFRONT Media Inc. Common Stock,N,False,nasdaqtrader
OVBC,Ohio Valley Banc Corp. - Common Stock,NASDAQ,False,nasdaqtrader
OVID,Ovid Therapeutics Inc. - Common Stock,NASDAQ,False,nasdaqtrader
OVLY,Oak Valley Bancorp (CA) - Common Stock,NASDAQ,False,nasdaqtrader
OVV,Ovintiv Inc. (DE),N,False,nasdaqtrader
OWL,Blue Owl Capital Inc. Class A Common Stock,N,False,nasdaqtrader
OWLS,OBOOK Holdings Inc. - Class A Common Shares,NASDAQ,False,nasdaqtrader
OWLT,"Owlet, Inc. Class A Common Stock",N,False,nasdaqtrader
OXBR,Oxbridge Re Holdings Limited - Ordinary Shares,NASDAQ,False,nasdaqtrader
OXBRW,Oxbridge Re Holdings Limited - Warrant,NASDAQ,False,nasdaqtrader
OXLC,Oxford Lane Capital Corp. - Closed End Fund,NASDAQ,False,nasdaqtrader
OXLCG,Oxford Lane Capital Corp. - 7.95% Notes due 2032,NASDAQ,False,nasdaqtrader
OXLCI,Oxford Lane Capital Corp. - 8.75% Notes due 2030,NASDAQ,False,nasdaqtrader
OXLCL,Oxford Lane Capital Corp. - 6.75% Notes due 2031,NASDAQ,False,nasdaqtrader
OXLCM,"Oxford Lane Capital Corp. - Preferred Stock Shares, 8.25% Series 2031",NASDAQ,False,nasdaqtrader
OXLCN,Oxford Lane Capital Corp. - 7.125% Series 2029 Term Preferred Stock,NASDAQ,False,nasdaqtrader
OXLCO,"Oxford Lane Capital Corp. - Preferred Stock Shares, 6.00% Series 2029",NASDAQ,False,nasdaqtrader
OXLCZ,Oxford Lane Capital Corp. - 5.00% Notes due 2027,NASDAQ,False,nasdaqtrader
OXM,"Oxford Industries, Inc. Common Stock",N,False,nasdaqtrader
OXSQ,Oxford Square Capital Corp. - Closed End Fund,NASDAQ,False,nasdaqtrader
OXSQG,Oxford Square Capital Corp. - 5.50% Notes due 2028,NASDAQ,False,nasdaqtrader
OXSQH,Oxford Square Capital Corp. - 7.75% Notes due 2030,NASDAQ,False,nasdaqtrader
OXY,Occidental Petroleum Corporation Common Stock,N,False,nasdaqtrader
OXY-W,Occidental Petroleum Corporation Warrants,N,False,nasdaqtrader
OYSE,Oyster Enterprises II Acquisition Corp - Class A Ordinary Shares,NASDAQ,False,nasdaqtrader
OYSER,Oyster Enterprises II Acquisition Corp - Rights,NASDAQ,False,nasdaqtrader
OYSEU,Oyster Enterprises II Acquisition Corp - Units,NASDAQ,False,nasdaqtrader
OZ,"Belpointe PREP, LLC Class A Units",A,False,nasdaqtrader
OZK,Bank OZK - Common Stock,NASDAQ,False,nasdaqtrader
OZKAP,Bank OZK - 4.625% Series A Non-Cumulative Perpetual Preferred Stock,NASDAQ,False,nasdaqtrader
P,"Everpure, Inc. Class A common stock",N,False,nasdaqtrader
PAA,"Plains All American Pipeline, L.P. - Common Units representing Limited Partner Interests",NASDAQ,False,nasdaqtrader
PAAC,Proem Acquisition Corp I - Ordinary Shares,NASDAQ,False,nasdaqtrader
PAACU,Proem Acquisition Corp I - Units,NASDAQ,False,nasdaqtrader
PAACW,Proem Acquisition Corp I - Warrants,NASDAQ,False,nasdaqtrader
PAAS,Pan American Silver Corp. Common Stock,N,False,nasdaqtrader
PAC,"Grupo Aeroportuario Del Pacifico, S.A. B. de C.V. Grupo Aeroportuario Del Pacifico, S.A. de C.V. (each representing 10 Series B shares)",N,False,nasdaqtrader
PACB,"Pacific Biosciences of California, Inc. - Common Stock",NASDAQ,False,nasdaqtrader
PACH,Pioneer Acquisition I Corp - Class A Ordinary Shares,NASDAQ,False,nasdaqtrader
PACHU,Pioneer Acquisition I Corp - Units,NASDAQ,False,nasdaqtrader
PACHW,Pioneer Acquisition I Corp - Warrants,NASDAQ,False,nasdaqtrader
PACK,Ranpak Holdings Corp Class A Common Stock,N,False,nasdaqtrader
PACS,"PACS Group, Inc. Common Stock",N,False,nasdaqtrader
PAG,"Penske Automotive Group, Inc. Common Stock",N,False,nasdaqtrader
PAGP,"Plains GP Holdings, L.P. - Class A Shares representing limited partner interests",NASDAQ,False,nasdaqtrader
PAGS,PagSeguro Digital Ltd. Class A Common Shares,N,False,nasdaqtrader
PAHC,Phibro Animal Health Corporation - Class A Common Stock,NASDAQ,False,nasdaqtrader
PAI,Western Asset Investment Grade Income Fund Inc.,N,False,nasdaqtrader
PAII,Pyrophyte Acquisition Corp. II Class A Ordinary Shares,N,False,nasdaqtrader
PAII-U,"Pyrophyte Acquisition Corp. II Units, each consisting of one Class A ordinary share and one-half of one redeemable warrant",N,False,nasdaqtrader
PAII-W,"Pyrophyte Acquisition Corp. II Warrants, each whole warrant exercisable for one Class A Ordinary Share at an exercise price of $11.50 per share",N,False,nasdaqtrader
PAL,"Proficient Auto Logistics, Inc. - Common Stock",NASDAQ,False,nasdaqtrader
PALI,"Palisade Bio, Inc. - Common Stock",NASDAQ,False,nasdaqtrader
PALO,Paloma Acquisition Corp I - Class A Ordinary Shares,NASDAQ,False,nasdaqtrader
PALOU,Paloma Acquisition Corp I - Units,NASDAQ,False,nasdaqtrader
PALOW,Paloma Acquisition Corp I - Warrants,NASDAQ,False,nasdaqtrader
PAM,Pampa Energia S.A.,N,False,nasdaqtrader
PAMT,PAMT CORP - Common Stock,NASDAQ,False,nasdaqtrader
PANL,Pangaea Logistics Solutions Ltd. - Common Stock,NASDAQ,False,nasdaqtrader
PANW,"Palo Alto Networks, Inc. - Common Stock",NASDAQ,False,nasdaqtrader
PAPL,Pineapple Financial Inc. Common Stock,A,False,nasdaqtrader
PAR,PAR Technology Corporation Common Stock,N,False,nasdaqtrader
PARA,"Banzai International, Inc. - Class A Common Stock",NASDAQ,False,nasdaqtrader
PARAW,"Banzai International, Inc. - Warrant",NASDAQ,False,nasdaqtrader
PARK,"Park Dental Partners, Inc. - Common Stock",NASDAQ,False,nasdaqtrader
PARR,"Par Pacific Holdings, Inc.  Common Stock",N,False,nasdaqtrader
PASG,"Passage Bio, Inc. - Common Stock",NASDAQ,False,nasdaqtrader
PASW,"Ping An Biomedical Co., Ltd. - Class A Ordinary Shares",NASDAQ,False,nasdaqtrader
PATH,"UiPath, Inc. Class A Common Stock",N,False,nasdaqtrader
PATK,"Patrick Industries, Inc. - Common Stock",NASDAQ,False,nasdaqtrader
PAVM,PAVmed Inc. - Common Stock,NASDAQ,False,nasdaqtrader
PAVS,Paranovus Entertainment Technology Ltd. - Class A Ordinary Shares,NASDAQ,False,nasdaqtrader
PAX,Patria Investments Limited - Class A Common Shares,NASDAQ,False,nasdaqtrader
PAXS,PIMCO Access Income Fund Common Shares of Beneficial Interest,N,False,nasdaqtrader
PAY,"Paymentus Holdings, Inc. Class A Common Stock",N,False,nasdaqtrader
PAYC,"Paycom Software, Inc. Common Stock",N,False,nasdaqtrader
PAYO,Payoneer Global Inc. - Common Stock,NASDAQ,False,nasdaqtrader
PAYP,PayPay Corporation - American Depository Shares,NASDAQ,False,nasdaqtrader
PAYS,"Paysign, Inc. - Common Stock",NASDAQ,False,nasdaqtrader
PAYX,"Paychex, Inc. - Common Stock",NASDAQ,False,nasdaqtrader
PB,"Prosperity Bancshares, Inc. Common Stock",N,False,nasdaqtrader
PBA,Pembina Pipeline Corp. Ordinary Shares (Canada),N,False,nasdaqtrader
PBAM,"Private Bancorp of America, Inc. - Common Stock",NASDAQ,False,nasdaqtrader
PBF,PBF Energy Inc. Class A Common Stock,N,False,nasdaqtrader
PBFS,"Pioneer Bancorp, Inc. - Common Stock",NASDAQ,False,nasdaqtrader
PBH,Prestige Consumer Healthcare Inc. Common Stock,N,False,nasdaqtrader
PBHC,"Pathfinder Bancorp, Inc. - Common Stock",NASDAQ,False,nasdaqtrader
PBI,Pitney Bowes Inc. Common Stock,N,False,nasdaqtrader
PBI-PB,Pitney Bowes Inc 6.70% Notes Due 2043,N,False,nasdaqtrader
PBK,PowerBank Corporation - Common Stock,NASDAQ,False,nasdaqtrader
PBLS,"Parabilis Medicines, Inc. - Common Stock",NASDAQ,False,nasdaqtrader
PBM,Psyence Biomedical Ltd. - Common Shares,NASDAQ,False,nasdaqtrader
PBMWW,Psyence Biomedical Ltd. - Warrant,NASDAQ,False,nasdaqtrader
PBR,Petroleo Brasileiro S.A. Petrobras ADS,N,False,nasdaqtrader
PBR-A,Petroleo Brasileiro S.A. Petrobras American Depositary Shares representing Preferred Shares,N,False,nasdaqtrader
PBT,Permian Basin Royalty Trust Common Stock,N,False,nasdaqtrader
PBYI,Puma Biotechnology Inc - Common Stock,NASDAQ,False,nasdaqtrader
PC,Premium Catering (Holdings) Limited - Ordinary Shares,NASDAQ,False,nasdaqtrader
PCAP,ProCap Acquisition Corp - Class A Ordinary Shares,NASDAQ,False,nasdaqtrader
PCAPU,ProCap Acquisition Corp - Unit,NASDAQ,False,nasdaqtrader
PCAPW,ProCap Acquisition Corp - Warrant,NASDAQ,False,nasdaqtrader
PCAR,PACCAR Inc. - Common Stock,NASDAQ,False,nasdaqtrader
PCB,PCB Bancorp - Common Stock,NASDAQ,False,nasdaqtrader
PCF,High Income Securities Fund Common Stock,N,False,nasdaqtrader
PCG,Pacific Gas & Electric Co. Common Stock,N,False,nasdaqtrader
PCG-PA,Pacific Gas & Electric Co. 6% Preferred Stock,A,False,nasdaqtrader
PCG-PB,Pacific Gas & Electric Co. 5 1/2% Preferred Stock,A,False,nasdaqtrader
PCG-PC,Pacific Gas & Electric Co. 5% 1st Preferred Stock,A,False,nasdaqtrader
PCG-PD,Pacific Gas & Electric Co. 5% 1st  Red. Preferred Stock,A,False,nasdaqtrader
PCG-PE,Pacific Gas & Electric Co. 5% 1st A Preferred Stock,A,False,nasdaqtrader
PCG-PG,Pacific Gas & Electric Co. 4.80% 1st Preferred Stock,A,False,nasdaqtrader
PCG-PH,Pacific Gas & Electric Co. 4.50% 1st Preferred Stock,A,False,nasdaqtrader
PCG-PI,Pacific Gas & Electric Co. 4.36% 1st Preferred Stock,A,False,nasdaqtrader
PCG-PX,PG&E Corp 6.000% Series A Mandatory Convertible Preferred Stock,N,False,nasdaqtrader
PCLA,PicoCELA Inc. - American Depositary Shares,NASDAQ,False,nasdaqtrader
PCM,"PCM Fund, Inc. Common Stock",N,False,nasdaqtrader
PCN,Pimco Corporate & Income Strategy Fund Common Stock,N,False,nasdaqtrader
PCOR,"Procore Technologies, Inc. Common Stock",N,False,nasdaqtrader
PCQ,PIMCO California Municipal Income Fund Common Stock,N,False,nasdaqtrader
PCRX,"Pacira BioSciences, Inc. - Common Stock",NASDAQ,False,nasdaqtrader
PCSA,"Processa Pharmaceuticals, Inc. - Common Stock",NASDAQ,False,nasdaqtrader
PCT,"PureCycle Technologies, Inc. - Common stock",NASDAQ,False,nasdaqtrader
PCTTU,"PureCycle Technologies, Inc. - Unit",NASDAQ,False,nasdaqtrader
PCTTW,"PureCycle Technologies, Inc. - Warrant",NASDAQ,False,nasdaqtrader
PCTY,Paylocity Holding Corporation - Common Stock,NASDAQ,False,nasdaqtrader
PCVX,"Vaxcyte, Inc. - Common Stock",NASDAQ,False,nasdaqtrader
PCYO,Pure Cycle Corporation - Common Stock,NASDAQ,False,nasdaqtrader
PD,"PagerDuty, Inc. Common Stock",N,False,nasdaqtrader
PDC,Perpetuals.com Ltd - American Depositary Shares,NASDAQ,False,nasdaqtrader
PDCC,Pearl Diver Credit Company Inc. Common Stock,N,False,nasdaqtrader
PDD,PDD Holdings Inc. - American Depositary Shares,NASDAQ,False,nasdaqtrader
PDEX,"Pro-Dex, Inc. - Common Stock",NASDAQ,False,nasdaqtrader
PDFS,"PDF Solutions, Inc. - Common Stock",NASDAQ,False,nasdaqtrader
PDI,PIMCO Dynamic Income Fund Common Stock,N,False,nasdaqtrader
PDLB,"Ponce Financial Group, Inc. - Common Stock",NASDAQ,False,nasdaqtrader
PDM,"Piedmont Realty Trust, Inc. Class A Common Stock",N,False,nasdaqtrader
PDO,PIMCO Dynamic Income Opportunities Fund Common Shares of Beneficial Interest,N,False,nasdaqtrader
PDPA,Pearl Diver Credit Company Inc. 8.00% Series A Preferred Stock Due 2029,N,False,nasdaqtrader
PDS,Precision Drilling Corporation Common Stock,N,False,nasdaqtrader
PDSB,PDS Biotechnology Corporation - Common Stock,NASDAQ,False,nasdaqtrader
PDT,John Hancock Premium Dividend Fund,N,False,nasdaqtrader
PDX,PIMCO Dynamic Income Strategy Fund Common Shares of Beneficial Interest,N,False,nasdaqtrader
PDYN,Palladyne AI Corp. - Common stock,NASDAQ,False,nasdaqtrader
PDYNW,Palladyne AI Corp. - Warrant,NASDAQ,False,nasdaqtrader
PEB,Pebblebrook Hotel Trust Common Shares of Beneficial Interest,N,False,nasdaqtrader
PEB-PE,Pebblebrook Hotel Trust 6.375% Series E Cumulative Redeemable Preferred Shares of Beneficial Interest,N,False,nasdaqtrader
PEB-PF,Pebblebrook Hotel Trust 6.3% Series F Cumulative Redeemable Preferred Shares of Beneficial Interest,N,False,nasdaqtrader
PEB-PG,Pebblebrook Hotel Trust 6.375% Series G Cumulative Redeemable Preferred Shares of Beneficial Interest,N,False,nasdaqtrader
PEB-PH,Pebblebrook Hotel Trust 5.700% Series H Cumulative Redeemable Preferred Shares of Beneficial Interest,N,False,nasdaqtrader
PEBK,"Peoples Bancorp of North Carolina, Inc. - Common Stock",NASDAQ,False,nasdaqtrader
PEBO,Peoples Bancorp Inc. - Common Stock,NASDAQ,False,nasdaqtrader
PECE,Peace Acquisition Corp - Ordinary Shares,NASDAQ,False,nasdaqtrader
PECER,Peace Acquisition Corp - Right,NASDAQ,False,nasdaqtrader
PECEU,Peace Acquisition Corp - Units,NASDAQ,False,nasdaqtrader
PECEW,Peace Acquisition Corp - Warrant,NASDAQ,False,nasdaqtrader
PECO,"Phillips Edison & Company, Inc. - Common Stock",NASDAQ,False,nasdaqtrader
PED,Pedevco Corp. Common Stock,A,False,nasdaqtrader
PEG,Public Service Enterprise Group Incorporated Common Stock,N,False,nasdaqtrader
PEGA,Pegasystems Inc. - Common Stock,NASDAQ,False,nasdaqtrader
PEN,"Penumbra, Inc. Common Stock",N,False,nasdaqtrader
PENG,"Penguin Solutions, Inc. - Common Stock",NASDAQ,False,nasdaqtrader
PENN,"PENN Entertainment, Inc. - Common Stock",NASDAQ,False,nasdaqtrader
PEO,"Adams Natural Resources Fund, Inc. Common Stock",N,False,nasdaqtrader
PEP,"PepsiCo, Inc. - Common Stock",NASDAQ,False,nasdaqtrader
PEPG,PepGen Inc. - Common Stock,NASDAQ,False,nasdaqtrader
PERF,Perfect Corp. Class A Ordinary Share,N,False,nasdaqtrader
PERI,Perion Network Ltd - Ordinary Shares,NASDAQ,False,nasdaqtrader
PESI,"Perma-Fix Environmental Services, Inc. - Common Stock",NASDAQ,False,nasdaqtrader
PETS,"PetMed Express, Inc. - Common Stock",NASDAQ,False,nasdaqtrader
PETZ,"TDH Holdings, Inc. - Common Shares",NASDAQ,False,nasdaqtrader
PEW,GrabAGun Digital Holdings Inc. Common Stock,N,False,nasdaqtrader
PEW-W,"GrabAGun Digital Holdings Inc. Warrants, each whole warrant exercisable to purchase one share of Common Stock at an exercise price of $11.50 per share",N,False,nasdaqtrader
PFAI,Pinnacle Food Group Limited - Class A Common Shares,NASDAQ,False,nasdaqtrader
PFBC,Preferred Bank - Common Stock,NASDAQ,False,nasdaqtrader
PFD,Flaherty & Crumrine Preferred and Income Fund Incorporated,N,False,nasdaqtrader
PFE,"Pfizer, Inc. Common Stock",N,False,nasdaqtrader
PFFL,"ETRACS 2xMonthly Pay Leveraged Preferred Stock Index ETN due September 25, 2048",P,False,nasdaqtrader
PFG,Principal Financial Group Inc - Common Stock,NASDAQ,False,nasdaqtrader
PFGC,Performance Food Group Company Common Stock,N,False,nasdaqtrader
PFH,"Prudential Financial, Inc. 4.125% Junior Subordinated Notes due 2060",N,False,nasdaqtrader
PFIS,Peoples Financial Services Corp.  - Common Stock,NASDAQ,False,nasdaqtrader
PFL,PIMCO Income Strategy Fund Shares of Beneficial Interest,N,False,nasdaqtrader
PFLA,PennantPark Floating Rate Capital Ltd. 7.375% Notes Due 2031,N,False,nasdaqtrader
PFLT,PennantPark Floating Rate Capital Ltd. Common Stock,N,False,nasdaqtrader
PFN,PIMCO Income Strategy Fund II,N,False,nasdaqtrader
PFO,Flaherty & Crumrine Preferred and Income Opportunity Fund Incorporated,N,False,nasdaqtrader
PFS,"Provident Financial Services, Inc Common Stock",N,False,nasdaqtrader
PFSA,"Profusa, Inc. - Common Stock",NASDAQ,False,nasdaqtrader
PFSI,"PennyMac Financial Services, Inc. Common Stock",N,False,nasdaqtrader
PFX,PhenixFIN Corporation  - Common Stock,NASDAQ,False,nasdaqtrader
PFXNZ,PhenixFIN Corporation  - 5.25% Notes due 2028,NASDAQ,False,nasdaqtrader
PG,Procter & Gamble Company (The) Common Stock,N,False,nasdaqtrader
PGAC,Pantages Capital Acquisition Corporation - Class A Ordinary Shares,NASDAQ,False,nasdaqtrader
PGACR,Pantages Capital Acquisition Corporation - Right,NASDAQ,False,nasdaqtrader
PGACU,Pantages Capital Acquisition Corporation - Unit,NASDAQ,False,nasdaqtrader
PGC,Peapack-Gladstone Financial Corporation - Common Stock,NASDAQ,False,nasdaqtrader
PGEN,"Precigen, Inc. - Common Stock",NASDAQ,False,nasdaqtrader
PGNY,"Progyny, Inc. - Common Stock",NASDAQ,False,nasdaqtrader
PGP,Pimco Global StocksPlus & Income Fund Common Shares of Beneficial Interest,N,False,nasdaqtrader
PGR,Progressive Corporation (The) Common Stock,N,False,nasdaqtrader
PGY,Pagaya Technologies Ltd. - Class A Ordinary Shares,NASDAQ,False,nasdaqtrader
PGYWW,Pagaya Technologies Ltd. - Warrants,NASDAQ,False,nasdaqtrader
PGZ,Principal Real Estate Income Fund Common Shares of Beneficial Interest,N,False,nasdaqtrader
PH,Parker-Hannifin Corporation Common Stock,N,False,nasdaqtrader
PHAR,"Pharming Group N.V. - ADS, each representing 10 ordinary shares",NASDAQ,False,nasdaqtrader
PHAT,"Phathom Pharmaceuticals, Inc. - Common Stock",NASDAQ,False,nasdaqtrader
PHG,Koninklijke Philips N.V. NY Registry Shares,N,False,nasdaqtrader
PHGE,BiomX Inc. COmmon Stock,A,False,nasdaqtrader
PHI,PLDT Inc. Sponsored ADR,N,False,nasdaqtrader
PHIN,PHINIA Inc. Common Stock,N,False,nasdaqtrader
PHIO,Phio Pharmaceuticals Corp. - Common Stock,NASDAQ,False,nasdaqtrader
PHK,Pimco High Income Fund,N,False,nasdaqtrader
PHM,"PulteGroup, Inc. Common Stock",N,False,nasdaqtrader
PHOE,Phoenix Asia Holdings Limited - Ordinary Shares,NASDAQ,False,nasdaqtrader
PHR,"Phreesia, Inc. Common Stock",N,False,nasdaqtrader
PHUN,"Phunware, Inc. - Common Stock",NASDAQ,False,nasdaqtrader
PHVS,Pharvaris N.V. - Ordinary Shares,NASDAQ,False,nasdaqtrader
PHXE-P,"Phoenix Energy One, LLC Series A Cumulative Redeemable Preferred Shares",A,False,nasdaqtrader
PI,"Impinj, Inc. - Common Stock",NASDAQ,False,nasdaqtrader
PICS,PicS N.V. - Class A Common Shares,NASDAQ,False,nasdaqtrader
PII,Polaris Inc. Common Stock,N,False,nasdaqtrader
PIII,P3 Health Partners Inc. - Class A Common Stock,NASDAQ,False,nasdaqtrader
PIIIW,P3 Health Partners Inc. - Warrant,NASDAQ,False,nasdaqtrader
PIM,Franklin Master Intermediate Income Trust Shares of Beneficial Interest,N,False,nasdaqtrader
PINE,"Alpine Income Property Trust, Inc. Common Stock",N,False,nasdaqtrader
PINE-PA,"Alpine Income Property Trust, Inc. 8.00% Series A Cumulative Redeemable Preferred Stock",N,False,nasdaqtrader
PINS,"Pinterest, Inc. Class A Common Stock",N,False,nasdaqtrader
PIPR,Piper Sandler Companies Common Stock,N,False,nasdaqtrader
PJT,PJT Partners Inc. Class A Common Stock,N,False,nasdaqtrader
PK,Park Hotels & Resorts Inc. Common Stock,N,False,nasdaqtrader
PKBK,"Parke Bancorp, Inc. - Common Stock",NASDAQ,False,nasdaqtrader
PKE,Park Aerospace Corp. Common Stock,N,False,nasdaqtrader
PKG,Packaging Corporation of America Common Stock,N,False,nasdaqtrader
PKOH,Park-Ohio Holdings Corp. - Common Stock,NASDAQ,False,nasdaqtrader
PKX,POSCO HOLDINGS INC. American Depositary Shares (Each representing 1/4th of a share of Common Stock),N,False,nasdaqtrader
PL,Planet Labs PBC Class A Common Stock,N,False,nasdaqtrader
PLAB,"Photronics, Inc. - Common Stock",NASDAQ,False,nasdaqtrader
PLAG,Planet Green Holdings Corp. Common Stock,A,False,nasdaqtrader
PLAY,"Dave & Buster's Entertainment, Inc. - Common Stock",NASDAQ,False,nasdaqtrader
PLBC,Plumas Bancorp - Common Stock,NASDAQ,False,nasdaqtrader
PLBL,Polibeli Group Ltd - Class A Ordinary Shares,NASDAQ,False,nasdaqtrader
PLBY,"Playboy, Inc. - Common Stock",NASDAQ,False,nasdaqtrader
PLCE,"Children's Place, Inc. (The) - Common Stock",NASDAQ,False,nasdaqtrader
PLCIU,Pelican Acquisition II Corporation - Unit,NASDAQ,False,nasdaqtrader
PLD,"Prologis, Inc. Common Stock",N,False,nasdaqtrader
PLG,Platinum Group Metals Ltd. Ordinary Shares (Canada),A,False,nasdaqtrader
PLGO,Pelagos Insurance Capital Limited Common Shares,N,False,nasdaqtrader
PLMK,Plum Acquisition Corp. IV - Class A Ordinary Shares,NASDAQ,False,nasdaqtrader
PLMKU,Plum Acquisition Corp. IV - Unit,NASDAQ,False,nasdaqtrader
PLMKW,Plum Acquisition Corp. IV - Warrants,NASDAQ,False,nasdaqtrader
PLMR,"Palomar Holdings, Inc. - Common stock",NASDAQ,False,nasdaqtrader
PLNT,"Planet Fitness, Inc. Common Stock",N,False,nasdaqtrader
PLOW,"Douglas Dynamics, Inc. Common Stock",N,False,nasdaqtrader
PLPC,Preformed Line Products Company - Common Stock,NASDAQ,False,nasdaqtrader
PLRX,"Pliant Therapeutics, Inc. - Common Stock",NASDAQ,False,nasdaqtrader
PLRZ,Polyrizon Ltd. - Ordinary Shares,NASDAQ,False,nasdaqtrader
PLSE,"Pulse Biosciences, Inc - Common Stock",NASDAQ,False,nasdaqtrader
PLSM,Pulsenmore Ltd. - Ordinary Shares,NASDAQ,False,nasdaqtrader
PLTK,Playtika Holding Corp. - Common Stock,NASDAQ,False,nasdaqtrader
PLTR,Palantir Technologies Inc. - Class A Common Stock,NASDAQ,False,nasdaqtrader
PLTS,Platinum Analytics Cayman Limited - Class A Ordinary Shares,NASDAQ,False,nasdaqtrader
PLUG,"Plug Power, Inc. - Common Stock",NASDAQ,False,nasdaqtrader
PLUN,Plutonian Acquisition Corp II Class A Ordinary Shares,N,False,nasdaqtrader
PLUN-R,"Plutonian Acquisition Corp II Rights, each entitling the holder to receive one-fourth of one Class A Ordinary Share",N,False,nasdaqtrader
PLUN-U,"Plutonian Acquisition Corp II Units, each consisting of one Class A Ordinary Share and one right entitling the holder to one-fourth of one Class A Ordinary Share",N,False,nasdaqtrader
PLUR,Pluri Inc. - Common Stock,NASDAQ,False,nasdaqtrader
PLUS,ePlus inc. - Common Stock,NASDAQ,False,nasdaqtrader
PLUT,Plutus Financial Group Limited - Ordinary Shares,NASDAQ,False,nasdaqtrader
PLX,"Protalix BioTherapeutics, Inc. (DE) Common Stock",A,False,nasdaqtrader
PLXS,Plexus Corp. - Common Stock,NASDAQ,False,nasdaqtrader
PLYX,"Polaryx Therapeutics, Inc. - Common Stock",NASDAQ,False,nasdaqtrader
PM,Philip Morris International Inc Common Stock,N,False,nasdaqtrader
PMA,Ming Shing Group Holdings Limited - Ordinary Shares,NASDAQ,False,nasdaqtrader
PMAX,Powell Max Limited - Class A Ordinary Shares,NASDAQ,False,nasdaqtrader
PMCB,"PharmaCyte  Biotech, Inc. - Common Stock",NASDAQ,False,nasdaqtrader
PMEC,Primech Holdings Ltd. - Ordinary Shares,NASDAQ,False,nasdaqtrader
PMI,"Picard Medical, Inc. Common Stock",A,False,nasdaqtrader
PML,Pimco Municipal Income Fund II Common Shares of Beneficial Interest,N,False,nasdaqtrader
PMM,Franklin Managed Municipal Income Trust Shares of Beneficial Interest,N,False,nasdaqtrader
PMN,ProMIS Neurosciences Inc. - Common Shares,NASDAQ,False,nasdaqtrader
PMO,Franklin Municipal Opportunities Trust Shares of Beneficial Interest,N,False,nasdaqtrader
PMT,PennyMac Mortgage Investment Trust Common Shares of Beneficial Interest,N,False,nasdaqtrader
PMT-PA,PennyMac Mortgage Investment Trust 8.125% Series A Fixed-to-Floating Rate Cumulative Redeemable Preferred Shares of Beneficial Interest,N,False,nasdaqtrader
PMT-PB,PennyMac Mortgage Investment Trust 8.00% Series B Fixed-to-Floating Rate Cumulative Redeemable Preferred Shares of Beneficial Interest,N,False,nasdaqtrader
PMT-PC,PennyMac Mortgage Investment Trust 6.75% Series C Cumulative Redeemable Preferred Shares of Beneficial Interest,N,False,nasdaqtrader
PMTR,Perimeter Acquisition Corp. I - Class A Ordinary Shares,NASDAQ,False,nasdaqtrader
PMTRU,Perimeter Acquisition Corp. I - Unit,NASDAQ,False,nasdaqtrader
PMTRW,Perimeter Acquisition Corp. I - Warrant,NASDAQ,False,nasdaqtrader
PMTS,CPI Card Group Inc. - Common Stock,NASDAQ,False,nasdaqtrader
PMTU,PennyMac Mortgage Investment Trust 8.50% Senior Notes due 2028,N,False,nasdaqtrader
PMTV,PennyMac Mortgage Investment Trust 9.00% Senior Notes due 2030,N,False,nasdaqtrader
PMTW,PennyMac Mortgage Investment Trust 9.00% Senior Notes due 2030,N,False,nasdaqtrader
PMVP,"PMV Pharmaceuticals, Inc. - Common Stock",NASDAQ,False,nasdaqtrader
PN,PN Smart Energy Limited - Class A Ordinary Shares,NASDAQ,False,nasdaqtrader
PNAQ-U,"Pinnacle Acquisition Corporation Units, each consisting of one Class A ordinary share and one right",N,False,nasdaqtrader
PNBK,Patriot National Bancorp Inc. - Common Stock,NASDAQ,False,nasdaqtrader
PNC,"PNC Financial Services Group, Inc. (The) Common Stock",N,False,nasdaqtrader
PNFP,"Pinnacle Financial Partners, Inc. Common stock",N,False,nasdaqtrader
PNFP-PA,"Pinnacle Financial Partners, Inc. Fixed-to-Floating Rate Non-Cumulative Perpetual Preferred Stock, Series A",N,False,nasdaqtrader
PNFP-PB,"Pinnacle Financial Partners, Inc. Fixed-to-Floating Rate Non-Cumulative Perpetual Preferred Stock, Series B",N,False,nasdaqtrader
PNFP-PC,"Pinnacle Financial Partners, Inc. Fixed-to-Floating Rate Non-Cumulative Perpetual Preferred Stock, Series C",N,False,nasdaqtrader
PNI,Pimco New York Municipal Income Fund II Common Shares of Beneficial Interest,N,False,nasdaqtrader
PNNT,PennantPark Investment Corporation Common Stock,N,False,nasdaqtrader
PNR,Pentair plc. Ordinary Share,N,False,nasdaqtrader
PNRG,PrimeEnergy Resources Corporation - Common Stock,NASDAQ,False,nasdaqtrader
PNTG,"The Pennant Group, Inc. - Common Stock",NASDAQ,False,nasdaqtrader
PNW,Pinnacle West Capital Corporation Common Stock,N,False,nasdaqtrader
POAS,Phaos Technology Holdings (Cayman) Limited Class A Ordinary Shares,A,False,nasdaqtrader
POCI,"Precision Optics Corporation, Inc. - Common stock",NASDAQ,False,nasdaqtrader
PODC,"PodcastOne, Inc. - Common Stock",NASDAQ,False,nasdaqtrader
PODD,Insulet Corporation - Common Stock,NASDAQ,False,nasdaqtrader
POET,POET Technologies Inc. - Common Shares,NASDAQ,False,nasdaqtrader
POLA,"Polar Power, Inc. - Common Stock",NASDAQ,False,nasdaqtrader
POLE,Andretti Acquisition Corp. II - Class A Ordinary Shares,NASDAQ,False,nasdaqtrader
POLEU,Andretti Acquisition Corp. II - Unit,NASDAQ,False,nasdaqtrader
POLEW,Andretti Acquisition Corp. II - Warrant,NASDAQ,False,nasdaqtrader
POM,POMDOCTOR LIMITED - American Depositary Shares,NASDAQ,False,nasdaqtrader
PONO,"Pono Capital Four, Inc. - Class A Ordinary Shares",NASDAQ,False,nasdaqtrader
PONOR,"Pono Capital Four, Inc. - Rights",NASDAQ,False,nasdaqtrader
PONOU,"Pono Capital Four, Inc. - Units",NASDAQ,False,nasdaqtrader
PONY,Pony AI Inc. - American Depositary Shares,NASDAQ,False,nasdaqtrader
POOL,Pool Corporation - Common Stock,NASDAQ,False,nasdaqtrader
POR,Portland General Electric Co Common Stock,N,False,nasdaqtrader
POST,"Post Holdings, Inc. Common Stock",N,False,nasdaqtrader
POWI,"Power Integrations, Inc. - Common Stock",NASDAQ,False,nasdaqtrader
POWL,"Powell Industries, Inc. - Common Stock",NASDAQ,False,nasdaqtrader
POWW,Outdoor Holding Company - Common Stock,NASDAQ,False,nasdaqtrader
POWWP,Outdoor Holding Company - 8.75% Series A Cumulative Redeemable Perpetual Preferred Stock,NASDAQ,False,nasdaqtrader
PPBT,Purple Biotech Ltd. - American Depositary Shares,NASDAQ,False,nasdaqtrader
PPC,Pilgrim's Pride Corporation - Common Stock,NASDAQ,False,nasdaqtrader
PPCB,"Propanc Biopharma, Inc. - Common Stock",NASDAQ,False,nasdaqtrader
PPG,"PPG Industries, Inc. Common Stock",N,False,nasdaqtrader
PPHC,"Public Policy Holding Company, Inc. - Common Stock",NASDAQ,False,nasdaqtrader
PPIH,"Perma-Pipe International Holdings, Inc. - Common Stock",NASDAQ,False,nasdaqtrader
PPL,PPL Corporation Common Stock,N,False,nasdaqtrader
PPLC,PPL Corporation Corporate Units,N,False,nasdaqtrader
PPLI,People Incorporated - Common Stock,NASDAQ,False,nasdaqtrader
PPSI,"Pioneer Power Solutions, Inc. - Common Stock",NASDAQ,False,nasdaqtrader
PPT,Franklin Premier Income Trust Shares of Beneficial Interest,N,False,nasdaqtrader
PPTA,Perpetua Resources Corp. - Common Shares,NASDAQ,False,nasdaqtrader
PR,Permian Resources Corporation Class A Common Stock,N,False,nasdaqtrader
PRAA,"PRA Group, Inc. - Common Stock",NASDAQ,False,nasdaqtrader
PRAX,"Praxis Precision Medicines, Inc. - Common Stock",NASDAQ,False,nasdaqtrader
PRCH,"Porch Group, Inc. - Common Stock",NASDAQ,False,nasdaqtrader
PRCT,PROCEPT BioRobotics Corporation - Common Stock,NASDAQ,False,nasdaqtrader
PRDO,Perdoceo Education Corporation - Common Stock,NASDAQ,False,nasdaqtrader
PRE,Prenetics Global Limited - Class A Ordinary Share,NASDAQ,False,nasdaqtrader
PRENW,Prenetics Global Limited - Warrant,NASDAQ,False,nasdaqtrader
PRFX,PRF Technologies Ltd. - Ordinary Shares,NASDAQ,False,nasdaqtrader
PRG,"PROG Holdings, Inc. Common Stock",N,False,nasdaqtrader
PRGO,Perrigo Company plc Ordinary Shares,N,False,nasdaqtrader
PRGS,Progress Software Corporation - Common Stock,NASDAQ,False,nasdaqtrader
PRH,"Prudential Financial, Inc. 5.950% Junior Subordinated Notes due 2062",N,False,nasdaqtrader
PRHI,"Presurance Holdings, Inc. - Common Stock",NASDAQ,False,nasdaqtrader
PRHIZ,"Presurance Holdings, Inc. - 9.75% Senior Unsecured Notes due 2028",NASDAQ,False,nasdaqtrader
PRI,"Primerica, Inc. Common Stock",N,False,nasdaqtrader
PRIF-PD,"Priority Income Fund, Inc. 7.00% Series D Term Preferred Stock due 2029",N,False,nasdaqtrader
PRIF-PK,"Priority Income Fund, Inc. 7.000% Series K Cumulative Preferred Stock",N,False,nasdaqtrader
PRIF-PL,"Priority Income Fund, Inc. 6.375% Series L Term Preferred Stock Due 2029",N,False,nasdaqtrader
PRIM,Primoris Services Corporation Common Stock,N,False,nasdaqtrader
PRK,Park National Corporation Common Stock,A,False,nasdaqtrader
PRKS,United Parks & Resorts Inc. Common Stock,N,False,nasdaqtrader
PRLB,"Proto Labs, Inc. Common stock",N,False,nasdaqtrader
PRLD,Prelude Therapeutics Incorporated - Common Stock,NASDAQ,False,nasdaqtrader
PRM,"Perimeter Solutions, SA Common Stock",N,False,nasdaqtrader
PRMB,Primo Brands Corporation Class A Common Stock,N,False,nasdaqtrader
PRME,"Prime Medicine, Inc. - Common Stock",NASDAQ,False,nasdaqtrader
PROF,Profound Medical Corp. - common stock,NASDAQ,False,nasdaqtrader
PROK,ProKidney Corp. - Class A Ordinary Shares,NASDAQ,False,nasdaqtrader
PROP,Prairie Operating Co. - Common Stock,NASDAQ,False,nasdaqtrader
PROV,"Provident Financial Holdings, Inc. - Common Stock",NASDAQ,False,nasdaqtrader
PRPL,"Purple Innovation, Inc. - Common Stock",NASDAQ,False,nasdaqtrader
PRPO,"Precipio, Inc. - Common Stock",NASDAQ,False,nasdaqtrader
PRQR,ProQR Therapeutics N.V. - Ordinary Shares,NASDAQ,False,nasdaqtrader
PRS,"Prudential Financial, Inc. 5.625% Junior Subordinated Notes due 2058",N,False,nasdaqtrader
PRSO,Peraso Inc. - Common Stock,NASDAQ,False,nasdaqtrader
PRSU,"Pursuit Attractions and Hospitality, Inc. Common Stock",N,False,nasdaqtrader
PRT,PermRock Royalty Trust Units of Beneficial Interest,N,False,nasdaqtrader
PRTA,Prothena Corporation plc - Ordinary Shares,NASDAQ,False,nasdaqtrader
PRTH,"Priority Technology Holdings, Inc. - Common Stock",NASDAQ,False,nasdaqtrader
PRTS,"CarParts.com, Inc. - Common Stock",NASDAQ,False,nasdaqtrader
PRU,"Prudential Financial, Inc. Common Stock",N,False,nasdaqtrader
PRVA,"Privia Health Group, Inc. - Common Stock",NASDAQ,False,nasdaqtrader
PRZO,ParaZero Technologies Ltd. - Ordinary Shares,NASDAQ,False,nasdaqtrader
PS,Pershing Square Inc. Common Stock,N,False,nasdaqtrader
PSA,Public Storage Common Stock,N,False,nasdaqtrader
PSA-PF,"Public Storage Depositary Shares Each Representing 1/1,000 of a 5.15% Cumulative Preferred Share of Beneficial Interest, Series F, par value $0.01 per share",N,False,nasdaqtrader
PSA-PG,"Public Storage Depositary Shares, Each Representing 1/1,000 of a 5.05% Cumulative Preferred Share of Beneficial Interest, Series G",N,False,nasdaqtrader
PSA-PH,"Public Storage Depositary Shares Each Representing 1/1,000 of a  5.60% Cumulative Preferred  Share of Beneficial Interest, Series H",N,False,nasdaqtrader
PSA-PI,"Public Storage Depositary Shares Each Representing 1/1,000 of a 4.875% Cumulative Preferred Share of Beneficial Interest, Series I, par value $0.01 per share",N,False,nasdaqtrader
PSA-PJ,"Public Storage Depositary Shares Each Representing 1/1,000 of a 4.700% Cumulative Preferred Share of Beneficial Interest, Series J, par value $0.01 per share",N,False,nasdaqtrader
PSA-PK,"Public Storage Depositary Shares Each Representing 1/1,000 of a 4.75% Cumulative Preferred Share of Beneficial Interest, Series K",N,False,nasdaqtrader
PSA-PL,"Public Storage Depositary Shares Each Representing 1/1,000 of a 4.625% Cumulative Preferred Share of Beneficial Interest, Series L, par value $0.01 per share",N,False,nasdaqtrader
PSA-PM,"Public Storage Depositary Shares Each Representing 1/1,000 of a 4.125% Cumulative Preferred Share of Beneficial Interest, Series M",N,False,nasdaqtrader
PSA-PN,"Public Storage Depositary Shares Each Representing 1/1,000 of a 3.875% Cumulative Preferred Share of Beneficial Interest, Series N",N,False,nasdaqtrader
PSA-PO,"Public Storage Depositary Shares Each Representing 1/1,000 of a 3.900% Cumulative Preferred Share of Beneficial Interest, Series O",N,False,nasdaqtrader
PSA-PP,"Public Storage Depositary Shares Each Representing 1/1,000 of a 4.000% Cumulative Preferred Share of Bene cial Interest, Series P",N,False,nasdaqtrader
PSA-PQ,"Public Storage Depositary Shares Each Representing 1/1,000 of a 3.950% Cumulative Preferred Share of Beneficial Interest, Series Q, par value $0.01 per share",N,False,nasdaqtrader
PSA-PR,"Public Storage Depositary Shares Each Representing 1/1,000 of a 4.00% Cumulative Preferred Share of Bene cial Interest, Series R",N,False,nasdaqtrader
PSA-PS,"Public Storage Depositary Shares Each Representing 1/1,000 of a 4.100% Cumulative Preferred Share of Beneficial Interest, Series S",N,False,nasdaqtrader
PSA-PT,"Public Storage 6.000% Cumulative Preferred Shares of beneficial interest, Series T",N,False,nasdaqtrader
PSA-PU,"Public Storage 6.000% Cumulative Preferred Shares of Beneficial Interest, Series U",N,False,nasdaqtrader
PSBD,Palmer Square Capital BDC Inc. Common Stock,N,False,nasdaqtrader
PSEC,Prospect Capital Corporation - Closed End Fund,NASDAQ,False,nasdaqtrader
PSEC-PA,Prospect Capital Corporation 5.35% Series A Fixed Rate Cumulative Perpetual Preferred Stock,N,False,nasdaqtrader
PSF,"Cohen & Steers Select Preferred and Income Fund, Inc. Common Stock",N,False,nasdaqtrader
PSFE,Paysafe Limited Common Shares,N,False,nasdaqtrader
PSHG,Performance Shipping Inc. - Common Shares,NASDAQ,False,nasdaqtrader
PSIG,PS International Group Ltd. - Ordinary Shares,NASDAQ,False,nasdaqtrader
PSIX,"Power Solutions International, Inc. - Common Stock",NASDAQ,False,nasdaqtrader
PSKY,Paramount Skydance Corporation - Class B Common Stock,NASDAQ,False,nasdaqtrader
PSMT,"PriceSmart, Inc. - Common Stock",NASDAQ,False,nasdaqtrader
PSN,Parsons Corporation Common Stock,N,False,nasdaqtrader
PSNL,"Personalis, Inc. - Common Stock",NASDAQ,False,nasdaqtrader
PSNY,Polestar Automotive Holding UK Limited - Class A ADS,NASDAQ,False,nasdaqtrader
PSNYW,Polestar Automotive Holding UK Limited - Class C-1 ADS (ADW),NASDAQ,False,nasdaqtrader
PSO,"Pearson, Plc Common Stock",N,False,nasdaqtrader
PSQH,"PSQ Holdings, Inc. Class A Common Stock",N,False,nasdaqtrader
PSQH-W,"PSQ Holdings, Inc. Warrants, each exercisable for one share of Class A common stock at an exercise price of $11.50 per share",N,False,nasdaqtrader
PSTL,"Postal Realty Trust, Inc. Class A Common Stock",N,False,nasdaqtrader
PSUS,"Pershing Square USA, Ltd. Common Shares",N,False,nasdaqtrader
PSX,Phillips 66 Common Stock,N,False,nasdaqtrader
PTA,Cohen & Steers Tax-Advantaged Preferred Securities and Income Fund Common Shares of Beneficial Interest,N,False,nasdaqtrader
PTAC,Patriot Acquisition Corp. - Class A Ordinary Shares,NASDAQ,False,nasdaqtrader
PTACU,Patriot Acquisition Corp. - Units,NASDAQ,False,nasdaqtrader
PTACW,Patriot Acquisition Corp. - Warrants,NASDAQ,False,nasdaqtrader
PTC,PTC Inc. - Common Stock,NASDAQ,False,nasdaqtrader
PTCT,"PTC Therapeutics, Inc. - Common Stock",NASDAQ,False,nasdaqtrader
PTEN,"Patterson-UTI Energy, Inc. - Common Stock",NASDAQ,False,nasdaqtrader
PTGX,"Protagonist Therapeutics, Inc. - Common Stock",NASDAQ,False,nasdaqtrader
PTHS,Pelthos Therapeutics Inc. Common Stock,A,False,nasdaqtrader
PTLE,PTL LTD - Class A Ordinary Shares,NASDAQ,False,nasdaqtrader
PTLO,Portillo's Inc. - Class A Common Stock,NASDAQ,False,nasdaqtrader
PTN,"Palatin Technologies, Inc. - Common Stock",NASDAQ,False,nasdaqtrader
PTON,"Peloton Interactive, Inc. - Common Stock",NASDAQ,False,nasdaqtrader
PTOR,Praetorian Acquisition Corp. - Class A Ordinary Shares,NASDAQ,False,nasdaqtrader
PTORU,Praetorian Acquisition Corp. - Units,NASDAQ,False,nasdaqtrader
PTORW,Praetorian Acquisition Corp. - Warrant,NASDAQ,False,nasdaqtrader
PTRN,Pattern Group Inc. - Series A Common Stock,NASDAQ,False,nasdaqtrader
PTY,Pimco Corporate & Income Opportunity Fund,N,False,nasdaqtrader
PUBM,"PubMatic, Inc. - Class A Common Stock",NASDAQ,False,nasdaqtrader
PUK,Prudential Public Limited Company Common Stock,N,False,nasdaqtrader
PULM,"Pulmatrix, Inc. - Common Stock",NASDAQ,False,nasdaqtrader
PUMP,ProPetro Holding Corp. Common Stock,N,False,nasdaqtrader
PURR,Hyperliquid Strategies Inc - Common Stock,NASDAQ,False,nasdaqtrader
PUSA,Aureus Greenway Holdings Inc. - Common Stock,NASDAQ,False,nasdaqtrader
PVH,PVH Corp. Common Stock,N,False,nasdaqtrader
PVL,Permianville Royalty Trust Units of Beneficial Interest,N,False,nasdaqtrader
PVLA,"Palvella Therapeutics, Inc. - Common Stock",NASDAQ,False,nasdaqtrader
PW,Power REIT (MD) Common Stock,A,False,nasdaqtrader
PW-PA,Power REIT 7.75% Series A Cumulative Perpetual Preferred Stock,A,False,nasdaqtrader
PWCM,"PowerCompute, Inc. - Common Stock",NASDAQ,False,nasdaqtrader
PWP,Perella Weinberg Partners - Class A Common Stock,NASDAQ,False,nasdaqtrader
PWR,"Quanta Services, Inc. Common Stock",N,False,nasdaqtrader
PWRL,Powerlaw Corp. - Common Stock,NASDAQ,False,nasdaqtrader
PXED,"Phoenix Education Partners, Inc. Common Stock",N,False,nasdaqtrader
PXLW,"Pixelworks, Inc. - Common Stock",NASDAQ,False,nasdaqtrader
PXS,Pyxis Tankers Inc. - Common Stock,NASDAQ,False,nasdaqtrader
PYPD,PolyPid Ltd. - Ordinary Shares,NASDAQ,False,nasdaqtrader
PYPL,"PayPal Holdings, Inc. - Common Stock",NASDAQ,False,nasdaqtrader
PYT,PPlus Tr GSC-2 Tr Ctf Fltg Rate,N,False,nasdaqtrader
PYXS,"Pyxis Oncology, Inc. - Common Stock",NASDAQ,False,nasdaqtrader
PZG,Paramount Gold Nevada Corp. Common Stock,A,False,nasdaqtrader
PZZA,"Papa John's International, Inc. - Common Stock",NASDAQ,False,nasdaqtrader
Q,"Qnity Electronics, Inc. Common Stock",N,False,nasdaqtrader
QADR,QDRO Acquisition Corp. - Class A Ordinary Shares,NASDAQ,False,nasdaqtrader
QADRU,QDRO Acquisition Corp. - Units,NASDAQ,False,nasdaqtrader
QADRW,QDRO Acquisition Corp. - Warrant,NASDAQ,False,nasdaqtrader
QBTS,D-Wave Quantum Inc. - Common Stock,NASDAQ,False,nasdaqtrader
QCLS,"Q/C Technologies, Inc. - Common Stock",NASDAQ,False,nasdaqtrader
QCOM,QUALCOMM Incorporated - Common Stock,NASDAQ,False,nasdaqtrader
QCRH,"QCR Holdings, Inc. - Common Stock",NASDAQ,False,nasdaqtrader
QDEL,QuidelOrtho Corporation - Common Stock,NASDAQ,False,nasdaqtrader
QETA,Quetta Acquisition Corporation - Common Stock,NASDAQ,False,nasdaqtrader
QETAR,Quetta Acquisition Corporation - Right,NASDAQ,False,nasdaqtrader
QETAU,Quetta Acquisition Corporation - Unit,NASDAQ,False,nasdaqtrader
QFIN,"Qfin Holdings, Inc.  - American Depositary Shares",NASDAQ,False,nasdaqtrader
QGEN,Qiagen N.V. Common Shares,N,False,nasdaqtrader
QH,Quhuo Limited - Class A Ordinary Shares,NASDAQ,False,nasdaqtrader
QLEP,Quantum Leap Acquisition Corp Class A Ordinary Shares,N,False,nasdaqtrader
QLEP-W,"Quantum Leap Acquisition Corp Warrants, each whole warrant exercisable for one Class A Ordinary Share at an exercise price of $11.50 per share",N,False,nasdaqtrader
QLYS,"Qualys, Inc. - Common Stock",NASDAQ,False,nasdaqtrader
QMCO,Quantum Corporation - Common Stock,NASDAQ,False,nasdaqtrader
QMLS,"QumulusAI, Inc. - Common Stock",NASDAQ,False,nasdaqtrader
QMMM,QMMM Holdings Limited - Class A Ordinary Shares,NASDAQ,False,nasdaqtrader
QNC,Quantum eMotion Corp. Common Shares,A,False,nasdaqtrader
QNCX,"Quince Therapeutics, Inc. - Common Stock",NASDAQ,False,nasdaqtrader
QNME,"Quanome Technologies, Inc. - Common Stock",NASDAQ,False,nasdaqtrader
QNRX,"Quoin Pharmaceuticals, Ltd. - American Depositary Shares",NASDAQ,False,nasdaqtrader
QNST,"QuinStreet, Inc. - Common Stock",NASDAQ,False,nasdaqtrader
QNT,Quantinuum Inc. - Class A Common Stock,NASDAQ,False,nasdaqtrader
QNTM,Quantum Biopharma Ltd. - Class B Subordinate Voting Shares,NASDAQ,False,nasdaqtrader
QQQX,Nuveen NASDAQ 100 Dynamic Overwrite Fund - Closed End Fund,NASDAQ,False,nasdaqtrader
QRED,QuasarEdge Acquisition Corporation Ordinary Shares,N,False,nasdaqtrader
QRED-R,QuasarEdge Acquisition Corporation Rights to receive one-fourth (1/4) of one Ordinary Share,N,False,nasdaqtrader
QRED-U,"QuasarEdge Acquisition Corporation Units, each consisting of one Ordinary Share and one right entitling the holder to receive one-fourth (1/4) of one Ordinary Share",N,False,nasdaqtrader
QRHC,Quest Resource Holding Corporation - Common Stock,NASDAQ,False,nasdaqtrader
QRVO,"Qorvo, Inc. - Common Stock",NASDAQ,False,nasdaqtrader
QS,QuantumScape Corporation - Common Stock,NASDAQ,False,nasdaqtrader
QSEA,Quartzsea Acquisition Corporation - Ordinary Shares,NASDAQ,False,nasdaqtrader
QSEAR,Quartzsea Acquisition Corporation - Rights,NASDAQ,False,nasdaqtrader
QSEAU,Quartzsea Acquisition Corporation - Units,NASDAQ,False,nasdaqtrader
QSI,Quantum-Si Incorporated - Class A Common Stock,NASDAQ,False,nasdaqtrader
QSR,Restaurant Brands International Inc. Common Shares,N,False,nasdaqtrader
QTEX,QTREX Quantum Ltd. - Ordinary Shares,NASDAQ,False,nasdaqtrader
QTI,"QT Imaging Holdings, Inc. - Common Stock",NASDAQ,False,nasdaqtrader
QTRX,Quanterix Corporation - Common Stock,NASDAQ,False,nasdaqtrader
QTTB,Q32 Bio Inc. - Common Stock,NASDAQ,False,nasdaqtrader
QTWO,"Q2 Holdings, Inc. Common Stock",N,False,nasdaqtrader
QUAD,"Quad Graphics, Inc Class A Common Stock",N,False,nasdaqtrader
QUBT,Quantum Computing Inc. - Common Stock,NASDAQ,False,nasdaqtrader
QUCY,Quantum Cyber N.V. - Ordinary Shares,NASDAQ,False,nasdaqtrader
QUIK,QuickLogic Corporation - Common Stock,NASDAQ,False,nasdaqtrader
QUMS,Quantumsphere Acquisition Corp. - Ordinary Shares,NASDAQ,False,nasdaqtrader
QUMSR,Quantumsphere Acquisition Corp. - Rights,NASDAQ,False,nasdaqtrader
QUMSU,Quantumsphere Acquisition Corp. - Units,NASDAQ,False,nasdaqtrader
QURE,uniQure N.V. - Ordinary Shares,NASDAQ,False,nasdaqtrader
QVC,"QVC Group, Inc. - Common Stock",NASDAQ,False,nasdaqtrader
QXL,Quantum X Labs Inc. - Common Stock,NASDAQ,False,nasdaqtrader
QXO,"QXO, Inc. Common Stock",N,False,nasdaqtrader
QXO-PB,"QXO, Inc.  Depositary Shares, each representing a 1/20th interest in a share of 5.50% Series B Mandatory Convertible Preferred Stock",N,False,nasdaqtrader
R,"Ryder System, Inc. Common Stock",N,False,nasdaqtrader
RA,Brookfield Real Assets Income Fund Inc. Common Stock,N,False,nasdaqtrader
RAC,Rithm Acquisition Corp. Class A Ordinary Shares,N,False,nasdaqtrader
RAC-U,Rithm Acquisition Corp. Units (each consists of one Class A Ordinary Share and one-third of one redeemable Warrant),N,False,nasdaqtrader
RAC-W,"Rithm Acquisition Corp. Redeemable warrants, each whole warrant exercisable for one Class A ordinary share at an exercise price of $11.50",N,False,nasdaqtrader
RACC,Research Alliance Corporation III - Class A Ordinary Shares,NASDAQ,False,nasdaqtrader
RACD,Research Alliance Corporation IV - Class A Ordinary Shares,NASDAQ,False,nasdaqtrader
RACE,Ferrari N.V. Common Shares,N,False,nasdaqtrader
RADX,Radiopharm Theranostics Limited - American Depositary Shares,NASDAQ,False,nasdaqtrader
RAIL,"Freightcar America, Inc. - Common Stock",NASDAQ,False,nasdaqtrader
RAIN,"Rain Enhancement Technologies Holdco, Inc. - Class A Common Stock",NASDAQ,False,nasdaqtrader
RAINW,"Rain Enhancement Technologies Holdco, Inc. - Warrants",NASDAQ,False,nasdaqtrader
RAL,Ralliant Corporation Common Stock,N,False,nasdaqtrader
RAMP,"LiveRamp Holdings, Inc. Common Stock",N,False,nasdaqtrader
RAND,Rand Capital Corporation - Closed End Fund,NASDAQ,False,nasdaqtrader
RANG,Range Capital Acquisition Corp. - Ordinary Shares,NASDAQ,False,nasdaqtrader
RANGR,Range Capital Acquisition Corp. - Rights,NASDAQ,False,nasdaqtrader
RANGU,Range Capital Acquisition Corp. - Units,NASDAQ,False,nasdaqtrader
RANI,"Rani Therapeutics Holdings, Inc. - Class A Common Stock",NASDAQ,False,nasdaqtrader
RAPP,"Rapport Therapeutics, Inc. - Common Stock",NASDAQ,False,nasdaqtrader
RARE,Ultragenyx Pharmaceutical Inc. - Common Stock,NASDAQ,False,nasdaqtrader
RAVE,"Rave Restaurant Group, Inc. - Common Stock",NASDAQ,False,nasdaqtrader
RAY,Raytech Holding Limited - Ordinary Shares,NASDAQ,False,nasdaqtrader
RAYA,Erayak Power Solution Group Inc. - Class A Ordinary Shares,NASDAQ,False,nasdaqtrader
RBA,"RB Global, Inc. Common Stock",N,False,nasdaqtrader
RBB,RBB Bancorp - Common Stock,NASDAQ,False,nasdaqtrader
RBBN,Ribbon Communications Inc.  - Common Stock,NASDAQ,False,nasdaqtrader
RBC,RBC Bearings Incorporated Common Stock,N,False,nasdaqtrader
RBCAA,"Republic Bancorp, Inc. - Class A Common Stock",NASDAQ,False,nasdaqtrader
RBKB,"Rhinebeck Bancorp, Inc. - Common Stock",NASDAQ,False,nasdaqtrader
RBLX,Roblox Corporation Class A Common Stock,N,False,nasdaqtrader
RBNE,Robin Energy Ltd. - Common Stock,NASDAQ,False,nasdaqtrader
RBRK,"Rubrik, Inc. Class A Common Stock",N,False,nasdaqtrader
RC,Ready Capital Corporation Common Stock,N,False,nasdaqtrader
RC-PC,Ready Capital Corporation 6.25% Series C Cumulative Convertible Preferred Stock,N,False,nasdaqtrader
RC-PE,Ready Capital Corporation 6.50% Series E Cumulative Redeemable Preferred Stock,N,False,nasdaqtrader
RCAT,"Red Cat Holdings, Inc. - Common Stock",NASDAQ,False,nasdaqtrader
RCBC,River City Bank - Common stock,NASDAQ,False,nasdaqtrader
RCD,Ready Capital Corporation 9.00% Senior Notes due 2029,N,False,nasdaqtrader
RCEL,"Avita Medical, Inc. - Common Stock",NASDAQ,False,nasdaqtrader
RCG,"RENN Fund, Inc Common Stock",A,False,nasdaqtrader
RCI,"Rogers Communication, Inc. Common Stock",N,False,nasdaqtrader
RCKT,"Rocket Pharmaceuticals, Inc. - Common Stock",NASDAQ,False,nasdaqtrader
RCKTW,"Rocket Pharmaceuticals, Inc. - Warrant",NASDAQ,False,nasdaqtrader
RCKY,"Rocky Brands, Inc. - Common Stock",NASDAQ,False,nasdaqtrader
RCL,Royal Caribbean Cruises Ltd. Common Stock,N,False,nasdaqtrader
RCMT,"RCM Technologies, Inc. - Common Stock",NASDAQ,False,nasdaqtrader
RCON,"Recon Technology, Ltd. - Class A Ordinary Shares",NASDAQ,False,nasdaqtrader
RCS,"PIMCO Strategic Income Fund, Inc.",N,False,nasdaqtrader
RCT,RedCloud Holdings plc - Ordinary Shares,NASDAQ,False,nasdaqtrader
RCUS,"Arcus Biosciences, Inc. Common Stock",N,False,nasdaqtrader
RDAC,Rising Dragon Acquisition Corp. - Ordinary Shares,NASDAQ,False,nasdaqtrader
RDACR,Rising Dragon Acquisition Corp. - Rights,NASDAQ,False,nasdaqtrader
RDACU,Rising Dragon Acquisition Corp. - Unit,NASDAQ,False,nasdaqtrader
RDAG,Republic Digital Acquisition Company - Class A Ordinary Shares,NASDAQ,False,nasdaqtrader
RDAGU,Republic Digital Acquisition Company - Unit,NASDAQ,False,nasdaqtrader
RDAGW,Republic Digital Acquisition Company - Warrants,NASDAQ,False,nasdaqtrader
RDCM,Radcom Ltd. - Ordinary Shares,NASDAQ,False,nasdaqtrader
RDDT,"Reddit, Inc. Class A Common Stock",N,False,nasdaqtrader
RDGT,"Ridgetech, Inc. - Ordinary Shares",NASDAQ,False,nasdaqtrader
RDHL,Redhill Biopharma Ltd. - American Depositary Shares,NASDAQ,False,nasdaqtrader
RDI,Reading International Inc - Class A Non-voting Common Stock,NASDAQ,False,nasdaqtrader
RDIB,Reading International Inc - Class B Voting Common Stock,NASDAQ,False,nasdaqtrader
RDN,Radian Group Inc. Common Stock,N,False,nasdaqtrader
RDNT,"RadNet, Inc. - Common Stock",NASDAQ,False,nasdaqtrader
RDNW,"RideNow Group, Inc. - Class B Common Stock",NASDAQ,False,nasdaqtrader
RDVT,"Red Violet, Inc. - Common Stock",NASDAQ,False,nasdaqtrader
RDW,Redwire Corporation Common Stock,N,False,nasdaqtrader
RDWR,Radware Ltd. - Ordinary Shares,NASDAQ,False,nasdaqtrader
RDY,Dr. Reddy's Laboratories Ltd Common Stock,N,False,nasdaqtrader
RDZN,"Roadzen, Inc. - Ordinary Shares",NASDAQ,False,nasdaqtrader
RDZNW,"Roadzen, Inc. - Warrants",NASDAQ,False,nasdaqtrader
REA,"Rare Earths Americas, Inc. Common Stock",A,False,nasdaqtrader
REAL,"The RealReal, Inc. - Common Stock",NASDAQ,False,nasdaqtrader
REAX,"The Real Brokerage, Inc. - Common Shares",NASDAQ,False,nasdaqtrader
REBN,"Reborn Coffee, Inc. - Common Stock",NASDAQ,False,nasdaqtrader
RECT,Rectitude Holdings Ltd - Ordinary Shares,NASDAQ,False,nasdaqtrader
REED,"Reed's, Inc. Common Stock",A,False,nasdaqtrader
REF,Reformation Inc. Common Stock,N,False,nasdaqtrader
REFI,"Chicago Atlantic Real Estate Finance, Inc. - Common Stock",NASDAQ,False,nasdaqtrader
REFR,Research Frontiers Incorporated - Common Stock,NASDAQ,False,nasdaqtrader
REG,Regency Centers Corporation - Common Stock,NASDAQ,False,nasdaqtrader
REGCO,Regency Centers Corporation - 5.875% Series B Cumulative Redeemable Preferred Stock,NASDAQ,False,nasdaqtrader
REGCP,Regency Centers Corporation - 6.25% Series A Cumulative Redeemable Preferred Stock,NASDAQ,False,nasdaqtrader
REGN,"Regeneron Pharmaceuticals, Inc. - Common Stock",NASDAQ,False,nasdaqtrader
REI,"Ring Energy, Inc. Common Stock",A,False,nasdaqtrader
REKR,"Rekor Systems, Inc. - Common Stock",NASDAQ,False,nasdaqtrader
RELL,"Richardson Electronics, Ltd. - Common Stock",NASDAQ,False,nasdaqtrader
RELX,RELX PLC PLC American Depositary Shares (Each representing One Ordinary Share),N,False,nasdaqtrader
RELY,"Remitly Global, Inc. - Common stock",NASDAQ,False,nasdaqtrader
RENT,"Rent the Runway, Inc. - Class A Common Stock",NASDAQ,False,nasdaqtrader
RENX,RenX Enterprises Corp. - Common Stock,NASDAQ,False,nasdaqtrader
REPL,"Replimune Group, Inc. - Common Stock",NASDAQ,False,nasdaqtrader
REPX,"Riley Exploration Permian, Inc. Common Stock",A,False,nasdaqtrader
RERE,ATRenew Inc. American Depositary Shares (every three of which representing two Class A ordinary shares),N,False,nasdaqtrader
RES,"RPC, Inc. Common Stock",N,False,nasdaqtrader
RETO,"ReTo Eco-Solutions, Inc. - Class A Shares",NASDAQ,False,nasdaqtrader
REVB,"Revelation Biosciences, Inc. - Common Stock",NASDAQ,False,nasdaqtrader
REVBW,"Revelation Biosciences, Inc. - Warrant",NASDAQ,False,nasdaqtrader
REX,REX American Resources Corporation,N,False,nasdaqtrader
REXR,"Rexford Industrial Realty, Inc. Common Stock",N,False,nasdaqtrader
REXR-PB,"Rexford Industrial Realty, Inc. 5.875% Series B Cumulative Redeemable Preferred Stock",N,False,nasdaqtrader
REXR-PC,"Rexford Industrial Realty, Inc. 5.625% Series C Cumulative Redeemable Preferred Stock, par value $0.01 per share",N,False,nasdaqtrader
REYN,Reynolds Consumer Products Inc. - Common Stock,NASDAQ,False,nasdaqtrader
REZI,"Resideo Technologies, Inc. Common Stock",N,False,nasdaqtrader
RF,Regions Financial Corporation Common Stock,N,False,nasdaqtrader
RF-PC,"Regions Financial Corporation Depositary Shares, each Representing a 1/40th Interest in a  Share of 5.700% Fixed-to-Floating Rate Non-Cumulative  Perpetual Preferred Stock, Series C",N,False,nasdaqtrader
RF-PE,"Regions Financial Corporation Depositary Shares, Each Representing a 1/40th Interest in a Share of 4.45% Non-Cumulative Perpetual Preferred Stock, Series E",N,False,nasdaqtrader
RF-PF,"Regions Financial Corporation Depositary Shares Each Representing a 1/40th Interest in a Share of Non-Cumulative Perpetual Preferred Stock, Series F",N,False,nasdaqtrader
RFAI,RF Acquisition Corp II - Ordinary Shares,NASDAQ,False,nasdaqtrader
RFAIR,RF Acquisition Corp II - Right,NASDAQ,False,nasdaqtrader
RFAIU,RF Acquisition Corp II - Unit,NASDAQ,False,nasdaqtrader
RFAM,RF Acquisition Corp III - Ordinary Shares,NASDAQ,False,nasdaqtrader
RFAMR,RF Acquisition Corp III - Rights,NASDAQ,False,nasdaqtrader
RFAMU,RF Acquisition Corp III - Units,NASDAQ,False,nasdaqtrader
RFI,"Cohen & Steers Total Return Realty Fund, Inc. Common Stock",N,False,nasdaqtrader
RFIL,"RF Industries, Ltd. - Common Stock",NASDAQ,False,nasdaqtrader
RFL,"Rafael Holdings, Inc. Class B Common Stock",N,False,nasdaqtrader
RFM,"RiverNorth Flexible Municipal Income Fund, Inc. Common Stock",N,False,nasdaqtrader
RFMZ,"RiverNorth Flexible Municipal Income Fund II, Inc. Common Stock",N,False,nasdaqtrader
RGA,"Reinsurance Group of America, Incorporated Common Stock",N,False,nasdaqtrader
RGC,Regencell Bioscience Holdings Limited - Ordinary Shares,NASDAQ,False,nasdaqtrader
RGCO,RGC Resources Inc. - Common Stock,NASDAQ,False,nasdaqtrader
RGEN,Repligen Corporation - Common Stock,NASDAQ,False,nasdaqtrader
RGLD,"Royal Gold, Inc. - Common Stock",NASDAQ,False,nasdaqtrader
RGNT,Regentis Biomaterials Ltd. Ordinary Shares,A,False,nasdaqtrader
RGNX,REGENXBIO Inc. - Common Stock,NASDAQ,False,nasdaqtrader
RGP,"Resources Connection, Inc. - Common Stock",NASDAQ,False,nasdaqtrader
RGR,"Sturm, Ruger & Company, Inc. Common Stock",N,False,nasdaqtrader
RGS,Regis Corporation - Common Stock,NASDAQ,False,nasdaqtrader
RGT,"Royce Global Trust, Inc. Common Stock",N,False,nasdaqtrader
RGTI,"Rigetti Computing, Inc.  - Common stock",NASDAQ,False,nasdaqtrader
RGTIW,"Rigetti Computing, Inc.  - Redeemable warrants, each whole warrant exercisable for one Class A ordinary share at an exercise price of $11.50",NASDAQ,False,nasdaqtrader
RH,RH Common Stock,N,False,nasdaqtrader
RHI,Robert Half Inc. Common Stock,N,False,nasdaqtrader
RHLD,Resolute Holdings Management Common Stock,N,False,nasdaqtrader
RHP,"Ryman Hospitality Properties, Inc. (REIT)",N,False,nasdaqtrader
RIBB,Ribbon Acquisition Corp - Class A Ordinary Shares,NASDAQ,False,nasdaqtrader
RIBBR,Ribbon Acquisition Corp - Rights,NASDAQ,False,nasdaqtrader
RIBBU,Ribbon Acquisition Corp - Unit,NASDAQ,False,nasdaqtrader
RICK,"RCI Hospitality Holdings, Inc. - Common Stock",NASDAQ,False,nasdaqtrader
RIG,Transocean Ltd (Switzerland) Common Stock,N,False,nasdaqtrader
RIGL,"Rigel Pharmaceuticals, Inc. - Common Stock",NASDAQ,False,nasdaqtrader
RILY,"BRC Group Holdings, Inc. - Common Stock",NASDAQ,False,nasdaqtrader
RILYG,"BRC Group Holdings, Inc. - 5.00% Senior Notes due 2026",NASDAQ,False,nasdaqtrader
RILYL,"BRC Group Holdings, Inc. - Depositary Shares, each representing a 1/1000th fractional interest in a share of Series B Cumulative Perpetual Preferred Stock",NASDAQ,False,nasdaqtrader
RILYN,"BRC Group Holdings, Inc. - 6.50% Senior Notes Due 2026",NASDAQ,False,nasdaqtrader
RILYP,"BRC Group Holdings, Inc. - Depositary Shares, each representing a 1/1000th fractional interest in a share of Series A Cumulative Perpetual Preferred Stock",NASDAQ,False,nasdaqtrader
RILYT,"BRC Group Holdings, Inc. - 6.00% Senior Notes Due 2028",NASDAQ,False,nasdaqtrader
RILYZ,"BRC Group Holdings, Inc. - 5.25% Senior Notes due 2028",NASDAQ,False,nasdaqtrader
RIME,"Algorhythm Holdings, Inc. - Common Stock",NASDAQ,False,nasdaqtrader
RIO,Rio Tinto Plc Common Stock,N,False,nasdaqtrader
RIOT,"Riot Platforms, Inc. - Common Stock",NASDAQ,False,nasdaqtrader
RITM,Rithm Capital Corp. Common Stock,N,False,nasdaqtrader
RITM-PA,Rithm Capital Corp. 7.50% Series A Fixed-to-Floating Rate Cumulative Redeemable Preferred Stock,N,False,nasdaqtrader
RITM-PB,Rithm Capital Corp. 7.125% Series B Fixed-to-Floating Rate Cumulative Redeemable Preferred Stock,N,False,nasdaqtrader
RITM-PC,Rithm Capital Corp. 6.375% Series C Fixed-to-Floating Rate Cumulative Redeemable Preferred Stock,N,False,nasdaqtrader
RITM-PD,Rithm Capital Corp. 7.00% Fixed-Rate Reset Series D Cumulative Redeemable Preferred Stock,N,False,nasdaqtrader
RITM-PE,Rithm Capital Corp. 8.75% Series E Fixed-Rate Cumulative Redeemable Preferred Stock,N,False,nasdaqtrader
RITM-PF,Rithm Capital Corp. 8.750% Series F Fixed-Rate Reset Cumulative Redeemable Preferred Stock,N,False,nasdaqtrader
RITR,Reitar Logtech Holdings Limited - Ordinary shares,NASDAQ,False,nasdaqtrader
RIV,"RiverNorth Opportunities Fund, Inc. Common Stock",N,False,nasdaqtrader
RIV-PA,"RiverNorth Opportunities Fund, Inc. 6.00% Series A Perpetual Preferred Stock",N,False,nasdaqtrader
RIVN,"Rivian Automotive, Inc. - Class A Common Stock",NASDAQ,False,nasdaqtrader
RJET,Republic Airways Holdings Inc. - Common Stock,NASDAQ,False,nasdaqtrader
RJF,"Raymond James Financial, Inc. Common Stock",N,False,nasdaqtrader
RKDA,"Arcadia Biosciences, Inc. - Common Stock",NASDAQ,False,nasdaqtrader
RKLB,Rocket Lab Corporation - Common Stock,NASDAQ,False,nasdaqtrader
RKT,"Rocket Companies, Inc. Class A Common Stock",N,False,nasdaqtrader
RKTO,Rocket One Inc. - Common Stock,NASDAQ,False,nasdaqtrader
RL,Ralph Lauren Corporation Common Stock,N,False,nasdaqtrader
RLAY,"Relay Therapeutics, Inc. - Common Stock",NASDAQ,False,nasdaqtrader
RLGT,"Radiant Logistics, Inc. Common Stock",A,False,nasdaqtrader
RLI,RLI Corp. Common Stock (DE),N,False,nasdaqtrader
RLJ,RLJ Lodging Trust Common Shares of Beneficial Interest $0.01 par value,N,False,nasdaqtrader
RLJ-PA,RLJ Lodging Trust $1.95 Series A Cumulative Convertible  Preferred Shares,N,False,nasdaqtrader
RLMD,"Relmada Therapeutics, Inc. - Common Stock",NASDAQ,False,nasdaqtrader
RLTY,Cohen & Steers Real Estate Opportunities and Income Fund Common Shares of Beneficial Interest,N,False,nasdaqtrader
RLX,"RLX Technology Inc. American Depositary Shares, each representing the right to receive one (1) Class A ordinary share",N,False,nasdaqtrader
RLYB,Rallybio Corporation - Common Stock,NASDAQ,False,nasdaqtrader
RM,Regional Management Corp. Common Stock,N,False,nasdaqtrader
RMAX,"RE/MAX Holdings, Inc. Class A Common Stock",N,False,nasdaqtrader
RMBI,"Richmond Mutual Bancorporation, Inc. - Common Stock",NASDAQ,False,nasdaqtrader
RMBS,"Rambus, Inc. - Common Stock",NASDAQ,False,nasdaqtrader
RMCF,"Rocky Mountain Chocolate Factory, Inc. - Common Stock",NASDAQ,False,nasdaqtrader
RMCO,Royalty Management Holding Corporation - Class A Common Stock,NASDAQ,False,nasdaqtrader
RMCOW,Royalty Management Holding Corporation - Warrant,NASDAQ,False,nasdaqtrader
RMD,ResMed Inc. Common Stock,N,False,nasdaqtrader
RMI,"RiverNorth Opportunistic Municipal Income Fund, Inc. Common Stock",N,False,nasdaqtrader
RMIX,"Suncrete, Inc. - Class A Common Stock",NASDAQ,False,nasdaqtrader
RMM,"RiverNorth Managed Duration Municipal Income Fund, Inc. Common Stock",N,False,nasdaqtrader
RMMZ,"RiverNorth Managed Duration Municipal Income Fund II, Inc. Common Stock",N,False,nasdaqtrader
RMNI,"Rimini Street, Inc. - Common Stock",NASDAQ,False,nasdaqtrader
RMR,The RMR Group Inc. - Class A Common Stock,NASDAQ,False,nasdaqtrader
RMSG,Real Messenger Corporation - Ordinary Shares,NASDAQ,False,nasdaqtrader
RMSGW,Real Messenger Corporation - Warrants,NASDAQ,False,nasdaqtrader
RMT,"Royce Micro-Cap Trust, Inc. Common Stock",N,False,nasdaqtrader
RMTI,"Rockwell Medical, Inc. - Common Stock",NASDAQ,False,nasdaqtrader
RNA,"Atrium Therapeutics, Inc. - Common Stock",NASDAQ,False,nasdaqtrader
RNAC,"Cartesian Therapeutics, Inc. - Common Stock",NASDAQ,False,nasdaqtrader
RNAZ,"TransCode Therapeutics, Inc. - Common Stock",NASDAQ,False,nasdaqtrader
RNG,"RingCentral, Inc. Class A Common Stock",N,False,nasdaqtrader
RNGR,"Ranger Energy Services, Inc. Class A Common Stock",N,False,nasdaqtrader
RNGT,Range Capital Acquisition Corp II - Class A Ordinary Shares,NASDAQ,False,nasdaqtrader
RNGTU,Range Capital Acquisition Corp II - Units,NASDAQ,False,nasdaqtrader
RNGTW,Range Capital Acquisition Corp II - Warrants,NASDAQ,False,nasdaqtrader
RNP,"Cohen & Steers REIT and Preferred and Income Fund, Inc. Common Shares",N,False,nasdaqtrader
RNR,RenaissanceRe Holdings Ltd. Common Stock,N,False,nasdaqtrader
RNR-PF,"RenaissanceRe Holdings Ltd. Depositary Shares, each Representing a 1/1,000th Interest in a 5.750% Series F Preference Share",N,False,nasdaqtrader
RNR-PG,"RenaissanceRe Holdings Ltd. Depositary Shares, each representing a 1/1,000th interest in a share of 4.20% Series G Preference Shares",N,False,nasdaqtrader
RNST,Renasant Corporation Common Stock,N,False,nasdaqtrader
RNTX,"Rein Therapeutics, Inc. - Common Stock",NASDAQ,False,nasdaqtrader
RNW,ReNew Energy Global plc - Class A Shares,NASDAQ,False,nasdaqtrader
RNWWW,ReNew Energy Global plc - Warrant,NASDAQ,False,nasdaqtrader
RNXT,"RenovoRx, Inc. - Common Stock",NASDAQ,False,nasdaqtrader
ROAD,"Construction Partners, Inc. - Common Stock",NASDAQ,False,nasdaqtrader
ROC,Rank One Computing Corporation - Common stock,NASDAQ,False,nasdaqtrader
ROCK,"Gibraltar Industries, Inc. - Common Stock",NASDAQ,False,nasdaqtrader
ROG,Rogers Corporation Common Stock,N,False,nasdaqtrader
ROIV,Roivant Sciences Ltd. - Common Shares,NASDAQ,False,nasdaqtrader
ROK,"Rockwell Automation, Inc. Common Stock",N,False,nasdaqtrader
ROKU,"Roku, Inc. - Class A Common Stock",NASDAQ,False,nasdaqtrader
ROL,"Rollins, Inc. Common Stock",N,False,nasdaqtrader
ROLR,"High Roller Technologies, Inc. Common Stock",A,False,nasdaqtrader
ROMA,Roma Green Finance Limited - Class A Ordinary Shares,NASDAQ,False,nasdaqtrader
ROOT,"Root, Inc. - Common Stock",NASDAQ,False,nasdaqtrader
ROP,"Roper Technologies, Inc. - Common Stock",NASDAQ,False,nasdaqtrader
ROST,"Ross Stores, Inc. - Common Stock",NASDAQ,False,nasdaqtrader
RPAY,Repay Holdings Corporation - Class A Common Stock,NASDAQ,False,nasdaqtrader
RPC,"Ridgepost Capital, Inc. Class A Common Stock",N,False,nasdaqtrader
RPD,"Rapid7, Inc. - Common Stock",NASDAQ,False,nasdaqtrader
RPGL,Republic Power Group Limited - Class A Ordinary Shares,NASDAQ,False,nasdaqtrader
RPID,"Rapid Micro Biosystems, Inc. - Class A Common Stock",NASDAQ,False,nasdaqtrader
RPM,RPM International Inc. Common Stock,N,False,nasdaqtrader
RPRX,Royalty Pharma plc - Class A Ordinary Shares,NASDAQ,False,nasdaqtrader
RPT,Rithm Property Trust Inc. Common stock,N,False,nasdaqtrader
RPT-PC,Rithm Property Trust Inc. 9.875% Series C Fixed-to-Floating Rate Cumulative Redeemable Preferred Stock,N,False,nasdaqtrader
RQI,Cohen & Steers Quality Income Realty Fund Inc Common Shares,N,False,nasdaqtrader
RR,Richtech Robotics Inc. - Class B Common Stock,NASDAQ,False,nasdaqtrader
RRBI,"Red River Bancshares, Inc. - Common Stock",NASDAQ,False,nasdaqtrader
RRC,Range Resources Corporation Common Stock,N,False,nasdaqtrader
RREV,RRE Ventures Acquisition Corp. - Class A Ordinary Shares,NASDAQ,False,nasdaqtrader
RREVU,RRE Ventures Acquisition Corp. - Units,NASDAQ,False,nasdaqtrader
RREVW,RRE Ventures Acquisition Corp. - Warrants,NASDAQ,False,nasdaqtrader
RRGB,"Red Robin Gourmet Burgers, Inc. - Common Stock",NASDAQ,False,nasdaqtrader
RRR,"Red Rock Resorts, Inc. - Class A Common Stock",NASDAQ,False,nasdaqtrader
RRX,Regal Rexnord Corporation Common Stock,N,False,nasdaqtrader
RS,"Reliance, Inc. Common Stock",N,False,nasdaqtrader
RSF,RiverNorth Capital and Income Fund Common Stock,N,False,nasdaqtrader
RSG,"Republic Services, Inc. Common Stock",N,False,nasdaqtrader
RSI,"Rush Street Interactive, Inc. Class A Common Stock",N,False,nasdaqtrader
RSKD,Riskified Ltd. Class A Ordinary Shares,N,False,nasdaqtrader
RSSS,"Research Solutions, Inc - Common Stock",NASDAQ,False,nasdaqtrader
RSVR,"Reservoir Media, Inc.. - Common Stock",NASDAQ,False,nasdaqtrader
RTAC,Renatus Tactical Acquisition Corp I - Class A Ordinary Shares,NASDAQ,False,nasdaqtrader
RTACU,Renatus Tactical Acquisition Corp I - Unit,NASDAQ,False,nasdaqtrader
RTACW,Renatus Tactical Acquisition Corp I - Warrant,NASDAQ,False,nasdaqtrader
RTB,"RTB Digital, Inc. - Common Stock",NASDAQ,False,nasdaqtrader
RTO,Rentokil Initial plc American Depositary Shares (each representing five (5) Ordinary Shares),N,False,nasdaqtrader
RTX,RTX Corporation Common Stock,N,False,nasdaqtrader
RUBI,Rubico Inc. - Common Stock,NASDAQ,False,nasdaqtrader
RUM,RUM Group Inc. - Class A Common Stock,NASDAQ,False,nasdaqtrader
RUMBW,RUM Group Inc. - Warrant,NASDAQ,False,nasdaqtrader
RUN,Sunrun Inc. - Common Stock,NASDAQ,False,nasdaqtrader
RUSHA,"Rush Enterprises, Inc. - Class A Common Stock",NASDAQ,False,nasdaqtrader
RUSHB,"Rush Enterprises, Inc. - Class B Common Stock",NASDAQ,False,nasdaqtrader
RVI,Robinhood Ventures Fund I Common Shares of Beneficial Interest,N,False,nasdaqtrader
RVLV,"Revolve Group, Inc. Class A Common Stock",N,False,nasdaqtrader
RVMD,"Revolution Medicines, Inc. - Common Stock",NASDAQ,False,nasdaqtrader
RVMDW,"Revolution Medicines, Inc. - Warrant",NASDAQ,False,nasdaqtrader
RVP,"Retractable Technologies, Inc. Common Stock",A,False,nasdaqtrader
RVSB,Riverview Bancorp Inc - Common Stock,NASDAQ,False,nasdaqtrader
RVSN,Rail Vision Ltd. - Ordinary Shares,NASDAQ,False,nasdaqtrader
RVSNW,Rail Vision Ltd. - Warrant,NASDAQ,False,nasdaqtrader
RVT,"Royce Small-Cap Trust, Inc. Common Stock",N,False,nasdaqtrader
RVTY,"Revvity, Inc. Common Stock",N,False,nasdaqtrader
RWAY,Runway Growth Finance Corp. - Common Stock,NASDAQ,False,nasdaqtrader
RWAYI,Runway Growth Finance Corp. - 7.25% Notes due 2031,NASDAQ,False,nasdaqtrader
RWAYL,Runway Growth Finance Corp. - 7.50% Notes due 2027,NASDAQ,False,nasdaqtrader
RWT,"Redwood Trust, Inc. Common Stock",N,False,nasdaqtrader
RWT-PA,"Redwood Trust, Inc. 10.00% Series A Fixed-Rate Reset Cumulative Redeemable Preferred Stock",N,False,nasdaqtrader
RWTN,"Redwood Trust, Inc. 9.125% Senior Notes Due 2029",N,False,nasdaqtrader
RWTO,"Redwood Trust, Inc. 9.00% Senior Notes Due 2029",N,False,nasdaqtrader
RWTP,"Redwood Trust, Inc. 9.125% Senior Notes Due 2030",N,False,nasdaqtrader
RWTQ,"Redwood Trust, Inc. 9.500% Senior Notes Due 2030",N,False,nasdaqtrader
RWTS,"Redwood Trust, Inc. 9.75% Senior Notes Due 2031",N,False,nasdaqtrader
RXO,"RXO, Inc. Common Stock",N,False,nasdaqtrader
RXRX,"Recursion Pharmaceuticals, Inc. - Class A Common Stock",NASDAQ,False,nasdaqtrader
RXST,"RxSight, Inc. - Common Stock",NASDAQ,False,nasdaqtrader
RXT,"Rackspace Technology, Inc. - Common Stock",NASDAQ,False,nasdaqtrader
RY,Royal Bank Of Canada Common Stock,N,False,nasdaqtrader
RYAAY,"Ryanair Holdings plc - American Depositary Shares, each representing five Ordinary Shares",NASDAQ,False,nasdaqtrader
RYAM,Rayonier Advanced Materials Inc. Common Stock,N,False,nasdaqtrader
RYAN,"Ryan Specialty Holdings, Inc. Class A Common Stock",N,False,nasdaqtrader
RYDE,Ryde Group Ltd. Class A Ordinary Shares,A,False,nasdaqtrader
RYET,Ruanyun Edai Technology Inc. - Ordinary shares,NASDAQ,False,nasdaqtrader
RYM,"RYTHM, Inc. - Common Stock",NASDAQ,False,nasdaqtrader
RYN,Rayonier Inc. REIT Common Stock,N,False,nasdaqtrader
RYOJ,"rYojbaba Co., Ltd. - Common Shares",NASDAQ,False,nasdaqtrader
RYTM,"Rhythm Pharmaceuticals, Inc. - Common Stock",NASDAQ,False,nasdaqtrader
RYZ,Ryerson Holding Corporation Common Stock,N,False,nasdaqtrader
RZC,"Reinsurance Group of America, Incorporated 7.125% Fixed-Rate Reset Subordinated Debentures due 2052",N,False,nasdaqtrader
RZLT,"Rezolute, Inc. - Common Stock (NV)",NASDAQ,False,nasdaqtrader
RZLV,Rezolve AI PLC - Ordinary Shares,NASDAQ,False,nasdaqtrader
RZLVW,Rezolve AI PLC - Warrants,NASDAQ,False,nasdaqtrader
S,"SentinelOne, Inc. Class A Common Stock",N,False,nasdaqtrader
SA,"Seabridge Gold, Inc. Common Shares New",N,False,nasdaqtrader
SAAQ,Space Asset Acquisition Corp. - Class A Ordinary Shares,NASDAQ,False,nasdaqtrader
SAAQU,Space Asset Acquisition Corp. - Units,NASDAQ,False,nasdaqtrader
SAAQW,Space Asset Acquisition Corp. - Warrants,NASDAQ,False,nasdaqtrader
SABA,Saba Capital Income & Opportunities Fund II Shares of Beneficial Interest,N,False,nasdaqtrader
SABR,Sabre Corporation - Common Stock,NASDAQ,False,nasdaqtrader
SABS,"SAB Biotherapeutics, Inc. - Common Stock",NASDAQ,False,nasdaqtrader
SABSW,"SAB Biotherapeutics, Inc. - Warrant",NASDAQ,False,nasdaqtrader
SAC,Safeguard Acquisition Corp. Class A Ordinary Shares,N,False,nasdaqtrader
SAC-U,"Safeguard Acquisition Corp. Units, each consisting of one Class A ordinary share and one-half of one redeemable warrant",N,False,nasdaqtrader
SAC-W,"Safeguard Acquisition Corp. Warrants, each whole warrant exercisable for one Class A ordinary share at an exercise price of $11.50 per share",N,False,nasdaqtrader
SACH,Sachem Capital Corp. Common Shares,A,False,nasdaqtrader
SACH-PA,Sachem Capital Corp. 7.75% Series A Cumulative Redeemable Preferred Stock,A,False,nasdaqtrader
SAFE,Safehold Inc. New Common Stock,N,False,nasdaqtrader
SAFT,"Safety Insurance Group, Inc. - Common Stock",NASDAQ,False,nasdaqtrader
SAFX,"XCF Global, Inc. - Class A Common Stock",NASDAQ,False,nasdaqtrader
SAGT,SAGTEC GLOBAL LIMITED - Class A Ordinary shares,NASDAQ,False,nasdaqtrader
SAGU,Shreya Acquisition Group Class A Ordinary Shares,N,False,nasdaqtrader
SAGU-R,"Shreya Acquisition Group Rights, each entitling the holder to receive one-fourth of one Class A Ordinary Share",N,False,nasdaqtrader
SAGU-U,"Shreya Acquisition Group Units, each consisting of one Class A Ordinary Share, one redeemable warrant and one right entitling the holder to one-fourth of one Class A Ordinary Share",N,False,nasdaqtrader
SAGU-W,"Shreya Acquisition Group Redeemable warrants, entitling the holder to purchase one Class A Ordinary Share at $11.50 per share",N,False,nasdaqtrader
SAH,"Sonic Automotive, Inc. Common Stock",N,False,nasdaqtrader
SAIA,"Saia, Inc. - Common Stock",NASDAQ,False,nasdaqtrader
SAIC,Science Applications International Corporation - Common Stock,NASDAQ,False,nasdaqtrader
SAIH,SAIHEAT Limited - Class A Ordinary Shares,NASDAQ,False,nasdaqtrader
SAIHW,SAIHEAT Limited - Warrant,NASDAQ,False,nasdaqtrader
SAIL,"SailPoint, Inc. - Common Stock",NASDAQ,False,nasdaqtrader
SAJ,Saratoga Investment Corp 8.00% Notes due 2027,N,False,nasdaqtrader
SAM,"Boston Beer Company, Inc. (The) Common Stock",N,False,nasdaqtrader
SAMG,Silvercrest Asset Management Group Inc. - Common Stock,NASDAQ,False,nasdaqtrader
SAMO-U,"Samos Energy Acquisition Corporation Units, each consisting of one Class A Ordinary Share and one-half of one Warrant",N,False,nasdaqtrader
SAN,"Banco Santander, S.A. Sponsored ADR (Spain)",N,False,nasdaqtrader
SANA,"Sana Biotechnology, Inc. - Common Stock",NASDAQ,False,nasdaqtrader
SANG,Sangoma Technologies Corporation - Common Shares,NASDAQ,False,nasdaqtrader
SANM,Sanmina Corporation - Common Stock,NASDAQ,False,nasdaqtrader
SAP,SAP  SE ADS,N,False,nasdaqtrader
SAR,Saratoga Investment Corp New,N,False,nasdaqtrader
SARO,"StandardAero, Inc. Common Stock",N,False,nasdaqtrader
SAT,Saratoga Investment Corp 6.00% Notes due 2027,N,False,nasdaqtrader
SATA,"Strive, Inc. - Variable Rate Series A Perpetual Preferred Stock",NASDAQ,False,nasdaqtrader
SATL,Satellogic Inc. - Class A Common Stock,NASDAQ,False,nasdaqtrader
SATLW,Satellogic Inc. - Warrant,NASDAQ,False,nasdaqtrader
SAV,Saratoga Investment Corp 7.50% Notes due 2031,N,False,nasdaqtrader
SAY,Saratoga Investment Corp 8.125% Notes due 2027,N,False,nasdaqtrader
SAZ,Saratoga Investment Corp 8.50% Notes due 2028,N,False,nasdaqtrader
SB,"Safe Bulkers, Inc Common Stock ($0.001 par value)",N,False,nasdaqtrader
SB-PC,"Safe Bulkers, Inc Cumulative Redeemable Perpetual Preferred Series C (Marshall Islands)",N,False,nasdaqtrader
SB-PD,"Safe Bulkers, Inc Perpetual Preferred Series D (Marshall Islands)",N,False,nasdaqtrader
SBAC,SBA Communications Corporation - Class A Common Stock,NASDAQ,False,nasdaqtrader
SBC,SBC Medical Group Holdings Incorporated - Common Stock,NASDAQ,False,nasdaqtrader
SBCF,Seacoast Banking Corporation of Florida - Common Stock,NASDAQ,False,nasdaqtrader
SBCWW,SBC Medical Group Holdings Incorporated - Warrants,NASDAQ,False,nasdaqtrader
SBET,"Sharplink, Inc. - Common Stock",NASDAQ,False,nasdaqtrader
SBEV,"Splash Beverage Group, Inc. (NV) Common Stock",A,False,nasdaqtrader
SBFG,"SB Financial Group, Inc. - Common Stock",NASDAQ,False,nasdaqtrader
SBFM,Sunshine Biopharma Inc. - Common stock,NASDAQ,False,nasdaqtrader
SBFMW,Sunshine Biopharma Inc. - Warrant,NASDAQ,False,nasdaqtrader
SBGI,"Sinclair, Inc. - Class A Common Stock",NASDAQ,False,nasdaqtrader
SBH,"Sally Beauty Holdings, Inc. (Name to be changed from Sally Holdings, Inc.) Common Stock",N,False,nasdaqtrader
SBI,Western Asset Intermediate Muni Fund Inc Common Stock,N,False,nasdaqtrader
SBLK,Star Bulk Carriers Corp. - Common Shares,NASDAQ,False,nasdaqtrader
SBMT,Silver Bow Mining Corp. Common Shares,A,False,nasdaqtrader
SBR,Sabine Royalty Trust Common Stock,N,False,nasdaqtrader
SBRA,"Sabra Health Care REIT, Inc. - Common Stock",NASDAQ,False,nasdaqtrader
SBS,Companhia de saneamento Basico Do Estado De Sao Paulo - Sabesp American Depositary Shares (Each repstg 250 Common Shares),N,False,nasdaqtrader
SBSI,"Southside Bancshares, Inc. Common Stock",N,False,nasdaqtrader
SBSW,D/B/A Sibanye-Stillwater Limited ADS,N,False,nasdaqtrader
SBUX,Starbucks Corporation - Common Stock,NASDAQ,False,nasdaqtrader
SBXD,SilverBox Corp IV Class A Ordinary Shares,N,False,nasdaqtrader
SBXD-U,"SilverBox Corp IV Units, each consisting of one Class A ordinary share and one-third of one redeemable warrant",N,False,nasdaqtrader
SBXD-W,"SilverBox Corp IV Redeemable warrants, each whole warrant exercisable for one Class A Ordinary Share at an exercise price of $11.50",N,False,nasdaqtrader
SBXE,SilverBox Corp V Class A Ordinary Shares,N,False,nasdaqtrader
SBXE-U,"SilverBox Corp V Units, each consisting of one Class A Ordinary Share and one-third of one redeemable warrant",N,False,nasdaqtrader
SBXE-W,"SilverBox Corp V Redeemable warrants, each whole warrant exercisable for one Class A Ordinary Share at an exercise price of $11.50",N,False,nasdaqtrader
SCAG,Scage Future - American Depositary Shares,NASDAQ,False,nasdaqtrader
SCAGW,Scage Future - Warrants,NASDAQ,False,nasdaqtrader
SCCD,Sachem Capital Corp. 6.00% Notes due 2026,A,False,nasdaqtrader
SCCE,Sachem Capital Corp. 6.00% Notes due 2027,A,False,nasdaqtrader
SCCF,Sachem Capital Corp. 7.125% Notes due 2027,A,False,nasdaqtrader
SCCG,Sachem Capital Corp. 8.00% Notes due 2027,A,False,nasdaqtrader
SCCO,Southern Copper Corporation Common Stock,N,False,nasdaqtrader
SCD,LMP Capital and Income Fund Inc. Common Stock,N,False,nasdaqtrader
SCE-PG,SCE Trust II Trust Preferred Securities,N,False,nasdaqtrader
SCE-PL,SCE TRUST VI,N,False,nasdaqtrader
SCE-PM,SCE Trust VII 7.50% Trust Preference Securities,N,False,nasdaqtrader
SCE-PN,SCE Trust VIII 6.95% Trust Preference Securities,N,False,nasdaqtrader
SCHL,Scholastic Corporation - Common Stock,NASDAQ,False,nasdaqtrader
SCHW,Charles Schwab Corporation (The) Common Stock,N,False,nasdaqtrader
SCHW-PD,"The Charles Schwab Corporation Depositary Shares each representing 1/40th interest in a share of 5.95% Non-Cumulative Perpetual Preferred Stock, Series D",N,False,nasdaqtrader
SCHW-PJ,"The Charles Schwab Corporation Depositary Shares, Each Representing a 1/40th Interest in a Share of 4.450% Non-Cumulative Perpetual Preferred Stock, Series J",N,False,nasdaqtrader
SCI,Service Corporation International Common Stock,N,False,nasdaqtrader
SCII,SC II Acquisition Corp. - Class A ordinary share,NASDAQ,False,nasdaqtrader
SCIIR,SC II Acquisition Corp. - Rights,NASDAQ,False,nasdaqtrader
SCIIU,SC II Acquisition Corp. - Units,NASDAQ,False,nasdaqtrader
SCKT,"Socket Mobile, Inc. - Common Stock",NASDAQ,False,nasdaqtrader
SCL,Stepan Company Common Stock,N,False,nasdaqtrader
SCLX,Scilex Holding Company - Common Stock,NASDAQ,False,nasdaqtrader
SCLXW,Scilex Holding Company - Warrant,NASDAQ,False,nasdaqtrader
SCM,Stellus Capital Investment Corporation Common Stock,N,False,nasdaqtrader
SCNI,Scinai Immunotherapeutics Ltd. - American Depositary Shares,NASDAQ,False,nasdaqtrader
SCNX,"Scienture Holdings, Inc. - Common Stock",NASDAQ,False,nasdaqtrader
SCOR,"comScore, Inc. - Common Stock",NASDAQ,False,nasdaqtrader
SCPQ,Social Commerce Partners Corporation - Class A Ordinary Shares,NASDAQ,False,nasdaqtrader
SCPQU,Social Commerce Partners Corporation - Unit,NASDAQ,False,nasdaqtrader
SCPQW,Social Commerce Partners Corporation - Warrant,NASDAQ,False,nasdaqtrader
SCSC,"ScanSource, Inc. - Common Stock",NASDAQ,False,nasdaqtrader
SCTX,Scribe Therapeutics Inc. - Common Stock,NASDAQ,False,nasdaqtrader
SCWO,374Water Inc. - common stock,NASDAQ,False,nasdaqtrader
SCYX,"SCYNEXIS, Inc. - Common Stock",NASDAQ,False,nasdaqtrader
SCZM,Santacruz Silver Mining Ltd. - Common Shares,NASDAQ,False,nasdaqtrader
SD,"SandRidge Energy, Inc. Common Stock",N,False,nasdaqtrader
SDA,SunCar Technology Group Inc. - Ordinary Shares,NASDAQ,False,nasdaqtrader
SDAWW,SunCar Technology Group Inc. - Warrant,NASDAQ,False,nasdaqtrader
SDEV,Stablecoin Development Corporation Common Stock,A,False,nasdaqtrader
SDGR,"Schrodinger, Inc. - Common Stock",NASDAQ,False,nasdaqtrader
SDHC,Smith Douglas Homes Corp. Class A Common Stock,N,False,nasdaqtrader
SDHI,Siddhi Acquisition Corp - Class A Common stock,NASDAQ,False,nasdaqtrader
SDHIR,Siddhi Acquisition Corp - Right,NASDAQ,False,nasdaqtrader
SDHIU,Siddhi Acquisition Corp - Unit,NASDAQ,False,nasdaqtrader
SDHY,PGIM Short Duration High Yield Opportunities Fund Common Shares,N,False,nasdaqtrader
SDOT,Sadot Group Inc. - Common Stock,NASDAQ,False,nasdaqtrader
SDRL,Seadrill Limited Common Shares,N,False,nasdaqtrader
SDST,Stardust Power Inc. - Common Stock,NASDAQ,False,nasdaqtrader
SDSTW,Stardust Power Inc. - Warrant,NASDAQ,False,nasdaqtrader
SE,"Sea Limited American Depositary Shares, each representing one Class A Ordinary Share",N,False,nasdaqtrader
SEAL-PA,Seapeak LLC 9.00% Series A Cumulative Redeemable Perpetual Preferred Units,N,False,nasdaqtrader
SEAL-PB,Seapeak LLC 8.50% Series B Fixed-to-Floating Rate Cumulative Redeemable Perpetual Preferred Units,N,False,nasdaqtrader
SEAT,Vivid Seats Inc. - Class A common stock,NASDAQ,False,nasdaqtrader
SEATW,Vivid Seats Inc. - Warrant,NASDAQ,False,nasdaqtrader
SEB,Seaboard Corporation Common Stock,A,False,nasdaqtrader
SECZ,Securitize Corp. Common Stock,N,False,nasdaqtrader
SEDG,"SolarEdge Technologies, Inc. - Common Stock",NASDAQ,False,nasdaqtrader
SEED,Origin Agritech Limited - Ordinary Shares,NASDAQ,False,nasdaqtrader
SEER,"Seer, Inc. - Class A Common Stock",NASDAQ,False,nasdaqtrader
SEG,Seaport Entertainment Group Inc. Common Stock,N,False,nasdaqtrader
SEGG,Sports Entertainment Gaming Global Corporation  - Common Stock,NASDAQ,False,nasdaqtrader
SEI,"Solaris Energy Infrastructure, Inc. Class A Common Stock",N,False,nasdaqtrader
SEIC,SEI Investments Company - Common Stock,NASDAQ,False,nasdaqtrader
SELF,"Global Self Storage, Inc. - Common Stock",NASDAQ,False,nasdaqtrader
SENEA,Seneca Foods Corp. - Class A Common Stock,NASDAQ,False,nasdaqtrader
SENEB,Seneca Foods Corp. - Class B Common Stock,NASDAQ,False,nasdaqtrader
SENS,"Senseonics Holdings, Inc. - Common Stock",NASDAQ,False,nasdaqtrader
SEPN,"Septerna, Inc. - Common Stock",NASDAQ,False,nasdaqtrader
SER,"Serina Therapeutics, Inc. Common Stock",A,False,nasdaqtrader
SERA,"Sera Prognostics, Inc. - Class A Common Stock",NASDAQ,False,nasdaqtrader
SERV,Serve Robotics Inc. - Common Stock,NASDAQ,False,nasdaqtrader
SES,SES AI Corporation Class A Common Stock,N,False,nasdaqtrader
SES-W,"SES AI Corporation Warrants, each whole warrant exercisable for one share of Class A Common Stock at an exercise price of $11.50 per share",N,False,nasdaqtrader
SEV,Aptera Motors Corp. - Class B Common Stock,NASDAQ,False,nasdaqtrader
SEVN,Seven Hills Realty Trust  - Common Stock,NASDAQ,False,nasdaqtrader
SEZL,Sezzle Inc. - Common Stock,NASDAQ,False,nasdaqtrader
SF,Stifel Financial Corporation Common Stock,N,False,nasdaqtrader
SF-PB,"Stifel Financial Corporation Depositary Shares, Each Representing 1/1,000th  Interest in a Share of 6.25% Non-Cumulative  Preferred Stock, Series B",N,False,nasdaqtrader
SF-PC,"Stifel Financial Corporation Depositary Shares, Each Representing 1/1,000th Interest in a Share of 6.125% Non Cumulative Preferred Stock, Series C",N,False,nasdaqtrader
SF-PD,"Stifel Financial Corporation Depositary Shares, Each Representing 1/1,000th Interest in a Share of 4.50% Non-Cumulative Preferred Stock, Series D",N,False,nasdaqtrader
SFB,Stifel Financial Corporation 5.20% Senior Notes due 2047,N,False,nasdaqtrader
SFBC,"Sound Financial Bancorp, Inc. - Common Stock",NASDAQ,False,nasdaqtrader
SFBS,"ServisFirst Bancshares, Inc. Common Stock",N,False,nasdaqtrader
SFD,"Smithfield Foods, Inc. - Common Stock",NASDAQ,False,nasdaqtrader
SFHG,Samfine Creation Holdings Group Limited - Class A Ordinary Share,NASDAQ,False,nasdaqtrader
SFIX,"Stitch Fix, Inc. - Class A Common Stock",NASDAQ,False,nasdaqtrader
SFL,SFL Corporation Ltd,N,False,nasdaqtrader
SFM,"Sprouts Farmers Market, Inc. - Common Stock",NASDAQ,False,nasdaqtrader
SFNC,Simmons First National Corporation - Common Stock,NASDAQ,False,nasdaqtrader
SFST,"Southern First Bancshares, Inc. - Common Stock",NASDAQ,False,nasdaqtrader
SFWL,Shengfeng Development Limited - Class A Ordinary Shares,NASDAQ,False,nasdaqtrader
SG,"Sweetgreen, Inc. Class A Common Stock",N,False,nasdaqtrader
SGA,"Saga Communications, Inc. - Class A Common Stock",NASDAQ,False,nasdaqtrader
SGC,"Superior Group of Companies, Inc. - Common Stock",NASDAQ,False,nasdaqtrader
SGHC,Super Group (SGHC) Limited Ordinary Shares,N,False,nasdaqtrader
SGHT,"Sight Sciences, Inc. - Common Stock",NASDAQ,False,nasdaqtrader
SGI,Somnigroup International Inc. Common Stock,N,False,nasdaqtrader
SGLY,Singularity Future Technology Ltd. - Common Stock,NASDAQ,False,nasdaqtrader
SGML,Sigma Lithium Corporation - common shares,NASDAQ,False,nasdaqtrader
SGMT,Sagimet Biosciences Inc. - Series A Common Stock,NASDAQ,False,nasdaqtrader
SGP,"SpyGlass Pharma, Inc. - Common Stock",NASDAQ,False,nasdaqtrader
SGRY,"Surgery Partners, Inc. - Common Stock",NASDAQ,False,nasdaqtrader
SGU,Star Group L.P. Common Stock,N,False,nasdaqtrader
SHAK,"Shake Shack, Inc. Class A Common Stock",N,False,nasdaqtrader
SHAZ,"SharonAI Holdings, Inc. - Class A Common Stock",NASDAQ,False,nasdaqtrader
SHBI,"Shore Bancshares, Inc. - Common Stock",NASDAQ,False,nasdaqtrader
SHC,Sotera Health Company - Common Stock,NASDAQ,False,nasdaqtrader
SHEL,Shell PLC American Depositary Shares (each representing two (2) Ordinary Shares),N,False,nasdaqtrader
SHEN,Shenandoah Telecommunications Co - Common Stock,NASDAQ,False,nasdaqtrader
SHFS,"SHF Holdings, Inc. - Class A Common Stock",NASDAQ,False,nasdaqtrader
SHFSW,"SHF Holdings, Inc. - Warrants",NASDAQ,False,nasdaqtrader
SHG,Shinhan Financial Group Co Ltd American Depositary Shares,N,False,nasdaqtrader
SHIM,Shimmick Corporation - Common Stock,NASDAQ,False,nasdaqtrader
SHIP,Seanergy Maritime Holdings Corp. - Common Stock,NASDAQ,False,nasdaqtrader
SHLS,"Shoals Technologies Group, Inc. - Class A Common Stock",NASDAQ,False,nasdaqtrader
SHMD,SCHMID Group N.V. - Class A Ordinary Shares,NASDAQ,False,nasdaqtrader
SHMDW,SCHMID Group N.V. - Warrants,NASDAQ,False,nasdaqtrader
SHO,"Sunstone Hotel Investors, Inc. Sunstone Hotel Investors, Inc. Common Shares",N,False,nasdaqtrader
SHO-PH,"Sunstone Hotel Investors, Inc. 6.125% Series H Cumulative Redeemable Preferred Stock",N,False,nasdaqtrader
SHO-PI,"Sunstone Hotel Investors, Inc. 5.70% Series I Cumulative Redeemable Preferred Stock",N,False,nasdaqtrader
SHOE,"Shoe Station Group, Inc. - Common Stock",NASDAQ,False,nasdaqtrader
SHOO,"Steven Madden, Ltd. - Common Stock",NASDAQ,False,nasdaqtrader
SHOP,Shopify Inc. - Class A Subordinate Voting Shares,NASDAQ,False,nasdaqtrader
SHOT,RMG ML Sports Holdings - Class A Ordinary Shares,NASDAQ,False,nasdaqtrader
SHOTR,RMG ML Sports Holdings - Rights,NASDAQ,False,nasdaqtrader
SHOTU,RMG ML Sports Holdings - Unit,NASDAQ,False,nasdaqtrader
SHPH,"Shuttle Pharmaceuticals Holdings, Inc. - common stock",NASDAQ,False,nasdaqtrader
SHW,Sherwin-Williams Company (The) Common Stock,N,False,nasdaqtrader
SI,"Shoulder Innovations, Inc. Common Stock",N,False,nasdaqtrader
SIBN,"SI-BONE, Inc. - Common Stock",NASDAQ,False,nasdaqtrader
SID,Companhia Siderurgica Nacional S.A. Common Stock,N,False,nasdaqtrader
SIDU,"Sidus Space, Inc. - Class A Common Stock",NASDAQ,False,nasdaqtrader
SIEB,Siebert Financial Corp. - Common Stock,NASDAQ,False,nasdaqtrader
SIF,"SIFCO Industries, Inc. Common Stock",A,False,nasdaqtrader
SIFY,Sify Technologies Limited - American Depository Shares,NASDAQ,False,nasdaqtrader
SIG,Signet Jewelers Limited Common Shares,N,False,nasdaqtrader
SIGA,SIGA Technologies Inc. - Common Stock,NASDAQ,False,nasdaqtrader
SIGI,"Selective Insurance Group, Inc. - Common Stock",NASDAQ,False,nasdaqtrader
SIGIP,"Selective Insurance Group, Inc. - Depositary Shares, each representing a 1/1,000th interest in a share of 4.60% Non-Cumulative Preferred Stock, Series B",NASDAQ,False,nasdaqtrader
SII,Sprott Inc. Common Shares,N,False,nasdaqtrader
SILC,Silicom Ltd - Ordinary Shares,NASDAQ,False,nasdaqtrader
SILO,"Silo Pharma, Inc. - Common Stock",NASDAQ,False,nasdaqtrader
SIM,"Grupo Simec, S.A.B. de C.V. American Depositary Shares",A,False,nasdaqtrader
SIMA,SIM Acquisition Corp. I - Class A Ordinary Shares,NASDAQ,False,nasdaqtrader
SIMAU,SIM Acquisition Corp. I - Unit,NASDAQ,False,nasdaqtrader
SIMAW,SIM Acquisition Corp. I - Warrant,NASDAQ,False,nasdaqtrader
SIMO,"Silicon Motion Technology Corporation - American Depositary Shares, each representing four ordinary shares",NASDAQ,False,nasdaqtrader
SIND,Sinda Ltd. Common Stock,N,False,nasdaqtrader
SINT,"SiNtx Technologies, Inc. - Common Stock",NASDAQ,False,nasdaqtrader
SION,"Sionna Therapeutics, Inc. - Common Stock",NASDAQ,False,nasdaqtrader
SIRI,SiriusXM Holdings Inc. - Common Stock,NASDAQ,False,nasdaqtrader
SITC,SITE Centers Corp. Common Stock,N,False,nasdaqtrader
SITE,"SiteOne Landscape Supply, Inc. Common Stock",N,False,nasdaqtrader
SITM,SiTime Corporation - Common Stock,NASDAQ,False,nasdaqtrader
SJ,Scienjoy Holding Corporation - Class A Ordinary Shares,NASDAQ,False,nasdaqtrader
SJM,The J.M. Smucker Company Common Stock,N,False,nasdaqtrader
SJT,San Juan Basin Royalty Trust Common Stock,N,False,nasdaqtrader
SKE,Skeena Resources Limited Common Shares,N,False,nasdaqtrader
SKHY,SK hynix Inc. - American Depositary Shares,NASDAQ,False,nasdaqtrader
SKIL,Skillsoft Corp. Class A Common Stock,N,False,nasdaqtrader
SKIN,SkinHealth Systems Inc. - Class A Common Stock,NASDAQ,False,nasdaqtrader
SKK,SKK Holdings Limited - Class A Ordinary Shares,NASDAQ,False,nasdaqtrader
SKM,"SK Telecom Co., Ltd. Common Stock",N,False,nasdaqtrader
SKT,Tanger Inc. Common Stock,N,False,nasdaqtrader
SKWD,"Skyward Specialty Insurance Group, Inc. - Common Stock",NASDAQ,False,nasdaqtrader
SKY,"Champion Homes, Inc. Common Stock",N,False,nasdaqtrader
SKYA,"SkyAI, Inc. - Common Stock",NASDAQ,False,nasdaqtrader
SKYAW,"SkyAI, Inc. - Warrant",NASDAQ,False,nasdaqtrader
SKYE,"Skye Bioscience, Inc. - Common Stock",NASDAQ,False,nasdaqtrader
SKYH,Sky Harbour Group Corporation Class A Common Stock,N,False,nasdaqtrader
SKYH-W,"Sky Harbour Group Corporation Warrants, each whole warrant exercisable for one share of Class A common stock at an exercise price of $11.50 per share",N,False,nasdaqtrader
SKYQ,Sky Quarry Inc. - Common Stock,NASDAQ,False,nasdaqtrader
SKYW,"SkyWest, Inc. - Common Stock",NASDAQ,False,nasdaqtrader
SKYX,SKYX Platforms Corp. - Common Stock,NASDAQ,False,nasdaqtrader
SLAB,"Silicon Laboratories, Inc. - Common Stock",NASDAQ,False,nasdaqtrader
SLB,SLB Limited Common Shares,N,False,nasdaqtrader
SLBT,SL Science Holding Limited - Ordinary Shares,NASDAQ,False,nasdaqtrader
SLDB,Solid Biosciences Inc. - Common Stock,NASDAQ,False,nasdaqtrader
SLDE,"Slide Insurance Holdings, Inc. - Common Stock",NASDAQ,False,nasdaqtrader
SLDP,"Solid Power, Inc. - Class A Common Stock",NASDAQ,False,nasdaqtrader
SLDPW,"Solid Power, Inc. - Warrant",NASDAQ,False,nasdaqtrader
SLE,"Super League Enterprise, Inc. - Common Stock",NASDAQ,False,nasdaqtrader
SLF,Sun Life Financial Inc. Common Stock,N,False,nasdaqtrader
SLG,SL Green Realty Corp Common Stock,N,False,nasdaqtrader
SLG-PI,SL Green Realty Corporation Preferred Series I,N,False,nasdaqtrader
SLGB,Smart Logistics Global Limited - Class A Ordinary Shares,NASDAQ,False,nasdaqtrader
SLGL,Sol-Gel Technologies Ltd. - Ordinary Shares,NASDAQ,False,nasdaqtrader
SLGN,Silgan Holdings Inc. Common Stock,N,False,nasdaqtrader
SLI,Standard Lithium Ltd. Common Shares,A,False,nasdaqtrader
SLM,SLM Corporation - Common Stock,NASDAQ,False,nasdaqtrader
SLMBP,"SLM Corporation - Floating Rate Non-Cumulative Preferred Stock, Series B",NASDAQ,False,nasdaqtrader
SLMT,Brera Holdings PLC - Class B Ordinary Shares,NASDAQ,False,nasdaqtrader
SLN,Silence Therapeutics Plc - American Depository Share,NASDAQ,False,nasdaqtrader
SLND,"Southland Holdings, Inc. Common Stock",A,False,nasdaqtrader
SLND-W,"Southland Holdings, Inc. Warrants",A,False,nasdaqtrader
SLNG,"Stabilis Solutions, Inc. - Common Stock",NASDAQ,False,nasdaqtrader
SLNH,"Soluna Holdings, Inc. - Common Stock",NASDAQ,False,nasdaqtrader
SLNHP,"Soluna Holdings, Inc. - 9.0% Series A Cumulative Perpetual Preferred Stock",NASDAQ,False,nasdaqtrader
SLP,"Simulations Plus, Inc. - Common Stock",NASDAQ,False,nasdaqtrader
SLQT,"SelectQuote, Inc. Common Stock",N,False,nasdaqtrader
SLRC,SLR Investment Corp. - Closed End Fund,NASDAQ,False,nasdaqtrader
SLS,"SELLAS Life Sciences Group, Inc.  - Common Stock",NASDAQ,False,nasdaqtrader
SLSN,"Solesence, Inc. - Common stock",NASDAQ,False,nasdaqtrader
SLSR,Solaris Resources Inc. Common Shares,A,False,nasdaqtrader
SLVM,Sylvamo Corporation Common Stock,N,False,nasdaqtrader
SLXN,Silexion Therapeutics Corp - Ordinary Shares,NASDAQ,False,nasdaqtrader
SLXNW,Silexion Therapeutics Corp - Warrant,NASDAQ,False,nasdaqtrader
SM,SM Energy Company Common Stock,N,False,nasdaqtrader
SMA,"SmartStop Self Storage REIT, Inc. Common Stock",N,False,nasdaqtrader
SMBC,"Southern Missouri Bancorp, Inc. - Common Stock",NASDAQ,False,nasdaqtrader
SMBK,"SmartFinancial, Inc. Common Stock",N,False,nasdaqtrader
SMC,Summit Midstream Corporation Common Stock,N,False,nasdaqtrader
SMCI,"Super Micro Computer, Inc. - Common Stock",NASDAQ,False,nasdaqtrader
SMCIP,"Super Micro Computer, Inc. - Depositary Shares Each Representing a 1/20th Interest in a Share of 7% Series A Mandatory Convertible Preferred Stock",NASDAQ,False,nasdaqtrader
SMFG,Sumitomo Mitsui Financial Group Inc Unsponsored American Depositary Shares (Japan),N,False,nasdaqtrader
SMG,Scotts Miracle-Gro Company (The) Common Stock,N,False,nasdaqtrader
SMHB,ETRACS Monthly Pay 2x Leveraged Small Cap High Dividend ETN Series B,P,False,nasdaqtrader
SMHI,SEACOR Marine Holdings Inc. Common Stock,N,False,nasdaqtrader
SMID,Smith-Midland Corporation - Common Stock,NASDAQ,False,nasdaqtrader
SMJF,SMJ International Holdings Inc. Class A Ordinary Shares,A,False,nasdaqtrader
SMMT,Summit Therapeutics Inc.  - Common Stock,NASDAQ,False,nasdaqtrader
SMP,"Standard Motor Products, Inc. Common Stock",N,False,nasdaqtrader
SMPL,The Simply Good Foods Company - Common Stock,NASDAQ,False,nasdaqtrader
SMR,NuScale Power Corporation Class A Common Stock,N,False,nasdaqtrader
SMRT,"SmartRent, Inc. Class A Common Stock",N,False,nasdaqtrader
SMSI,"Smith Micro Software, Inc. - Common Stock",NASDAQ,False,nasdaqtrader
SMTC,Semtech Corporation - Common Stock,NASDAQ,False,nasdaqtrader
SMTI,Sanara MedTech Inc. - Common Stock,NASDAQ,False,nasdaqtrader
SMTK,"SmartKem, Inc. - Common Stock",NASDAQ,False,nasdaqtrader
SMWB,Similarweb Ltd. Ordinary Shares,N,False,nasdaqtrader
SMX,SMX (Security Matters) Public Limited Company - Ordinary Shares,NASDAQ,False,nasdaqtrader
SMXT,Solarmax Technology Inc. - Common Stock,NASDAQ,False,nasdaqtrader
SMXWW,SMX (Security Matters) Public Limited Company - Warrant,NASDAQ,False,nasdaqtrader
SN,"SharkNinja, Inc. Ordinary Shares",N,False,nasdaqtrader
SNA,Snap-On Incorporated Common Stock,N,False,nasdaqtrader
SNAL,"Snail, Inc. - Class A Common Stock",NASDAQ,False,nasdaqtrader
SNAP,Snap Inc. Class A Common Stock,N,False,nasdaqtrader
SND,"Smart Sand, Inc. - Common Stock",NASDAQ,False,nasdaqtrader
SNDA,"Sonida Senior Living, Inc. Common Stock",N,False,nasdaqtrader
SNDK,Sandisk Corporation - Common Stock When-Issued,NASDAQ,False,nasdaqtrader
SNDL,SNDL Inc. - Common Shares,NASDAQ,False,nasdaqtrader
SNDR,"Schneider National, Inc. Common Stock",N,False,nasdaqtrader
SNDX,"Syndax Pharmaceuticals, Inc. - Common Stock",NASDAQ,False,nasdaqtrader
SNES,"SenesTech, Inc. - Common Stock",NASDAQ,False,nasdaqtrader
SNEX,StoneX Group Inc. - Common Stock,NASDAQ,False,nasdaqtrader
SNFCA,Security National Financial Corporation - Class A Common Stock,NASDAQ,False,nasdaqtrader
SNGX,"Soligenix, Inc. - Common Stock",NASDAQ,False,nasdaqtrader
SNN,"Smith & Nephew SNATS, Inc. Common Stock",N,False,nasdaqtrader
SNOA,"Sonoma Pharmaceuticals, Inc. - Common Stock",NASDAQ,False,nasdaqtrader
SNOW,Snowflake Inc. Common Stock,N,False,nasdaqtrader
SNPS,"Synopsys, Inc. - Common Stock",NASDAQ,False,nasdaqtrader
SNT,Senstar Technologies Corporation - Common Shares,NASDAQ,False,nasdaqtrader
SNTG,Sentage Holdings Inc. - Class A Ordinary Shares,NASDAQ,False,nasdaqtrader
SNTI,"Senti Biosciences Holdings, Inc. - Common Stock",NASDAQ,False,nasdaqtrader
SNWV,"SANUWAVE Health, Inc. - Common Stock",NASDAQ,False,nasdaqtrader
SNX,TD SYNNEX Corporation Common Stock,N,False,nasdaqtrader
SNY,Sanofi - American Depositary Shares,NASDAQ,False,nasdaqtrader
SNYR,Synergy CHC Corp. - Common Stock,NASDAQ,False,nasdaqtrader
SO,Southern Company (The) Common Stock,N,False,nasdaqtrader
SOAR,"Volato Group, Inc. Class A Common Stock",A,False,nasdaqtrader
SOBO,South Bow Corporation Common Shares,N,False,nasdaqtrader
SOBR,"SOBR Safe, Inc. - Common Stock",NASDAQ,False,nasdaqtrader
SOC,Sable Offshore Corp. Common Stock,N,False,nasdaqtrader
SOCA,Solarius Capital Acquisition Corp. - Class A Ordinary Share,NASDAQ,False,nasdaqtrader
SOCAU,Solarius Capital Acquisition Corp. - Units,NASDAQ,False,nasdaqtrader
SOCAW,Solarius Capital Acquisition Corp. - Warrant,NASDAQ,False,nasdaqtrader
SOFI,"SoFi Technologies, Inc.  - Common Stock",NASDAQ,False,nasdaqtrader
SOGP,Sound Group Inc. - American Depositary Shares,NASDAQ,False,nasdaqtrader
SOHU,Sohu.com Limited  - American Depositary Shares,NASDAQ,False,nasdaqtrader
SOJC,"Southern Company (The) Series 2017B 5.25% Junior Subordinated Notes due December 1, 2077",N,False,nasdaqtrader
SOJD,"Southern Company (The) Series 2020A 4.95% Junior Subordinated Notes due January 30, 2080",N,False,nasdaqtrader
SOJE,"Southern Company (The) Series 2020C 4.20% Junior Subordinated Notes due October 15, 2060",N,False,nasdaqtrader
SOJF,"Southern Company (The) Series 2025A 6.50% Junior Subordinated Notes due March 15, 2085",N,False,nasdaqtrader
SOLS,Solstice Advanced Materials Inc. - Common Stock,NASDAQ,False,nasdaqtrader
SOLV,Solventum Corporation Common Stock,N,False,nasdaqtrader
SOMN,Southern Company (The) 2025 Series A Corporate Units,N,False,nasdaqtrader
SON,Sonoco Products Company Common Stock,N,False,nasdaqtrader
SONM,"DNA X, Inc. - Common Stock",NASDAQ,False,nasdaqtrader
SONO,"Sonos, Inc. - Common Stock",NASDAQ,False,nasdaqtrader
SONY,Sony Group Corporation American Depositary Shares,N,False,nasdaqtrader
SOPH,SOPHiA GENETICS SA - Ordinary Shares,NASDAQ,False,nasdaqtrader
SOR,"Source Capital, Inc. Cmn Shs of BI",N,False,nasdaqtrader
SORA,AsiaStrategy - Ordinary Shares,NASDAQ,False,nasdaqtrader
SORN,Soren Acquisition Corp. - Class A Ordinary Shares,NASDAQ,False,nasdaqtrader
SORNU,Soren Acquisition Corp. - Unit,NASDAQ,False,nasdaqtrader
SORNW,Soren Acquisition Corp. - Warrant,NASDAQ,False,nasdaqtrader
SOS,SOS Limited Class A Ordinary Shares,N,False,nasdaqtrader
SOTK,Sono-Tek Corporation - Common Stock,NASDAQ,False,nasdaqtrader
SOUL,Soulpower Acquisition Corporation Class A Ordinary Shares,N,False,nasdaqtrader
SOUL-R,"Soulpower Acquisition Corporation Rights, each right entitling the holder to receive one-tenth (1/10) of one Class A Ordinary Share",N,False,nasdaqtrader
SOUL-U,"Soulpower Acquisition Corporation Units, each consisting of one Class A ordinary share and one right",N,False,nasdaqtrader
SOUN,"SoundHound AI, Inc. - Class A Common Stock",NASDAQ,False,nasdaqtrader
SOUNW,"SoundHound AI, Inc. - Warrant",NASDAQ,False,nasdaqtrader
SOWG,Sow Good Inc. - Common Stock,NASDAQ,False,nasdaqtrader
SPAI,Safe Pro Group Inc. - Common Stock,NASDAQ,False,nasdaqtrader
SPB,"Spectrum Brands Holdings, Inc. Common Stock",N,False,nasdaqtrader
SPCB,"SuperCom, Ltd. - Ordinary Shares",NASDAQ,False,nasdaqtrader
SPCE,"Virgin Galactic Holdings, Inc. Common Stock",N,False,nasdaqtrader
SPCX,Space Exploration Technologies Corp. - Class A Common Stock,NASDAQ,False,nasdaqtrader
SPE,"Special Opportunities Fund, Inc Common Stock",N,False,nasdaqtrader
SPE-PC,"Special Opportunities Fund Inc. 2.75% Convertible Preferred Stock, Series C",N,False,nasdaqtrader
SPEG,Silver Pegasus Acquisition Corp - Class A Ordinary Shares,NASDAQ,False,nasdaqtrader
SPEGR,Silver Pegasus Acquisition Corp - Rights,NASDAQ,False,nasdaqtrader
SPEGU,Silver Pegasus Acquisition Corp - Unit,NASDAQ,False,nasdaqtrader
SPFI,"South Plains Financial, Inc. - Common Stock",NASDAQ,False,nasdaqtrader
SPG,"Simon Property Group, Inc. Common Stock",N,False,nasdaqtrader
SPG-PJ,"Simon Property Group, Inc. Simon Property Group 8 3/8% Series J Cumulative Redeemable Preferred Stock",N,False,nasdaqtrader
SPGI,S&P Global Inc. Common Stock,N,False,nasdaqtrader
SPH,"Suburban Propane Partners, L.P. Common Stock",N,False,nasdaqtrader
SPHL,Springview Holdings Ltd - Ordinary shares,NASDAQ,False,nasdaqtrader
SPHR,Sphere Entertainment Co. Class A Common Stock,N,False,nasdaqtrader
SPIR,"Spire Global, Inc. Class A Common Stock",N,False,nasdaqtrader
SPKL,Spark I Acquisition Corp. - Class A Ordinary Share,NASDAQ,False,nasdaqtrader
SPKLU,Spark I Acquisition Corp. - Unit,NASDAQ,False,nasdaqtrader
SPKLW,Spark I Acquisition Corp. - Warrant,NASDAQ,False,nasdaqtrader
SPMA,"Sound Point Meridian Capital, Inc. 8.00% Series A Preferred Shares Due 2029",N,False,nasdaqtrader
SPMC,"Sound Point Meridian Capital, Inc. Common Stock",N,False,nasdaqtrader
SPME,"Sound Point Meridian Capital, Inc. 7.875% Series B Preferred Shares due 2030",N,False,nasdaqtrader
SPNT,SiriusPoint Ltd. Common Shares,N,False,nasdaqtrader
SPOK,"Spok Holdings, Inc. - Common Stock",NASDAQ,False,nasdaqtrader
SPOT,Spotify Technology S.A. Ordinary Shares,N,False,nasdaqtrader
SPPL,SIMPPLE LTD. - Ordinary Shares,NASDAQ,False,nasdaqtrader
SPRB,"Spruce Biosciences, Inc. - Common Stock",NASDAQ,False,nasdaqtrader
SPRC,SciSparc Ltd. - Ordinary Shares,NASDAQ,False,nasdaqtrader
SPRO,"Spero Therapeutics, Inc. - Common Stock",NASDAQ,False,nasdaqtrader
SPRU,Spruce Power Holding Corporation Class A Common Stock,N,False,nasdaqtrader
SPRY,"ARS Pharmaceuticals, Inc. - Common Stock",NASDAQ,False,nasdaqtrader
SPSC,"SPS Commerce, Inc. - Common Stock",NASDAQ,False,nasdaqtrader
SPT,"Sprout Social, Inc - Class A Common Stock",NASDAQ,False,nasdaqtrader
SPTX,"Seaport Therapeutics, Inc. - Common Stock",NASDAQ,False,nasdaqtrader
SPWH,"Sportsman's Warehouse Holdings, Inc. - Common Stock",NASDAQ,False,nasdaqtrader
SPWR,SunPower Inc. - Common Stock,NASDAQ,False,nasdaqtrader
SPWRW,SunPower Inc. - Warrant,NASDAQ,False,nasdaqtrader
SPXC,"SPX Technologies, Inc. Common Stock",N,False,nasdaqtrader
SPXX,Nuveen S&P 500 Dynamic Overwrite Fund,N,False,nasdaqtrader
SQFT,"Presidio Property Trust, Inc. - Class A Common Stock",NASDAQ,False,nasdaqtrader
SQFTP,"Presidio Property Trust, Inc. - 9.375% Series D Cumulative Redeemable Perpetual Preferred Stock, $0.01 par value per share",NASDAQ,False,nasdaqtrader
SQFTW,"Presidio Property Trust, Inc. - Series A Common Stock Purchase Warrants",NASDAQ,False,nasdaqtrader
SQM,Sociedad Quimica y Minera S.A. Common Stock,N,False,nasdaqtrader
SQNS,Sequans Communications S.A. American Depositary Shares (each representing one hundred (100) Ordinary Shares),N,False,nasdaqtrader
SR,Spire Inc. Common Stock,N,False,nasdaqtrader
SRAD,Sportradar Group AG - Class A Ordinary Shares,NASDAQ,False,nasdaqtrader
SRBK,"SR Bancorp, Inc. - Common stock",NASDAQ,False,nasdaqtrader
SRCE,1st Source Corporation - Common Stock,NASDAQ,False,nasdaqtrader
SRE,DBA Sempra Common Stock,N,False,nasdaqtrader
SREA,DBA Sempra 5.750% Junior Subordinated Notes due 2079,N,False,nasdaqtrader
SRFM,Surf Air Mobility Inc. Common Stock,N,False,nasdaqtrader
SRG,Seritage Growth Properties Class A Common Stock,N,False,nasdaqtrader
SRG-PA,Seritage Growth Properties 7.00% Series A Cumulative Redeemable Preferred Shares of Beneficial Interest,N,False,nasdaqtrader
SRI,"Stoneridge, Inc. Common Stock",N,False,nasdaqtrader
SRJN,Spire Inc. 6.375% Junior Subordinated Notes due 2086,N,False,nasdaqtrader
SRL,Scully Royalty Ltd.,N,False,nasdaqtrader
SRPT,"Sarepta Therapeutics, Inc. - Common Stock",NASDAQ,False,nasdaqtrader
SRRK,Scholar Rock Holding Corporation - Common Stock,NASDAQ,False,nasdaqtrader
SRTA,"Strata Critical Medical, Inc. - Class A Common Stock",NASDAQ,False,nasdaqtrader
SRTS,"Sensus Healthcare, Inc. - Common Stock",NASDAQ,False,nasdaqtrader
SRV,NXG Cushing Midstream Energy Fund Common Shares of Beneficial Interest,N,False,nasdaqtrader
SRXH,SRX Global Inc. Common Stock,A,False,nasdaqtrader
SRZN,"Surrozen, Inc. - Common Stock",NASDAQ,False,nasdaqtrader
SRZNW,"Surrozen, Inc. - Warrant",NASDAQ,False,nasdaqtrader
SSAC,SPACSphere Acquisition Corp. - Class A Ordinary Shares,NASDAQ,False,nasdaqtrader
SSACR,SPACSphere Acquisition Corp. - Rights,NASDAQ,False,nasdaqtrader
SSACU,SPACSphere Acquisition Corp. - Unit,NASDAQ,False,nasdaqtrader
SSACW,SPACSphere Acquisition Corp. - Warrant,NASDAQ,False,nasdaqtrader
SSB,SouthState Bank Corporation Common Stock,N,False,nasdaqtrader
SSBI,Summit State Bank - Common Stock,NASDAQ,False,nasdaqtrader
SSD,"Simpson Manufacturing Company, Inc. Common Stock",N,False,nasdaqtrader
SSEA,Starry Sea Acquisition Corp - Ordinary Shares,NASDAQ,False,nasdaqtrader
SSEAR,Starry Sea Acquisition Corp - Rights,NASDAQ,False,nasdaqtrader
SSEAU,Starry Sea Acquisition Corp - Unit,NASDAQ,False,nasdaqtrader
SSII,SS Innovations International Inc. - Common Stock,NASDAQ,False,nasdaqtrader
SSL,Sasol Ltd. American Depositary Shares,N,False,nasdaqtrader
SSM,Sono Group N.V. - Ordinary Shares,NASDAQ,False,nasdaqtrader
SSMR,Sunshine Silver Mining & Refining Company Common Stock,N,False,nasdaqtrader
SSNC,"SS&C Technologies Holdings, Inc. - Common Stock",NASDAQ,False,nasdaqtrader
SSP,E.W. Scripps Company (The) - Class A Common Stock,NASDAQ,False,nasdaqtrader
SSRM,SSR Mining Inc. - Common Stock,NASDAQ,False,nasdaqtrader
SST,"System1, Inc. Class A Common Stock",N,False,nasdaqtrader
SSTI,"SoundThinking, Inc. - Common Stock",NASDAQ,False,nasdaqtrader
SSTK,"Shutterstock, Inc. Common Stock",N,False,nasdaqtrader
SSYS,"Stratasys, Ltd. - Common Stock",NASDAQ,False,nasdaqtrader
ST,Sensata Technologies Holding plc Ordinary Shares,N,False,nasdaqtrader
STAA,STAAR Surgical Company - Common Stock,NASDAQ,False,nasdaqtrader
STAG,"Stag Industrial, Inc. Common Stock",N,False,nasdaqtrader
STAK,STAK Inc. - Class A Ordinary Shares,NASDAQ,False,nasdaqtrader
STBA,"S&T Bancorp, Inc. - Common Stock",NASDAQ,False,nasdaqtrader
STC,Stewart Information Services Corporation Common Stock,N,False,nasdaqtrader
STDN,"Standard Nuclear, Inc. Class A Common Stock",N,False,nasdaqtrader
STE,STERIS plc (Ireland) Ordinary Shares,N,False,nasdaqtrader
STEM,"Stem, Inc. Class A Common Stock",N,False,nasdaqtrader
STEP,StepStone Group Inc. - Class A Common Stock,NASDAQ,False,nasdaqtrader
STEW,"SRH Total Return Fund, Inc. Common Stock",N,False,nasdaqtrader
STEX,Streamex Corp. - Common Stock,NASDAQ,False,nasdaqtrader
STFS,Star Fashion Culture Holdings Limited - Class A Ordinary Shares,NASDAQ,False,nasdaqtrader
STG,"Sunlands Technology Group American Depositary Shares, representing Class A ordinary shares",N,False,nasdaqtrader
STGW,Stagwell Inc. - Class A Common Stock,NASDAQ,False,nasdaqtrader
STHO,Star Holdings - Shares of Beneficial Interest,NASDAQ,False,nasdaqtrader
STI,"Solidion Technology, Inc. - Common Stock",NASDAQ,False,nasdaqtrader
STIM,"Neuronetics, Inc. - Common Stock",NASDAQ,False,nasdaqtrader
STK,Columbia Seligman Premium Technology Growth Fund Inc,N,False,nasdaqtrader
STKE,Sol Strategies Inc. - Common Shares,NASDAQ,False,nasdaqtrader
STKH,Steakholder Foods Ltd. - American Depositary Shares,NASDAQ,False,nasdaqtrader
STKS,"The ONE Group Hospitality, Inc. - Common Stock",NASDAQ,False,nasdaqtrader
STLA,Stellantis N.V. Common Shares,N,False,nasdaqtrader
STLD,"Steel Dynamics, Inc. - Common Stock",NASDAQ,False,nasdaqtrader
STLN,"Starling Oncology, Inc. - Common Stock",NASDAQ,False,nasdaqtrader
STLNW,"Starling Oncology, Inc. - Warrant",NASDAQ,False,nasdaqtrader
STM,STMicroelectronics N.V. Common Stock,N,False,nasdaqtrader
STN,Stantec Inc Common Stock,N,False,nasdaqtrader
STNE,StoneCo Ltd. - Class A Common Share,NASDAQ,False,nasdaqtrader
STNG,Scorpio Tankers Inc. Common Shares,N,False,nasdaqtrader
STOK,"Stoke Therapeutics, Inc. - Common Stock",NASDAQ,False,nasdaqtrader
STRA,"Strategic Education, Inc. - Common Stock",NASDAQ,False,nasdaqtrader
STRC,Strategy Inc - Variable Rate Series A Perpetual Stretch Preferred Stock,NASDAQ,False,nasdaqtrader
STRD,Strategy Inc - 10.00% Series A Perpetual Stride Preferred Stock,NASDAQ,False,nasdaqtrader
STRF,Strategy Inc - 10.00% Series A Perpetual Strife Preferred Stock,NASDAQ,False,nasdaqtrader
STRK,Strategy Inc - 8.00% Series A Perpetual Strike Preferred Stock,NASDAQ,False,nasdaqtrader
STRL,"Sterling Infrastructure, Inc. - Common Stock",NASDAQ,False,nasdaqtrader
STRO,"Sutro Biopharma, Inc. - Common Stock",NASDAQ,False,nasdaqtrader
STRR,"Star Equity Holdings, Inc. - Common Stock",NASDAQ,False,nasdaqtrader
STRRP,"Star Equity Holdings, Inc. - 10% Series A Cumulative Perpetual Preferred Stock",NASDAQ,False,nasdaqtrader
STRS,Stratus Properties Inc. - Common Stock,NASDAQ,False,nasdaqtrader
STRT,STRATTEC SECURITY CORPORATION - Common Stock,NASDAQ,False,nasdaqtrader
STRW,"Strawberry Fields REIT, Inc. Common Stock",A,False,nasdaqtrader
STRZ,Starz Entertainment Corp. - Common Shares,NASDAQ,False,nasdaqtrader
STT,State Street Corporation Common Stock,N,False,nasdaqtrader
STT-PG,"State Street Corporation Depositary shares, each representing a 1/4,000th ownership interest in a share of Fixed-to-Floating Rate Non-Cumulative",N,False,nasdaqtrader
STTK,"Shattuck Labs, Inc. - Common Stock",NASDAQ,False,nasdaqtrader
STUB,"StubHub Holdings, Inc. Class A Common Stock",N,False,nasdaqtrader
STVN,Stevanato Group S.p.A. Ordinary Shares,N,False,nasdaqtrader
STWD,"STARWOOD PROPERTY TRUST, INC. Starwood Property Trust Inc.",N,False,nasdaqtrader
STX,Seagate Technology Holdings PLC - Ordinary Shares (Ireland),NASDAQ,False,nasdaqtrader
STXS,"Stereotaxis, Inc. Common Stock",A,False,nasdaqtrader
STZ,"Constellation Brands, Inc. Common Stock",N,False,nasdaqtrader
SU,Suncor Energy  Inc. Common Stock,N,False,nasdaqtrader
SUGP,SU Group Holdings Limited - Class A Ordinary Shares,NASDAQ,False,nasdaqtrader
SUI,"Sun Communities, Inc. Common Stock",N,False,nasdaqtrader
SUIG,Sui Group Holdings Limited - Common Stock,NASDAQ,False,nasdaqtrader
SUJA,"Suja Life, Inc. - Class A Common Stock",NASDAQ,False,nasdaqtrader
SUMA,SUMA Acquisition Corporation - Class A Ordinary Shares,NASDAQ,False,nasdaqtrader
SUMAR,SUMA Acquisition Corporation - Rights,NASDAQ,False,nasdaqtrader
SUMAU,SUMA Acquisition Corporation - Units,NASDAQ,False,nasdaqtrader
SUN,Sunoco LP Common Units representing limited partner interests,N,False,nasdaqtrader
SUNB,"Sunbelt Rentals Holdings, Inc. Common Stock",N,False,nasdaqtrader
SUNC,"SunocoCorp LLC Common Units, representing limited liability company interests",N,False,nasdaqtrader
SUNE,"SUNation Energy, Inc. - Common Stock",NASDAQ,False,nasdaqtrader
SUNS,"Sunrise Realty Trust, Inc. - Common Stock",NASDAQ,False,nasdaqtrader
SUPN,"Supernus Pharmaceuticals, Inc. - Common Stock",NASDAQ,False,nasdaqtrader
SUPV,Grupo Supervielle S.A. American Depositary Shares each Representing five Class B shares,N,False,nasdaqtrader
SUPX,SuperX AI Technology Limited - Ordinary Shares,NASDAQ,False,nasdaqtrader
SURG,"SurgePays, Inc. - Common Stock",NASDAQ,False,nasdaqtrader
SUZ,Suzano S.A. American Depositary Shares (each representing One Ordinary Share),N,False,nasdaqtrader
SVA,"Sinovac Biotech, Ltd. - Ordinary Shares (Antigua/Barbudo)",NASDAQ,False,nasdaqtrader
SVAQ,Silicon Valley Acquisition Corp. - Class A Ordinary Shares,NASDAQ,False,nasdaqtrader
SVAQU,Silicon Valley Acquisition Corp. - Units,NASDAQ,False,nasdaqtrader
SVAQW,Silicon Valley Acquisition Corp. - Warrants,NASDAQ,False,nasdaqtrader
SVC,Service Properties Trust - Common Shares of Beneficial Interest,NASDAQ,False,nasdaqtrader
SVCC,Stellar V Capital Corp. - Class A Ordinary Shares,NASDAQ,False,nasdaqtrader
SVCCU,Stellar V Capital Corp. - Unit,NASDAQ,False,nasdaqtrader
SVCCW,Stellar V Capital Corp. - Warrant,NASDAQ,False,nasdaqtrader
SVCO,"Silvaco Group, Inc. - Common Stock",NASDAQ,False,nasdaqtrader
SVIV,Spring Valley Acquisition Corp. IV - Class A Ordinary Shares,NASDAQ,False,nasdaqtrader
SVIVU,Spring Valley Acquisition Corp. IV - Units,NASDAQ,False,nasdaqtrader
SVIVW,Spring Valley Acquisition Corp. IV - Warrants,NASDAQ,False,nasdaqtrader
SVM,Silvercorp Metals Inc. Common Shares,A,False,nasdaqtrader
SVRA,"Savara, Inc. - Common Stock",NASDAQ,False,nasdaqtrader
SVRE,SaverOne 2014 Ltd. - American Depositary Shares,NASDAQ,False,nasdaqtrader
SVREW,SaverOne 2014 Ltd. - Warrant,NASDAQ,False,nasdaqtrader
SVRN,OceanPal Inc. - Common Stock,NASDAQ,False,nasdaqtrader
SVV,"Savers Value Village, Inc. Common Stock",N,False,nasdaqtrader
SW,Smurfit WestRock plc Ordinary Shares,N,False,nasdaqtrader
SWAG,"Stran & Company, Inc. - Common Stock",NASDAQ,False,nasdaqtrader
SWAGW,"Stran & Company, Inc. - Warrant",NASDAQ,False,nasdaqtrader
SWBI,"Smith & Wesson Brands, Inc. - Common Stock",NASDAQ,False,nasdaqtrader
SWIM,"Latham Group, Inc. - Common Stock",NASDAQ,False,nasdaqtrader
SWK,"Stanley Black & Decker, Inc. Common Stock",N,False,nasdaqtrader
SWKHL,SWK Holdings Corporation - 9.00% Senior Notes due 2027,NASDAQ,False,nasdaqtrader
SWKS,"Skyworks Solutions, Inc. - Common Stock",NASDAQ,False,nasdaqtrader
SWMR,"Swarmer, Inc - common stock",NASDAQ,False,nasdaqtrader
SWVL,Swvl Holdings Corp - Ordinary Shares,NASDAQ,False,nasdaqtrader
SWVLW,Swvl Holdings Corp - Warrant,NASDAQ,False,nasdaqtrader
SWX,"Southwest Gas Holdings, Inc. Common Stock (DE)",N,False,nasdaqtrader
SWZ,Total Return Securities Fund Common Stock,N,False,nasdaqtrader
SXC,"SunCoke Energy, Inc. Common Stock",N,False,nasdaqtrader
SXI,Standex International Corporation Common Stock,N,False,nasdaqtrader
SXT,Sensient Technologies Corporation Common Stock,N,False,nasdaqtrader
SXTC,"China SXT Pharmaceuticals, Inc. - Class A Ordinary Shares",NASDAQ,False,nasdaqtrader
SXTP,"60 Degrees Pharmaceuticals, Inc. - Common Stock",NASDAQ,False,nasdaqtrader
SXTPW,"60 Degrees Pharmaceuticals, Inc. - Warrant",NASDAQ,False,nasdaqtrader
SY,So-Young International Inc. - American Depository Shares,NASDAQ,False,nasdaqtrader
SYBT,"Stock Yards Bancorp, Inc. - Common Stock",NASDAQ,False,nasdaqtrader
SYF,Synchrony Financial Common Stock,N,False,nasdaqtrader
SYF-PA,"Synchrony Financial Depositary Shares, each Representing a 1/40th Interest in a Share of 5.625% Fixed Rate Non-Cumulative Perpetual Preferred Stock, Series A",N,False,nasdaqtrader
SYF-PB,"Synchrony Financial Depositary Shares Each Representing a 1/40th Interest in a Share of 8.250% Fixed Rate Reset Non-Cumulative Perpetual Preferred Stock, Series B",N,False,nasdaqtrader
SYK,Stryker Corporation Common Stock,N,False,nasdaqtrader
SYM,Symbotic Inc. - Class A Common Stock,NASDAQ,False,nasdaqtrader
SYNA,Synaptics Incorporated - Common Stock,NASDAQ,False,nasdaqtrader
SYNX,Silynxcom Ltd. Ordinary Shares,A,False,nasdaqtrader
SYPR,"Sypris Solutions, Inc. - Common Stock",NASDAQ,False,nasdaqtrader
SYRE,"Spyre Therapeutics, Inc. - Common Stock",NASDAQ,False,nasdaqtrader
SYY,Sysco Corporation Common Stock,N,False,nasdaqtrader
SZZL,Sizzle Acquisition Corp. II - Class A ordinary shares,NASDAQ,False,nasdaqtrader
SZZLR,Sizzle Acquisition Corp. II - Right,NASDAQ,False,nasdaqtrader
SZZLU,Sizzle Acquisition Corp. II - Unit,NASDAQ,False,nasdaqtrader
T,AT&T Inc.,N,False,nasdaqtrader
T-PA,"AT&T Inc. Depositary Shares, each representing a 1/1,000th interest in a share of 5.000% Perpetual Preferred Stock, Series A",N,False,nasdaqtrader
T-PC,"AT&T Inc. Depositary Shares, each representing a 1/1,000th interest in a share of 4.750% Perpetual Preferred Stock, Series C",N,False,nasdaqtrader
TAC,TransAlta Corporation Ordinary Shares,N,False,nasdaqtrader
TACH,Titan Acquisition Corp. - Class A Ordinary Shares,NASDAQ,False,nasdaqtrader
TACHU,Titan Acquisition Corp. - Units,NASDAQ,False,nasdaqtrader
TACHW,Titan Acquisition Corp. - Warrants,NASDAQ,False,nasdaqtrader
TACO,Berto Acquisition Corp. - Ordinary Shares,NASDAQ,False,nasdaqtrader
TACOU,Berto Acquisition Corp. - unit,NASDAQ,False,nasdaqtrader
TACOW,Berto Acquisition Corp. - Warrant,NASDAQ,False,nasdaqtrader
TACT,TransAct Technologies Incorporated - Common Stock,NASDAQ,False,nasdaqtrader
TAK,Takeda Pharmaceutical Company Limited American Depositary Shares (each representing 1/2 of a share of Common Stock),N,False,nasdaqtrader
TAL,TAL Education Group American Depositary Shares,N,False,nasdaqtrader
TALK,"Talkspace, Inc. - Common Stock",NASDAQ,False,nasdaqtrader
TALO,"Talos Energy, Inc. Common Stock",N,False,nasdaqtrader
TANH,Tantech Holdings Ltd. - Class A Common Shares,NASDAQ,False,nasdaqtrader
TAOP,Taoping Inc. - Ordinary Shares,NASDAQ,False,nasdaqtrader
TAOX,Tao Synergies Inc. - Common Stock,NASDAQ,False,nasdaqtrader
TAP,Molson Coors Beverage Company Class B Common Stock,N,False,nasdaqtrader
TAP-A,Molson Coors Beverage Company Class A Common Stock,N,False,nasdaqtrader
TARA,"Protara Therapeutics, Inc.  - Common Stock",NASDAQ,False,nasdaqtrader
TARS,"Tarsus Pharmaceuticals, Inc. - Common Stock",NASDAQ,False,nasdaqtrader
TASK,"TaskUs, Inc. - Class A Common Stock",NASDAQ,False,nasdaqtrader
TATT,TAT Technologies Ltd. - Ordinary Shares,NASDAQ,False,nasdaqtrader
TAVI,Tavia Acquisition Corp. - Ordinary Shares,NASDAQ,False,nasdaqtrader
TAVIR,Tavia Acquisition Corp. - Right,NASDAQ,False,nasdaqtrader
TAVIU,Tavia Acquisition Corp. - Unit,NASDAQ,False,nasdaqtrader
TAYD,"Taylor Devices, Inc. - Common Stock",NASDAQ,False,nasdaqtrader
TBB,AT&T Inc. 5.350% Global Notes due 2066,N,False,nasdaqtrader
TBBB,BBB Foods Inc. Class A Common Shares,N,False,nasdaqtrader
TBBK,"The Bancorp, Inc. - Common Stock",NASDAQ,False,nasdaqtrader
TBCH,Turtle Beach Corporation - Common Stock,NASDAQ,False,nasdaqtrader
TBI,"TrueBlue, Inc. Common Stock",N,False,nasdaqtrader
TBLA,Taboola.com Ltd. - Ordinary Shares,NASDAQ,False,nasdaqtrader
TBLD,Thornburg Income Builder Opportunities Trust - Closed End Fund,NASDAQ,False,nasdaqtrader
TBN,Tamboran Resources Corporation Common stock,N,False,nasdaqtrader
TBPH,"Theravance Biopharma, Inc. - Ordinary Shares",NASDAQ,False,nasdaqtrader
TC,Token Cat Limited - American Depositary Shares,NASDAQ,False,nasdaqtrader
TCBI,"Texas Capital Bancshares, Inc. - Common Stock",NASDAQ,False,nasdaqtrader
TCBIO,"Texas Capital Bancshares, Inc. - Depositary Shares 5.75% Fixed Rate Non-Cumulative Perpetual Preferred Stock Series B",NASDAQ,False,nasdaqtrader
TCBK,TriCo Bancshares - Common Stock,NASDAQ,False,nasdaqtrader
TCBS,"Texas Community Bancshares, Inc. - Common Stock",NASDAQ,False,nasdaqtrader
TCBX,"Third Coast Bancshares, Inc. Common Stock",N,False,nasdaqtrader
TCGX,TCGX Acquisition Corp. - Class A Ordinary Shares,NASDAQ,False,nasdaqtrader
TCI,"Transcontinental Realty Investors, Inc. Common Stock",N,False,nasdaqtrader
TCMD,"Tactile Systems Technology, Inc. - Common Stock",NASDAQ,False,nasdaqtrader
TCOM,Trip.com Group Limited - American Depositary Shares,NASDAQ,False,nasdaqtrader
TCPA,TransCanada PipeLines Limited 6.250% Junior Subordinated Notes due 2085,N,False,nasdaqtrader
TCPC,BlackRock TCP Capital Corp. - Closed End Fund,NASDAQ,False,nasdaqtrader
TCRT,"Alaunos Therapeutics, Inc. - Common Stock",NASDAQ,False,nasdaqtrader
TCRX,"TScan Therapeutics, Inc. - Common Stock",NASDAQ,False,nasdaqtrader
TCX,Tucows Inc. - Common Stock,NASDAQ,False,nasdaqtrader
TD,Toronto Dominion Bank (The) Common Stock,N,False,nasdaqtrader
TDAC,Translational Development Acquisition Corp. - Ordinary Shares,NASDAQ,False,nasdaqtrader
TDACU,Translational Development Acquisition Corp. - Units,NASDAQ,False,nasdaqtrader
TDACW,Translational Development Acquisition Corp. - Warrants,NASDAQ,False,nasdaqtrader
TDAY,"USA TODAY Co., Inc. Common Stock",N,False,nasdaqtrader
TDC,Teradata Corporation Common Stock,N,False,nasdaqtrader
TDF,"Templeton Dragon Fund, Inc. Common Stock",N,False,nasdaqtrader
TDG,Transdigm Group Incorporated Common Stock,N,False,nasdaqtrader
TDIC,Dreamland Limited - Class A Ordinary Shares,NASDAQ,False,nasdaqtrader
TDOC,"Teladoc Health, Inc. Common Stock",N,False,nasdaqtrader
TDS,"Telephone and Data Systems, Inc. Common Shares",N,False,nasdaqtrader
TDS-PU,"Telephone and Data Systems, Inc. Depositary Shares, Each Representing a 1/1,000th Interest in a 6.625% Series UU Cumulative Redeemable Perpetual Preferred Stock",N,False,nasdaqtrader
TDS-PV,"Telephone and Data Systems, Inc. Depositary Shares, Each Representing a 1/1,000th Interest in a 6.000% Series VV Cumulative Redeemable Perpetual Preferred Stock",N,False,nasdaqtrader
TDTH,Trident Digital Tech Holdings Ltd - Class B Ordinary Shares,NASDAQ,False,nasdaqtrader
TDUP,ThredUp Inc. - Class A Common Stock,NASDAQ,False,nasdaqtrader
TDW,Tidewater Inc. Common Stock,N,False,nasdaqtrader
TDWD,Tailwind 2.0 Acquisition Corp. - Class A Ordinary Shares,NASDAQ,False,nasdaqtrader
TDWDR,Tailwind 2.0 Acquisition Corp. - Rights,NASDAQ,False,nasdaqtrader
TDWDU,Tailwind 2.0 Acquisition Corp. - Unit,NASDAQ,False,nasdaqtrader
TDY,Teledyne Technologies Incorporated Common Stock,N,False,nasdaqtrader
TE,T1 Energy Inc. Common Stock,N,False,nasdaqtrader
TEAD,Teads Holding Co. - Common Stock,NASDAQ,False,nasdaqtrader
TEAM,Atlassian Corporation  - Class A Common Stock,NASDAQ,False,nasdaqtrader
TECH,Bio-Techne Corp - Common Stock,NASDAQ,False,nasdaqtrader
TECK,Teck Resources Ltd Ordinary Shares,N,False,nasdaqtrader
TECX,"Tectonic Therapeutic, Inc. - Common Stock",NASDAQ,False,nasdaqtrader
TEI,"Templeton Emerging Markets Income Fund, Inc. Common Stock",N,False,nasdaqtrader
TEL,TE Connectivity plc Ordinary Shares,N,False,nasdaqtrader
TELA,"TELA Bio, Inc. - Common stock",NASDAQ,False,nasdaqtrader
TELO,"Telomir Pharmaceuticals, Inc. - Common Stock",NASDAQ,False,nasdaqtrader
TEM,"Tempus AI, Inc. - Class A Common Stock",NASDAQ,False,nasdaqtrader
TEN,Tsakos Energy Navigation Ltd Common Shares,N,False,nasdaqtrader
TEN-PE,"Tsakos Energy Navigation Ltd Series E Fixed-to-Floating Rate Cumulative Redeemable Perpetual Preferred Shares, par value $1.00",N,False,nasdaqtrader
TEN-PF,"Tsakos Energy Navigation Ltd Series F Fixed-to-Floating Rate Cumulative Redeemable Perpetual Preferred Shares, par value $1.00",N,False,nasdaqtrader
TENB,"Tenable Holdings, Inc. - Common Stock",NASDAQ,False,nasdaqtrader
TENX,"Tenax Therapeutics, Inc. - Common Stock",NASDAQ,False,nasdaqtrader
TEO,Telecom Argentina SA,N,False,nasdaqtrader
TER,"Teradyne, Inc. - Common Stock",NASDAQ,False,nasdaqtrader
TEVA,Teva Pharmaceutical Industries Limited American Depositary Shares,N,False,nasdaqtrader
TEX,Terex Corporation Common Stock,N,False,nasdaqtrader
TFC,Truist Financial Corporation Common Stock,N,False,nasdaqtrader
TFC-PI,Truist Financial Corporation Depositary Shares,N,False,nasdaqtrader
TFC-PO,"Truist Financial Corporation Depositary Shares, Each Representing a 1/1,000th Interest in a Share of Series O Non-Cumulative Perpetual Preferred Stock",N,False,nasdaqtrader
TFC-PR,"Truist Financial Corporation Depositary Shares, each representing 1/1,000th interest in a share of Series R Non-Cumulative Perpetual Preferred Stock",N,False,nasdaqtrader
TFII,TFI International Inc. Common Shares,N,False,nasdaqtrader
TFIN,"Triumph Financial, Inc. Common Stock",N,False,nasdaqtrader
TFIN-P,"Triumph Financial, Inc. Depositary Shares, Each Representing a 1/40th Interest in a Share of 7.125% Series C Fixed-Rate Non-Cumulative Perpetual Preferred Stock",N,False,nasdaqtrader
TFPM,Triple Flag Precious Metals Corp. Common Shares,N,False,nasdaqtrader
TFSL,TFS Financial Corporation - Common Stock,NASDAQ,False,nasdaqtrader
TFX,Teleflex Incorporated Common Stock,N,False,nasdaqtrader
TG,Tredegar Corporation Common Stock,N,False,nasdaqtrader
TGB,Trekor Metals Limited Common Shares,A,False,nasdaqtrader
TGE,The Generation Essentials Group Class A Ordinary Shares,N,False,nasdaqtrader
TGE-W,"The Generation Essentials Group Warrants, each whole warrant exercisable for one Class A Ordinary Share",A,False,nasdaqtrader
TGEN,Tecogen Inc. Common Stock,A,False,nasdaqtrader
TGHL,The GrowHub Limited - Class A Ordinary Shares,NASDAQ,False,nasdaqtrader
TGL,Treasure Global Inc. - Common Stock,NASDAQ,False,nasdaqtrader
TGLS,Tecnoglass Holdings Inc. Common Stock,N,False,nasdaqtrader
TGS,Transportadora de Gas del Sur SA TGS Common Stock,N,False,nasdaqtrader
TGT,Target Corporation Common Stock,N,False,nasdaqtrader
TGTX,"TG Therapeutics, Inc. - Common Stock",NASDAQ,False,nasdaqtrader
TH,Target Hospitality Corp. - Common Stock,NASDAQ,False,nasdaqtrader
THC,Tenet Healthcare Corporation Common Stock,N,False,nasdaqtrader
THCH,TH International Limited - Ordinary shares,NASDAQ,False,nasdaqtrader
THEOU,BOA Acquisition Corp. II - Units,NASDAQ,False,nasdaqtrader
THFF,First Financial Corporation  - Common Stock,NASDAQ,False,nasdaqtrader
THG,Hanover Insurance Group Inc,N,False,nasdaqtrader
THH,TryHard Holdings Limited - Ordinary Shares,NASDAQ,False,nasdaqtrader
THM,"International Tower Hill Mines, Ltd. Ordinary Shares (Canada)",A,False,nasdaqtrader
THO,"Thor Industries, Inc. Common Stock",N,False,nasdaqtrader
THQ,abrdn Healthcare Opportunities Fund Shares of Beneficial Interest,N,False,nasdaqtrader
THRM,Gentherm Inc - Common Stock,NASDAQ,False,nasdaqtrader
THRY,"Thryv Holdings, Inc. - Common Stock",NASDAQ,False,nasdaqtrader
THW,abrdn World Healthcare Fund Shares of Beneficial Interest,N,False,nasdaqtrader
TIC,"TIC Solutions, Inc. Common Stock",N,False,nasdaqtrader
TIGO,Millicom International Cellular S.A. - Common Stock,NASDAQ,False,nasdaqtrader
TIGR,UP Fintech Holding Limited - American Depositary Shares representing fifteen Class A Ordinary Shares,NASDAQ,False,nasdaqtrader
TII,Titan Mining Corporation Common Shares,A,False,nasdaqtrader
TIL,"Instil Bio, Inc. - Common Stock",NASDAQ,False,nasdaqtrader
TILE,"Interface, Inc. - Common Stock",NASDAQ,False,nasdaqtrader
TIMB,TIM S.A. American Depositary Shares (Each representing 5 Common Shares),N,False,nasdaqtrader
TIPT,Tiptree Inc. - Common Stock,NASDAQ,False,nasdaqtrader
TISI,"Team, Inc. Common Stock",N,False,nasdaqtrader
TITN,Titan Machinery Inc. - Common Stock,NASDAQ,False,nasdaqtrader
TJGC,TJGC Group Limited - ordinary shares,NASDAQ,False,nasdaqtrader
TJX,"TJX Companies, Inc. (The) Common Stock",N,False,nasdaqtrader
TK,Teekay Corporation Ltd. Common Stock,N,False,nasdaqtrader
TKC,Turkcell Iletisim Hizmetleri AS Common Stock,N,False,nasdaqtrader
TKLF,"Tokyo Lifestyle Co., Ltd. - American Depositary Shares",NASDAQ,False,nasdaqtrader
TKNO,"Alpha Teknova, Inc. - Common Stock",NASDAQ,False,nasdaqtrader
TKO,"TKO Group Holdings, Inc. Class A Common Stock",N,False,nasdaqtrader
TKR,Timken Company (The) Common Stock,N,False,nasdaqtrader
TLF,"Tandy Leather Factory, Inc. - common stock",NASDAQ,False,nasdaqtrader
TLIH,Ten-League International Holdings Limited - Ordinary Shares,NASDAQ,False,nasdaqtrader
TLK,"PT Telekomunikasi Indonesia, Tbk",N,False,nasdaqtrader
TLN,Talen Energy Corporation - Common Stock,NASDAQ,False,nasdaqtrader
TLNC,Talon Capital Corp. - Class A Ordinary Shares,NASDAQ,False,nasdaqtrader
TLNCU,Talon Capital Corp. - Units,NASDAQ,False,nasdaqtrader
TLNCW,Talon Capital Corp. - Warrants,NASDAQ,False,nasdaqtrader
TLPH,"Talphera, Inc. - Common Stock",NASDAQ,False,nasdaqtrader
TLRY,"Tilray Brands, Inc. - Common Stock",NASDAQ,False,nasdaqtrader
TLS,Telos Corporation - Common Stock,NASDAQ,False,nasdaqtrader
TLSA,Tiziana Life Sciences Ltd - Common Shares,NASDAQ,False,nasdaqtrader
TLSI,"TriSalus Life Sciences, Inc. - Common Stock",NASDAQ,False,nasdaqtrader
TLSIW,"TriSalus Life Sciences, Inc. - Warrant",NASDAQ,False,nasdaqtrader
TLX,Telix Pharmaceuticals Limited - American Depositary Shares,NASDAQ,False,nasdaqtrader
TLYS,"Tilly's, Inc. Common Stock",N,False,nasdaqtrader
TM,Toyota Motor Corporation Common Stock,N,False,nasdaqtrader
TMC,TMC the metals company Inc. - Common Stock,NASDAQ,False,nasdaqtrader
TMCI,"Treace Medical Concepts, Inc. - Common Stock",NASDAQ,False,nasdaqtrader
TMCR,The Metals Royalty Company Inc. - Common Stock,NASDAQ,False,nasdaqtrader
TMCWW,TMC the metals company Inc. - Warrant,NASDAQ,False,nasdaqtrader
TMDE,TMD Energy Limited Ordinary Shares,A,False,nasdaqtrader
TMDX,"TransMedics Group, Inc. - Common Stock",NASDAQ,False,nasdaqtrader
TME,"Tencent Music Entertainment Group American Depositary Shares, each representing two Class A Ordinary Shares",N,False,nasdaqtrader
TMO,Thermo Fisher Scientific Inc Common Stock,N,False,nasdaqtrader
TMP,Tompkins Financial Corporation Common Stock,A,False,nasdaqtrader
TMQ,Trilogy Metals Inc. Common Stock,A,False,nasdaqtrader
TMS,Teamshares Inc. - Common Stock,NASDAQ,False,nasdaqtrader
TMSWW,Teamshares Inc. - Warrants,NASDAQ,False,nasdaqtrader
TMTS,Spartacus Acquisition Corp. II - Class A Ordinary Shares,NASDAQ,False,nasdaqtrader
TMTSU,Spartacus Acquisition Corp. II - Unit,NASDAQ,False,nasdaqtrader
TMTSW,Spartacus Acquisition Corp. II - Warrants,NASDAQ,False,nasdaqtrader
TMUS,"T-Mobile US, Inc. - Common Stock",NASDAQ,False,nasdaqtrader
TMUSI,"T-Mobile US, Inc. - 5.500% Senior Notes due June 2070",NASDAQ,False,nasdaqtrader
TMUSL,"T-Mobile US, Inc. - 6.250% Senior Notes due 2069",NASDAQ,False,nasdaqtrader
TMUSZ,"T-Mobile US, Inc. - 5.500% Senior Notes due March 2070",NASDAQ,False,nasdaqtrader
TNC,Tennant Company Common Stock,N,False,nasdaqtrader
TNDM,"Tandem Diabetes Care, Inc. - Common Stock",NASDAQ,False,nasdaqtrader
TNET,"TriNet Group, Inc. Common Stock",N,False,nasdaqtrader
TNGX,"Tango Therapeutics, Inc. - Common Stock",NASDAQ,False,nasdaqtrader
TNK,Teekay Tankers Ltd.,N,False,nasdaqtrader
TNL,Travel   Leisure Co. Common  Stock,N,False,nasdaqtrader
TNMG,TNL Mediagene - Ordinary Shares,NASDAQ,False,nasdaqtrader
TNON,"Tenon Medical, Inc. - Common Stock",NASDAQ,False,nasdaqtrader
TNONW,"Tenon Medical, Inc. - Warrant",NASDAQ,False,nasdaqtrader
TNXP,Tonix Pharmaceuticals Holding Corp. - Common Stock,NASDAQ,False,nasdaqtrader
TNYA,"Tenaya Therapeutics, Inc. - Common Stock",NASDAQ,False,nasdaqtrader
TOL,"Toll Brothers, Inc. Common Stock",N,False,nasdaqtrader
TOMZ,"TOMI Environmental Solutions, Inc. - Common Stock",NASDAQ,False,nasdaqtrader
TONT,Graf Global Corp. Class A ordinary shares,A,False,nasdaqtrader
TONT-U,"Graf Global Corp. Units, each consisting of one Class A ordinary share and one-half of one redeemable warrant",A,False,nasdaqtrader
TONT-W,"Graf Global Corp. Warrants, each whole warrant exercisable for one Class A ordinary share at an exercise price of $11.50 per share",A,False,nasdaqtrader
TONX,TON Strategy Company - Common Stock,NASDAQ,False,nasdaqtrader
TOON,"Kartoon Studios, Inc. Common Stock",A,False,nasdaqtrader
TOP,TOP Financial Group Limited - Class A Ordinary Shares,NASDAQ,False,nasdaqtrader
TOPP,Toppoint Holdings Inc. Common Stock,A,False,nasdaqtrader
TOPS,"TOP Ships, Inc. Common Stock",A,False,nasdaqtrader
TORO,Toro Corp. - Common stock,NASDAQ,False,nasdaqtrader
TOST,"Toast, Inc. Class A Common Stock",N,False,nasdaqtrader
TOUR,Tuniu Corporation - American Depositary Shares,NASDAQ,False,nasdaqtrader
TOVX,"Theriva Biologics, Inc. Common Stock",A,False,nasdaqtrader
TOWN,Towne Bank - Common Stock,NASDAQ,False,nasdaqtrader
TOYO,"TOYO Co., Ltd - Ordinary Shares",NASDAQ,False,nasdaqtrader
TP,Ticketplus Ltd. Ordinary Shares,A,False,nasdaqtrader
TPB,"Turning Point Brands, Inc. Common Stock",N,False,nasdaqtrader
TPC,Tutor Perini Corporation Common Stock,N,False,nasdaqtrader
TPCS,TechPrecision Corporation - Common stock,NASDAQ,False,nasdaqtrader
TPET,Trio Petroleum Corp. Common Stock,A,False,nasdaqtrader
TPG,TPG Inc. - Class A Common Stock,NASDAQ,False,nasdaqtrader
TPGXL,TPG Inc. - 6.950% Fixed-Rate Junior Subordinated Notes due 2064,NASDAQ,False,nasdaqtrader
TPL,Texas Pacific Land Corporation Common Stock,N,False,nasdaqtrader
TPR,"Tapestry, Inc. Common Stock",N,False,nasdaqtrader
TPST,"Tempest Therapeutics, Inc. - Common Stock",NASDAQ,False,nasdaqtrader
TPTS,"Terra Property Trust, Inc. 7.00% Senior Secured Notes due 2029",N,False,nasdaqtrader
TPVG,TriplePoint Venture Growth BDC Corp. Common Stock,N,False,nasdaqtrader
TR,"Tootsie Roll Industries, Inc. Common Stock",N,False,nasdaqtrader
TRAD,APEX Tech Acquisition Inc. Ordinary Shares,N,False,nasdaqtrader
TRAD-R,"APEX Tech Acquisition Inc. Rights, each entitling the holder to receive one-fourth (1/4) of one ordinary share",N,False,nasdaqtrader
TRAD-U,"APEX Tech Acquisition Inc. Units, each consisting of one Class A ordinary share and one right to receive one sixth (1/6) of a Class A ordinary share",N,False,nasdaqtrader
TRAK,"ReposiTrak, Inc. Common Stock",N,False,nasdaqtrader
TRAW,"Traws Pharma, Inc. - Common Stock",NASDAQ,False,nasdaqtrader
TRAX,"First Tracks Biotherapeutics, Inc. - Ordinary Shares",NASDAQ,False,nasdaqtrader
TRC,Tejon Ranch Co Common Stock,N,False,nasdaqtrader
TRDA,"Entrada Therapeutics, Inc. - Common Stock",NASDAQ,False,nasdaqtrader
TREE,"LendingTree, Inc. - Common Stock",NASDAQ,False,nasdaqtrader
TREX,"Trex Company, Inc. Common Stock",N,False,nasdaqtrader
TRGP,"Targa Resources, Inc. Common Stock",N,False,nasdaqtrader
TRGS,TRG Latin America Acquisitions Corp. - Class A Ordinary Shares,NASDAQ,False,nasdaqtrader
TRGSR,TRG Latin America Acquisitions Corp. - Rights,NASDAQ,False,nasdaqtrader
TRGSU,TRG Latin America Acquisitions Corp. - Units,NASDAQ,False,nasdaqtrader
TRI,Thomson Reuters Corp - Common Shares,NASDAQ,False,nasdaqtrader
TRIB,Trinity Biotech plc - American Depositary Shares,NASDAQ,False,nasdaqtrader
TRIN,Trinity Capital Inc. Common Stock,N,False,nasdaqtrader
TRIP,"TripAdvisor, Inc. - Common Stock",NASDAQ,False,nasdaqtrader
TRLV,Trulieve Cannabis Corp. Subordinate Voting Shares,N,False,nasdaqtrader
TRMB,Trimble Inc. - Common Stock,NASDAQ,False,nasdaqtrader
TRMD,TORM plc - Class A Common Stock,NASDAQ,False,nasdaqtrader
TRMK,Trustmark Corporation - Common Stock,NASDAQ,False,nasdaqtrader
TRN,"Trinity Industries, Inc. Common Stock",N,False,nasdaqtrader
TRNI,Trinity Capital Inc. 7.875% Notes Due 2029,N,False,nasdaqtrader
TRNO,Terreno Realty Corporation Common Stock,N,False,nasdaqtrader
TRNR,Interactive Strength Inc. - Common Stock,NASDAQ,False,nasdaqtrader
TRNS,"Transcat, Inc. - Common Stock",NASDAQ,False,nasdaqtrader
TRNZ,Trinity Capital Inc. 7.875% Notes due 2029,N,False,nasdaqtrader
TRON,Tron Inc. - Common Stock,NASDAQ,False,nasdaqtrader
TROO,"TROOPS, Inc.  - Ordinary Shares",NASDAQ,False,nasdaqtrader
TROW,"T. Rowe Price Group, Inc. - Common Stock",NASDAQ,False,nasdaqtrader
TROX,Tronox Holdings plc Ordinary Shares (UK),N,False,nasdaqtrader
TRP,TC Energy Corporation Common Stock,N,False,nasdaqtrader
TRS,TriMas Corporation - Common Stock,NASDAQ,False,nasdaqtrader
TRSG,Tungray Technologies Inc - Class A Ordinary Shares,NASDAQ,False,nasdaqtrader
TRST,TrustCo Bank Corp NY - Common Stock,NASDAQ,False,nasdaqtrader
TRT,Trio-Tech International Common Stock,A,False,nasdaqtrader
TRTN-PA,Triton International Limited 8.50% Series A Cumulative Redeemable Perpetual  Preference Shares,N,False,nasdaqtrader
TRTN-PB,Triton International Limited 8.00% Series B Cumulative Redeemable Perpetual Preference Shares,N,False,nasdaqtrader
TRTN-PC,Triton International Limited 7.375% Series C Cumulative Redeemable Perpetual Preference Shares,N,False,nasdaqtrader
TRTN-PD,Triton International Limited 6.875% Series D Cumulative Redeemable Perpetual Preference Shares,N,False,nasdaqtrader
TRTN-PE,Triton International Limited 5.75% Series E Cumulative Redeemable Perpetual Preference Shares,N,False,nasdaqtrader
TRTN-PF,Triton International Limited 7.625% Series F Cumulative Redeemable Perpetual Preference Shares,N,False,nasdaqtrader
TRTN-PG,Triton International Limited 7.500% Series G Cumulative Redeemable Perpetual Preference Shares,N,False,nasdaqtrader
TRTX,"TPG RE Finance Trust, Inc. Common Stock",N,False,nasdaqtrader
TRTX-PC,"TPG RE Finance Trust, Inc. 6.25% Series C Cumulative Redeemable Preferred Stock, $0.001 par value per share",N,False,nasdaqtrader
TRU,TransUnion Common Stock,N,False,nasdaqtrader
TRUG,"TruGolf Holdings, Inc. - Class A Common Stock",NASDAQ,False,nasdaqtrader
TRUP,"Trupanion, Inc. - Common Stock",NASDAQ,False,nasdaqtrader
TRV,"The Travelers Companies, Inc. Common Stock",N,False,nasdaqtrader
TRVG,trivago N.V. - American Depositary Shares,NASDAQ,False,nasdaqtrader
TRVI,"Trevi Therapeutics, Inc. - Common Stock",NASDAQ,False,nasdaqtrader
TRX,TRX Gold Corporation Common Stock,A,False,nasdaqtrader
TS,Tenaris S.A. American Depositary Shares,N,False,nasdaqtrader
TSAT,Telesat Corporation - Class A Common Shares and Class B Variable Voting Shares,NASDAQ,False,nasdaqtrader
TSBK,"Timberland Bancorp, Inc. - Common Stock",NASDAQ,False,nasdaqtrader
TSCO,Tractor Supply Company - Common Stock,NASDAQ,False,nasdaqtrader
TSEM,Tower Semiconductor Ltd. - Ordinary Shares,NASDAQ,False,nasdaqtrader
TSHA,"Taysha Gene Therapies, Inc. - Common Stock",NASDAQ,False,nasdaqtrader
TSI,"TCW Strategic Income Fund, Inc. Common Stock",N,False,nasdaqtrader
TSLA,"Tesla, Inc.  - Common Stock",NASDAQ,False,nasdaqtrader
TSLX,"Sixth Street Specialty Lending, Inc. Common Stock",N,False,nasdaqtrader
TSM,Taiwan Semiconductor Manufacturing Company Ltd.,N,False,nasdaqtrader
TSN,"Tyson Foods, Inc. Common Stock",N,False,nasdaqtrader
TSQ,"Townsquare Media, Inc. Class A Common Stock",N,False,nasdaqtrader
TSSI,"TSS, Inc. - Common Stock",NASDAQ,False,nasdaqtrader
TT,Trane Technologies plc,N,False,nasdaqtrader
TTAM,Titan America SA Common Shares,N,False,nasdaqtrader
TTAN,"ServiceTitan, Inc. - Class A Common Stock",NASDAQ,False,nasdaqtrader
TTC,Toro Company (The) Common Stock,N,False,nasdaqtrader
TTD,"The Trade Desk, Inc. - Class A Common Stock",NASDAQ,False,nasdaqtrader
TTE,TotalEnergies SE Ordinary Shares,N,False,nasdaqtrader
TTEC,"TTEC Holdings, Inc. - Common Stock",NASDAQ,False,nasdaqtrader
TTEK,"Tetra Tech, Inc. - Common Stock",NASDAQ,False,nasdaqtrader
TTGT,"TechTarget, Inc. - Common Stock",NASDAQ,False,nasdaqtrader
TTI,"Tetra Technologies, Inc. Common Stock",N,False,nasdaqtrader
TTMI,"TTM Technologies, Inc. - Common Stock",NASDAQ,False,nasdaqtrader
TTRX,Turn Therapeutics Inc. - Common Stock,NASDAQ,False,nasdaqtrader
TTWO,"Take-Two Interactive Software, Inc. - Common Stock",NASDAQ,False,nasdaqtrader
TU,Telus Corporation Ordinary Shares,N,False,nasdaqtrader
TULP,"Bloomia Holdings, Inc. - Common Stock",NASDAQ,False,nasdaqtrader
TURB,"Turbo Energy, S.A. - American Depositary Shares",NASDAQ,False,nasdaqtrader
TUSK,"Mammoth Energy Services, Inc. - Common Stock",NASDAQ,False,nasdaqtrader
TUYA,"Tuya Inc. American Depositary Shares, each representing one Class A Ordinary Share",N,False,nasdaqtrader
TV,Grupo Televisa S.A.B. Common Stock,N,False,nasdaqtrader
TVA,Texas Ventures Acquisition III Corp - Class A Ordinary Share,NASDAQ,False,nasdaqtrader
TVACU,Texas Ventures Acquisition III Corp - Unit,NASDAQ,False,nasdaqtrader
TVACW,Texas Ventures Acquisition III Corp - Warrants,NASDAQ,False,nasdaqtrader
TVAI,Thayer Ventures Acquisition Corporation II - Class A Ordinary Shares,NASDAQ,False,nasdaqtrader
TVAIR,Thayer Ventures Acquisition Corporation II - Rights,NASDAQ,False,nasdaqtrader
TVAIU,Thayer Ventures Acquisition Corporation II - Unit,NASDAQ,False,nasdaqtrader
TVC,Tennessee Valley Authority Common Stock,N,False,nasdaqtrader
TVE,Tennessee Valley Authority,N,False,nasdaqtrader
TVGN,Tevogen Inc. - Common Stock,NASDAQ,False,nasdaqtrader
TVGNW,Tevogen Inc. - Warrant,NASDAQ,False,nasdaqtrader
TVIV,Texas Ventures Acquisition IV Corp - Class A Ordinary Shares,NASDAQ,False,nasdaqtrader
TVIVU,Texas Ventures Acquisition IV Corp - Units,NASDAQ,False,nasdaqtrader
TVIVW,Texas Ventures Acquisition IV Corp - Warrant,NASDAQ,False,nasdaqtrader
TVRD,"Tvardi Therapeutics, Inc. - Common Stock",NASDAQ,False,nasdaqtrader
TVTX,"Travere Therapeutics, Inc. - Common Stock",NASDAQ,False,nasdaqtrader
TW,Tradeweb Markets Inc. - Class A Common Stock,NASDAQ,False,nasdaqtrader
TWAV,"TaoWeave, Inc. - Common Stock",NASDAQ,False,nasdaqtrader
TWFG,"TWFG, Inc. - Common Stock",NASDAQ,False,nasdaqtrader
TWG,Top Wealth Group Holding Limited - Class A Ordinary Shares,NASDAQ,False,nasdaqtrader
TWI,"Titan International, Inc. (DE) Common Stock",N,False,nasdaqtrader
TWIN,"Twin Disc, Incorporated - Common Stock",NASDAQ,False,nasdaqtrader
TWLO,Twilio Inc. Class A Common Stock,N,False,nasdaqtrader
TWLV,Twelve Seas Investment Company III - Class A Ordinary Shares,NASDAQ,False,nasdaqtrader
TWLVR,Twelve Seas Investment Company III - Rights,NASDAQ,False,nasdaqtrader
TWLVU,Twelve Seas Investment Company III - Units,NASDAQ,False,nasdaqtrader
TWN,"Taiwan Fund, Inc. (The) Common Stock",N,False,nasdaqtrader
TWO,Two Harbors Investment Corp,N,False,nasdaqtrader
TWO-PA,Two Harbors Investments Corp 8.125% Series A Fixed-to-Floating Rate Cumulative Redeemable Preferred Stock ($25.00 liquidation preference per share),N,False,nasdaqtrader
TWO-PB,Two Harbors Investments Corp 7.625% Series B Fixed-to-Floating Rate Cumulative Redeemable Preferred Stock,N,False,nasdaqtrader
TWO-PC,Two Harbors Investments Corp 7.25% Series C Fixed-to-Floating Rate Cumulative Redeemable Preferred Stock,N,False,nasdaqtrader
TWOD,Two Harbors Investments Corp 9.375% Senior Notes due 2030,N,False,nasdaqtrader
TWST,Twist Bioscience Corporation - Common Stock,NASDAQ,False,nasdaqtrader
TX,"Ternium S.A. Ternium S.A. American Depositary Shares (each representing ten shares, USD1.00 par value)",N,False,nasdaqtrader
TXG,"10x Genomics, Inc. - Common Stock",NASDAQ,False,nasdaqtrader
TXMD,"TherapeuticsMD, Inc. - Common Stock",NASDAQ,False,nasdaqtrader
TXN,Texas Instruments Incorporated - Common Stock,NASDAQ,False,nasdaqtrader
TXNM,"TXNM Energy, Inc. Common Stock",N,False,nasdaqtrader
TXO,"TXO Partners, L.P. Common Units Representing Limited Partner Interests",N,False,nasdaqtrader
TXRH,"Texas Roadhouse, Inc. - Common Stock",NASDAQ,False,nasdaqtrader
TXT,Textron Inc. Common Stock,N,False,nasdaqtrader
TY,Tri Continental Corporation Common Stock,N,False,nasdaqtrader
TY-P,Tri Continental Corporation Preferred Stock,N,False,nasdaqtrader
TYG,Tortoise Energy Infrastructure Corporation Common Stock,N,False,nasdaqtrader
TYGO,"Tigo Energy, Inc. - Common Stock",NASDAQ,False,nasdaqtrader
TYL,"Tyler Technologies, Inc. Common Stock",N,False,nasdaqtrader
TYRA,"Tyra Biosciences, Inc. - Common Stock",NASDAQ,False,nasdaqtrader
TZOO,Travelzoo - Common Stock,NASDAQ,False,nasdaqtrader
U,Unity Software Inc. Common Stock,N,False,nasdaqtrader
UA,"Under Armour, Inc. Class C Common Stock",N,False,nasdaqtrader
UAA,"Under Armour, Inc. Class A Common Stock",N,False,nasdaqtrader
UAC,United Acquisition Corp. I Class A Ordinary Shares,A,False,nasdaqtrader
UAC-U,"United Acquisition Corp. I Units, each consisting of one Class A ordinary share and one-quarter of one redeemable warrant",A,False,nasdaqtrader
UAC-W,"United Acquisition Corp. I Warrants, each whole warrant exercisable for one Class A ordinary share at an exercise price of $11.50",A,False,nasdaqtrader
UAL,"United Airlines Holdings, Inc. - Common Stock",NASDAQ,False,nasdaqtrader
UAMY,United States Antimony Corporation Common Stock,N,False,nasdaqtrader
UAN,"CVR Partners, LP Common Units representing Limited Partner Interests",N,False,nasdaqtrader
UAVS,"AgEagle Aerial Systems, Inc. Common Stock",A,False,nasdaqtrader
UBCP,"United Bancorp, Inc. - Common Stock",NASDAQ,False,nasdaqtrader
UBER,"Uber Technologies, Inc. Common Stock",N,False,nasdaqtrader
UBS,UBS Group AG Registered Ordinary Shares,N,False,nasdaqtrader
UBSI,"United Bankshares, Inc. - Common Stock",NASDAQ,False,nasdaqtrader
UCAR,U Power Limited - Class A Ordinary Shares,NASDAQ,False,nasdaqtrader
UCB,"United Community Banks, Inc. Common Stock",N,False,nasdaqtrader
UCFI,CN Healthy Food Tech Group Corp. - Common Stock,NASDAQ,False,nasdaqtrader
UCFIW,CN Healthy Food Tech Group Corp. - Warrant,NASDAQ,False,nasdaqtrader
UCIB,"ETRACS UBS Bloomberg Constant Maturity Commodity Index (CMCI) Total Return ETN Series B due April 5, 2038",P,False,nasdaqtrader
UCL,uCloudlink Group Inc. - American Depositary Shares,NASDAQ,False,nasdaqtrader
UCTT,"Ultra Clean Holdings, Inc. - Common Stock",NASDAQ,False,nasdaqtrader
UDR,"UDR, Inc. Common Stock",N,False,nasdaqtrader
UE,Urban Edge Properties Common Shares of Beneficial Interest,N,False,nasdaqtrader
UEC,Uranium Energy Corp. Common Stock,A,False,nasdaqtrader
UEIC,Universal Electronics Inc. - Common Stock,NASDAQ,False,nasdaqtrader
UFCS,"United Fire Group, Inc - Common Stock",NASDAQ,False,nasdaqtrader
UFG,Uni-Fuels Holdings Limited - Class A Ordinary Shares,NASDAQ,False,nasdaqtrader
UFI,"Unifi, Inc. New Common Stock",N,False,nasdaqtrader
UFPI,"UFP Industries, Inc. - Common Stock",NASDAQ,False,nasdaqtrader
UFPT,"UFP Technologies, Inc. - Common Stock",NASDAQ,False,nasdaqtrader
UG,"United-Guardian, Inc. - Common Stock",NASDAQ,False,nasdaqtrader
UGI,UGI Corporation Common Stock,N,False,nasdaqtrader
UGP,Ultrapar Participacoes S.A. (New) American Depositary Shares (Each representing one Common Share),N,False,nasdaqtrader
UHAL,U-Haul Holding Company Common Stock,N,False,nasdaqtrader
UHAL-B,U-Haul Holding Company Series N Non-Voting Common Stock,N,False,nasdaqtrader
UHS,"Universal Health Services, Inc. Common Stock",N,False,nasdaqtrader
UHT,Universal Health Realty Income Trust Common Stock,N,False,nasdaqtrader
UI,Ubiquiti Inc. Common Stock,N,False,nasdaqtrader
UIS,Unisys Corporation New Common Stock,N,False,nasdaqtrader
UK,Ucommune International Ltd  - Class A Ordinary Shares,NASDAQ,False,nasdaqtrader
UL,Unilever PLC American Depositary Shares (each representing One Ordinary Share),N,False,nasdaqtrader
ULBI,Ultralife Corporation - Common Stock,NASDAQ,False,nasdaqtrader
ULCC,"Frontier Group Holdings, Inc. - Common Stock",NASDAQ,False,nasdaqtrader
ULH,"Universal Logistics Holdings, Inc. - Common Stock",NASDAQ,False,nasdaqtrader
ULS,UL Solutions Inc. Class A Common Stock,N,False,nasdaqtrader
ULTA,"Ulta Beauty, Inc. - Common Stock",NASDAQ,False,nasdaqtrader
UMAC,"Unusual Machines, Inc. Common Stock",A,False,nasdaqtrader
UMBF,UMB Financial Corporation - Common Stock,NASDAQ,False,nasdaqtrader
UMBFO,"UMB Financial Corporation - Depositary Shares Each Representing a 1/400th Interest in a Share of 7.750% Fixed-Rate Reset Non-Cumulative Perpetual Preferred Stock, Series B",NASDAQ,False,nasdaqtrader
UMC,United Microelectronics Corporation (NEW) Common Stock,N,False,nasdaqtrader
UMH,"UMH Properties, Inc. Common Stock",N,False,nasdaqtrader
UMH-PD,"UMH Properties, Inc. 6.375% Series D Cumulative Redeemable Preferred Stock, Liquidation Preference $25 per share",N,False,nasdaqtrader
UNB,"Union Bankshares, Inc. - Common Stock",NASDAQ,False,nasdaqtrader
UNCY,"Unicycive Therapeutics, Inc. - Common Stock",NASDAQ,False,nasdaqtrader
UNF,Unifirst Corporation Common Stock,N,False,nasdaqtrader
UNFI,"United Natural Foods, Inc. Common Stock",N,False,nasdaqtrader
UNH,UnitedHealth Group Incorporated Common Stock (DE),N,False,nasdaqtrader
UNIT,Uniti Group Inc. - Common Stock,NASDAQ,False,nasdaqtrader
UNM,Unum Group Common Stock,N,False,nasdaqtrader
UNMA,Unum Group 6.250% Junior Subordinated Notes due 2058,N,False,nasdaqtrader
UNP,Union Pacific Corporation Common Stock,N,False,nasdaqtrader
UNTY,"Unity Bancorp, Inc. - Common Stock",NASDAQ,False,nasdaqtrader
UONE,"Urban One, Inc.  - Class A Common Stock",NASDAQ,False,nasdaqtrader
UONEK,"Urban One, Inc.  - Class D Common Stock",NASDAQ,False,nasdaqtrader
UP,Wheels Up Experience Inc. Class A Common Stock,N,False,nasdaqtrader
UPB,"Upstream Bio, Inc. - Common Stock",NASDAQ,False,nasdaqtrader
UPBD,"Upbound Group, Inc. - Common Stock",NASDAQ,False,nasdaqtrader
UPC,Universe Pharmaceuticals Inc - Class A Ordinary Shares,NASDAQ,False,nasdaqtrader
UPLD,"Upland Software, Inc. - Common Stock",NASDAQ,False,nasdaqtrader
UPS,"United Parcel Service, Inc. Common Stock",N,False,nasdaqtrader
UPST,"Upstart Holdings, Inc. - Common stock",NASDAQ,False,nasdaqtrader
UPWK,Upwork Inc. - Common Stock,NASDAQ,False,nasdaqtrader
UPXI,"Upexi, Inc. - Common Stock",NASDAQ,False,nasdaqtrader
URBN,"Urban Outfitters, Inc. - Common Stock",NASDAQ,False,nasdaqtrader
URG,Ur Energy Inc Common Shares (Canada),A,False,nasdaqtrader
URGN,UroGen Pharma Ltd. - Ordinary Shares,NASDAQ,False,nasdaqtrader
URI,"United Rentals, Inc. Common Stock",N,False,nasdaqtrader
UROY,Uranium Royalty Corp. - Common Stock,NASDAQ,False,nasdaqtrader
USA,Liberty All-Star Equity Fund Common Stock,N,False,nasdaqtrader
USAC,"USA Compression Partners, LP Common Units Representing Limited Partner Interests",N,False,nasdaqtrader
USAR,"USA Rare Earth, Inc. - Common Stock",NASDAQ,False,nasdaqtrader
USAS,"Americas Gold and Silver Corporation Common Shares, no par value",A,False,nasdaqtrader
USAU,U.S. Gold Corp. - Common Stock,NASDAQ,False,nasdaqtrader
USB,U.S. Bancorp Common Stock,N,False,nasdaqtrader
USB-PA,"U.S. Bancorp Depositary Shares, Each representing a 1/100th interest in a share of Series A Non-CumulativePerpetual Pfd Stock",N,False,nasdaqtrader
USB-PH,U.S. Bancorp Depositary Shares repstg 1/1000th Pfd Ser B,N,False,nasdaqtrader
USB-PP,"U.S. Bancorp Depositary Shares each representing a 1/1,000th interest in a share of Series K Non-Cumulative Perpetual Preferred Stock",N,False,nasdaqtrader
USB-PQ,"U.S. Bancorp Depositary Shares, Each Representing a 1/1,000th Interest in a Share of Series L Non-Cumulative Perpetual Preferred Stock",N,False,nasdaqtrader
USB-PR,"U.S. Bancorp Depositary Shares, Each Representing a 1/1,000th Interest in a Share of Series M Non-Cumulative Perpetual Preferred Stock",N,False,nasdaqtrader
USB-PS,"U.S. Bancorp Depositary Shares, each representing a 1/1,000th interest in a share of Series O Non-Cumulative Perpetual Preferred Stock",N,False,nasdaqtrader
USBC,"USBC, Inc. Common Stock",A,False,nasdaqtrader
USCB,"USCB Financial Holdings, Inc.  - Class A Common Stock",NASDAQ,False,nasdaqtrader
USDE,StablecoinX Inc. - Class A Common Stock,NASDAQ,False,nasdaqtrader
USDEW,StablecoinX Inc. - Warrants,NASDAQ,False,nasdaqtrader
USEA,United Maritime Corporation - Common Stock,NASDAQ,False,nasdaqtrader
USFD,US Foods Holding Corp. Common Stock,N,False,nasdaqtrader
USGO,U.S. GoldMining Inc. - Common stock,NASDAQ,False,nasdaqtrader
USIO,"Usio, Inc. - Common Stock",NASDAQ,False,nasdaqtrader
USLM,"United States Lime & Minerals, Inc. - Common Stock",NASDAQ,False,nasdaqtrader
USNA,"USANA Health Sciences, Inc. Common Stock",N,False,nasdaqtrader
USPH,"U.S. Physical Therapy, Inc. Common Stock",N,False,nasdaqtrader
UTF,"Cohen & Steers Infrastructure Fund, Inc Common Stock",N,False,nasdaqtrader
UTG,Reaves Utility Income Fund Common Shares of Beneficial Interest,A,False,nasdaqtrader
UTHR,United Therapeutics Corporation - Common Stock,NASDAQ,False,nasdaqtrader
UTI,Universal Technical Institute Inc Common Stock,N,False,nasdaqtrader
UTL,UNITIL Corporation Common Stock,N,False,nasdaqtrader
UTMD,"Utah Medical Products, Inc. - Common Stock",NASDAQ,False,nasdaqtrader
UTSI,UTStarcom Holdings Corp - Ordinary Shares,NASDAQ,False,nasdaqtrader
UTZ,Utz Brands Inc Class A Common Stock,N,False,nasdaqtrader
UUU,"Universal Safety Products, Inc. Common Stock",A,False,nasdaqtrader
UUUU,Energy Fuels Inc Ordinary Shares (Canada),A,False,nasdaqtrader
UVE,UNIVERSAL INSURANCE HOLDINGS INC Common Stock,N,False,nasdaqtrader
UVSP,Univest Financial Corporation - Common Stock,NASDAQ,False,nasdaqtrader
UVV,Universal Corporation Common Stock,N,False,nasdaqtrader
UWMC,UWM Holdings Corporation Class A Common Stock,N,False,nasdaqtrader
UXIN,Uxin Limited - American Depositary Shares,NASDAQ,False,nasdaqtrader
UYSC,UY Scuti Acquisition Corp. - Ordinary Shares,NASDAQ,False,nasdaqtrader
UYSCR,UY Scuti Acquisition Corp. - Rights,NASDAQ,False,nasdaqtrader
UYSCU,UY Scuti Acquisition Corp. - Units,NASDAQ,False,nasdaqtrader
UZD,"Array Digital Infrastructure, Inc. 6.250% Senior Notes due 2069",N,False,nasdaqtrader
UZE,"Array Digital Infrastructure, Inc. 5.500% Senior Notes due 2070",N,False,nasdaqtrader
UZF,"Array Digital Infrastructure, Inc. 5.500% Senior Notes due 2070",N,False,nasdaqtrader
UZX,Linkage Global Inc - Class A Ordinary Shares,NASDAQ,False,nasdaqtrader
V,Visa Inc.,N,False,nasdaqtrader
VABK,Virginia National Bankshares Corporation - Common Stock,NASDAQ,False,nasdaqtrader
VAC,Marriott Vacations Worldwide Corporation Common Stock,N,False,nasdaqtrader
VACI,Viking Acquisition Corp. I Class A Ordinary Shares,N,False,nasdaqtrader
VACI-U,"Viking Acquisition Corp. I Units, each consisting of one Class A ordinary share and one-third of one Warrant",N,False,nasdaqtrader
VACI-W,Viking Acquisition Corp. I Warrants to purchase one Class A Ordinary Share,N,False,nasdaqtrader
VAL,Valaris Limited Common Shares,N,False,nasdaqtrader
VAL-W,Valaris Limited Warrants,N,False,nasdaqtrader
VALE,VALE S.A.  American Depositary Shares Each Representing one common share,N,False,nasdaqtrader
VALN,Valneva SE - American Depositary Shares,NASDAQ,False,nasdaqtrader
VALU,"Value Line, Inc. - Common Stock",NASDAQ,False,nasdaqtrader
VANI,"Vivani Medical, Inc.  - Common Stock",NASDAQ,False,nasdaqtrader
VATE,INNOVATE Corp. Common Stock,N,False,nasdaqtrader
VBF,Invesco Bond Fund Common Stock,N,False,nasdaqtrader
VBIO,"Valion Bio, Inc. - Common stock",NASDAQ,False,nasdaqtrader
VBNK,VersaBank - Common Shares,NASDAQ,False,nasdaqtrader
VC,Visteon Corporation - Common Stock,NASDAQ,False,nasdaqtrader
VCEL,Vericel Corporation - Common Stock,NASDAQ,False,nasdaqtrader
VCIG,VCI Global Limited - Ordinary Share,NASDAQ,False,nasdaqtrader
VCRE,Vicore Pharma Holding AB - American Depositary Shares,NASDAQ,False,nasdaqtrader
VCTR,"Victory Capital Holdings, Inc. - Common Stock",NASDAQ,False,nasdaqtrader
VCV,Invesco California Value Municipal Income Trust Common Stock,N,False,nasdaqtrader
VCX,"Fundrise Innovation Fund, LLC Common Shares of Limited Liability Company Interests",N,False,nasdaqtrader
VCYT,"Veracyte, Inc. - Common Stock",NASDAQ,False,nasdaqtrader
VECA,Vernal Capital Acquisition Corp. Ordinary Shares,N,False,nasdaqtrader
VECA-R,"Vernal Capital Acquisition Corp. Rights, each right entitling the holder to receive one-fourth (1/4) of one Ordinary Share",N,False,nasdaqtrader
VECA-U,"Vernal Capital Acquisition Corp. Units, each consisting of one ordinary share and one right",N,False,nasdaqtrader
VECO,Veeco Instruments Inc. - Common Stock,NASDAQ,False,nasdaqtrader
VEEA,Veea Inc. - Common Stock,NASDAQ,False,nasdaqtrader
VEEAW,Veea Inc. - Warrant,NASDAQ,False,nasdaqtrader
VEEE,Twin Vee PowerCats Co. - Common Stock,NASDAQ,False,nasdaqtrader
VEEV,Veeva Systems Inc. Class A Common Stock,N,False,nasdaqtrader
VEL,"Velocity Financial, Inc. Common Stock",N,False,nasdaqtrader
VELO,"Velo3D, Inc. - Common stock",NASDAQ,False,nasdaqtrader
VENU,Venu Holding Corporation Common Stock,A,False,nasdaqtrader
VEON,VEON Ltd. - American Depositary Shares,NASDAQ,False,nasdaqtrader
VERA,"Vera Therapeutics, Inc. - Class A Common Stock",NASDAQ,False,nasdaqtrader
VERI,"Veritone, Inc. - Common Stock",NASDAQ,False,nasdaqtrader
VERU,Veru Inc. - Common Stock,NASDAQ,False,nasdaqtrader
VERX,"Vertex, Inc. - Class A Common Stock",NASDAQ,False,nasdaqtrader
VET,Vermilion Energy Inc. Common (Canada),N,False,nasdaqtrader
VFC,V.F. Corporation Common Stock,N,False,nasdaqtrader
VFF,"Village Farms International, Inc. - Common Shares",NASDAQ,False,nasdaqtrader
VFS,VinFast Auto Ltd. - Ordinary Shares,NASDAQ,False,nasdaqtrader
VFSWW,VinFast Auto Ltd. - Warrant,NASDAQ,False,nasdaqtrader
VG,"Venture Global, Inc. Class A common stock",N,False,nasdaqtrader
VGAS,"Verde Clean Fuels, Inc. - Class A Common Stock",NASDAQ,False,nasdaqtrader
VGASW,"Verde Clean Fuels, Inc. - Warrant",NASDAQ,False,nasdaqtrader
VGI,Virtus Global Multi-Sector Income Fund Common Shares of Beneficial Interest,N,False,nasdaqtrader
VGM,Invesco Trust for Investment Grade Municipals Common Stock (DE),N,False,nasdaqtrader
VGNT,Versigent PLC Ordinary Shares,N,False,nasdaqtrader
VGZ,Vista Gold Corp Common Stock,A,False,nasdaqtrader
VHC,VirnetX Holding Corp - Common Stock,NASDAQ,False,nasdaqtrader
VHCP,Vine Hill Capital Investment Corp. II - Class A Ordinary Shares,NASDAQ,False,nasdaqtrader
VHCPU,Vine Hill Capital Investment Corp. II - Units,NASDAQ,False,nasdaqtrader
VHCPW,Vine Hill Capital Investment Corp. II - Warrants,NASDAQ,False,nasdaqtrader
VHI,"Valhi, Inc. Common Stock",N,False,nasdaqtrader
VHUB,"VenHub Global, Inc. - Common Stock",NASDAQ,False,nasdaqtrader
VIA,"Via Transportation, Inc. Class A Common Stock",N,False,nasdaqtrader
VIAV,Viavi Solutions Inc. - Common Stock,NASDAQ,False,nasdaqtrader
VICI,VICI Properties Inc. Common Stock,N,False,nasdaqtrader
VICR,Vicor Corporation - Common Stock,NASDAQ,False,nasdaqtrader
VIDA,VIDA Global Inc. Class A Common Stock,A,False,nasdaqtrader
VII,Viking Acquisition Corp. II Class A Ordinary Shares,N,False,nasdaqtrader
VII-U,"Viking Acquisition Corp. II Units, each consisting of one Class A ordinary share and one-third of one Warrant",N,False,nasdaqtrader
VII-W,Viking Acquisition Corp. II Warrants to purchase one Class A Ordinary Share,N,False,nasdaqtrader
VIK,Viking Holdings Ltd Ordinary Shares,N,False,nasdaqtrader
VINP,Vinci Compass Investments Ltd. - Class A Common Shares,NASDAQ,False,nasdaqtrader
VIOT,"Viomi Technology Co., Ltd - American Depositary Shares",NASDAQ,False,nasdaqtrader
VIP,Vulcan Infrastructure and Power Inc. - Class A Common Stock,NASDAQ,False,nasdaqtrader
VIPS,"Vipshop Holdings Limited American Depositary Shares, each representing two ordinary shares",N,False,nasdaqtrader
VIR,"Vir Biotechnology, Inc. - Common Stock",NASDAQ,False,nasdaqtrader
VIRC,Virco Manufacturing Corporation - Common Stock,NASDAQ,False,nasdaqtrader
VIRT,"Virtu Financial, Inc. Class A Common Stock",N,False,nasdaqtrader
VISN,"Vistance Networks, Inc.  - Common Stock",NASDAQ,False,nasdaqtrader
VIST,"Vista Energy S.A.B. de C.V. American Depositary Shares, each representing one series A share, with no par value",N,False,nasdaqtrader
VITL,"Vital Farms, Inc. - Common Stock",NASDAQ,False,nasdaqtrader
VIV,Telefonica Brasil S.A. American Depositary Shares (Each representing One Common Share),N,False,nasdaqtrader
VIVK,"Vivakor, Inc. - Common Stock",NASDAQ,False,nasdaqtrader
VIVO,VivoPower PLC - Class A Ordinary Shares,NASDAQ,False,nasdaqtrader
VIVS,"VivoSim Labs, Inc. - Common Stock",NASDAQ,False,nasdaqtrader
VKI,Invesco Advantage Municipal Income Trust II Common Shares of Beneficial Interest (DE),A,False,nasdaqtrader
VKQ,Invesco Municipal Trust Common Stock,N,False,nasdaqtrader
VKTX,"Viking Therapeutics, Inc. - Common Stock",NASDAQ,False,nasdaqtrader
VLGEA,"Village Super Market, Inc. - Class A Common Stock",NASDAQ,False,nasdaqtrader
VLN,Valens Semiconductor Ltd. Ordinary Shares,N,False,nasdaqtrader
VLO,Valero Energy Corporation Common Stock,N,False,nasdaqtrader
VLOS,Velos Acquisition I Corp. - Class A Ordinary shares,NASDAQ,False,nasdaqtrader
VLOSU,Velos Acquisition I Corp. - Units,NASDAQ,False,nasdaqtrader
VLOSW,Velos Acquisition I Corp. - Warrant,NASDAQ,False,nasdaqtrader
VLRS,"Controladora Vuela Compania de Aviacion, S.A.B. de C.V. American Depositary Shares, each representing ten (10) Ordinary Participation Certificates",N,False,nasdaqtrader
VLT,Invesco High Income Trust II,N,False,nasdaqtrader
VLTO,Veralto Corp Common Stock,N,False,nasdaqtrader
VLY,Valley National Bancorp - Common Stock,NASDAQ,False,nasdaqtrader
VLYPN,"Valley National Bancorp - 8.250% Fixed-Rate Reset Non-Cumulative Perpetual Preferred Stock, Series C",NASDAQ,False,nasdaqtrader
VLYPO,Valley National Bancorp - 5.5% Fixed to Floating Rate Series B Non-Cumulative Perpetual Preferred Stock,NASDAQ,False,nasdaqtrader
VLYPP,Valley National Bancorp - 6.25% Fixed-to-Floating Rate Series A Non-Cumulative Perpetual Preferred Stock,NASDAQ,False,nasdaqtrader
VMAR,Vision Marine Technologies Inc. - Common Shares,NASDAQ,False,nasdaqtrader
VMC,Vulcan Materials Company (Holding Company) Common Stock,N,False,nasdaqtrader
VMD,"Viemed Healthcare, Inc. - Common Shares",NASDAQ,False,nasdaqtrader
VMET,Versamet Royalties Corporation - Common Stock,NASDAQ,False,nasdaqtrader
VMI,"Valmont Industries, Inc. Common Stock",N,False,nasdaqtrader
VMO,Invesco Municipal Opportunity Trust Common Stock,N,False,nasdaqtrader
VNCE,Vince Holding Corp. - Common Stock,NASDAQ,False,nasdaqtrader
VNDA,Vanda Pharmaceuticals Inc. - Common Stock,NASDAQ,False,nasdaqtrader
VNET,"VNET Group, Inc. - American Depositary Shares",NASDAQ,False,nasdaqtrader
VNME,Vendome Acquisition Corporation I - Class A Ordinary Shares,NASDAQ,False,nasdaqtrader
VNMEU,Vendome Acquisition Corporation I - Unit,NASDAQ,False,nasdaqtrader
VNMEW,Vendome Acquisition Corporation I - Warrant,NASDAQ,False,nasdaqtrader
VNO,Vornado Realty Trust Common Stock,N,False,nasdaqtrader
VNO-PL,Vornado Realty Trust Pfd Ser L %,N,False,nasdaqtrader
VNO-PM,"Vornado Realty Trust 5.25% Series M Cumulative Redeemable Preferred Shares of Beneficial Interest, liquidation preference $25.00 per share, no par value per share",N,False,nasdaqtrader
VNO-PN,"Vornado Realty Trust 5.25% Series N Cumulative Redeemable Preferred Shares of Beneficial Interest, liquidation preference $25.00 per share",N,False,nasdaqtrader
VNO-PO,"Vornado Realty Trust 4.45% Series O Cumulative Redeemable Preferred Shares, Liquidation Preference $25.00 Per Share",N,False,nasdaqtrader
VNOM,"Viper Energy, Inc.  - Class A Common Stock",NASDAQ,False,nasdaqtrader
VNRX,VolitionRX Limited Common Stock,A,False,nasdaqtrader
VNT,Vontier Corporation Common Stock,N,False,nasdaqtrader
VNTG,Vantage Corp Class A Ordinary Shares,A,False,nasdaqtrader
VOC,VOC Energy Trust Units of Beneficial Interest,N,False,nasdaqtrader
VOD,Vodafone Group Plc - American Depositary Shares each representing ten Ordinary Shares,NASDAQ,False,nasdaqtrader
VOR,Vor Biopharma Inc. - Common Stock,NASDAQ,False,nasdaqtrader
VOXR,Vox Royalty Corp. - common stock,NASDAQ,False,nasdaqtrader
VOYA,"Voya Financial, Inc. Common Stock",N,False,nasdaqtrader
VOYA-PB,"Voya Financial, Inc. Depositary Shares, each representing a 1/40th interest in a share of 5.35% Fixed-Rate Reset Non-Cumulative Preferred Stock, Series B",N,False,nasdaqtrader
VOYG,"Voyager Technologies, Inc. Class A Common Stock",N,False,nasdaqtrader
VPG,"Vishay Precision Group, Inc. Common Stock",N,False,nasdaqtrader
VPV,Invesco Pennsylvania Value Municipal Income Trust Common Stock (DE),N,False,nasdaqtrader
VRA,"Vera Bradley, Inc. - Common Stock",NASDAQ,False,nasdaqtrader
VRAX,Virax Biolabs Group Limited - Ordinary Shares,NASDAQ,False,nasdaqtrader
VRCA,Verrica Pharmaceuticals Inc. - Common Stock,NASDAQ,False,nasdaqtrader
VRDN,"Viridian Therapeutics, Inc.  - Common Stock",NASDAQ,False,nasdaqtrader
VREX,Varex Imaging Corporation - Common Stock,NASDAQ,False,nasdaqtrader
VRM,"Vroom, Inc. - Common Stock",NASDAQ,False,nasdaqtrader
VRME,"VerifyMe, Inc. - Common Stock",NASDAQ,False,nasdaqtrader
VRNS,"Varonis Systems, Inc. - Common Stock",NASDAQ,False,nasdaqtrader
VRRM,Verra Mobility Corporation - Class A Common Stock,NASDAQ,False,nasdaqtrader
VRSK,"Verisk Analytics, Inc. - Common Stock",NASDAQ,False,nasdaqtrader
VRSN,"VeriSign, Inc. - Common Stock",NASDAQ,False,nasdaqtrader
VRT,"Vertiv Holdings, LLC Class A Common Stock",N,False,nasdaqtrader
VRTS,"Virtus Investment Partners, Inc. Common Stock",N,False,nasdaqtrader
VRTX,Vertex Pharmaceuticals Incorporated - Common Stock,NASDAQ,False,nasdaqtrader
VRXA,Veraxa Biotech AG - Ordinary Shares,NASDAQ,False,nasdaqtrader
VRXAW,Veraxa Biotech AG - Warrants,NASDAQ,False,nasdaqtrader
VS,Versus Systems Inc. - Common Stock,NASDAQ,False,nasdaqtrader
VSA,VisionSys AI Inc. - American Depositary Shares,NASDAQ,False,nasdaqtrader
VSAT,"ViaSat, Inc. - Common Stock",NASDAQ,False,nasdaqtrader
VSEC,VSE Corporation - Common Stock,NASDAQ,False,nasdaqtrader
VSECU,VSE Corporation - Tangible Equity Units,NASDAQ,False,nasdaqtrader
VSH,"Vishay Intertechnology, Inc. Common Stock",N,False,nasdaqtrader
VSME,VS Media Holdings Limited - Class A Ordinary Shares,NASDAQ,False,nasdaqtrader
VSNT,"Versant Media Group, Inc. - Class A Common Stock",NASDAQ,False,nasdaqtrader
VST,Vistra Corp. Common Stock,N,False,nasdaqtrader
VSTM,"Verastem, Inc. - Common Stock",NASDAQ,False,nasdaqtrader
VSTS,Vestis Corporation Common Stock,N,False,nasdaqtrader
VSXY,Victorias Secret & Co. Common Stock,N,False,nasdaqtrader
VTAK,"Catheter Precision, Inc. Common Stock",A,False,nasdaqtrader
VTEX,VTEX Class A Common Shares,N,False,nasdaqtrader
VTGN,"Vistagen Therapeutics, Inc. - Common Stock",NASDAQ,False,nasdaqtrader
VTIX,Virtuix Holdings Inc. - Class A Common Stock,NASDAQ,False,nasdaqtrader
VTMX,"Corporacion Inmobiliaria Vesta, S.A.B de C.V. American Depositary Shares, each representing ten (10) Common Shares",N,False,nasdaqtrader
VTN,Invesco Trust for Investment Grade New York Municipals Common Stock,N,False,nasdaqtrader
VTOL,"Bristow Group, Inc. Common Stock",N,False,nasdaqtrader
VTR,"Ventas, Inc. Common Stock",N,False,nasdaqtrader
VTRS,Viatris Inc. - Common Stock,NASDAQ,False,nasdaqtrader
VTS,"Vitesse Energy, Inc. Common Stock",N,False,nasdaqtrader
VTSI,"VirTra, Inc. - Common Stock",NASDAQ,False,nasdaqtrader
VTVT,vTv Therapeutics Inc. - Class A Common Stock,NASDAQ,False,nasdaqtrader
VUZI,Vuzix Corporation  - Common Stock,NASDAQ,False,nasdaqtrader
VVOS,"Vivos Therapeutics, Inc. - Common Stock",NASDAQ,False,nasdaqtrader
VVR,Invesco Senior Income Trust Common Stock (DE),N,False,nasdaqtrader
VVV,Valvoline Inc. Common Stock,N,False,nasdaqtrader
VVX,"V2X, Inc. Common Stock",N,False,nasdaqtrader
VWAV,"VisionWave Holdings, Inc. - Common Stock",NASDAQ,False,nasdaqtrader
VWAVW,"VisionWave Holdings, Inc. - Warrant",NASDAQ,False,nasdaqtrader
VXX,iPath Series B S&P 500 VIX Short-Term Futures ETN,Z,False,nasdaqtrader
VXZ,iPath Series B S&P 500 VIX Mid-Term Futures ETN,Z,False,nasdaqtrader
VYGR,"Voyager Therapeutics, Inc. - Common Stock",NASDAQ,False,nasdaqtrader
VYX,NCR Voyix Corporation Common Stock,N,False,nasdaqtrader
VZ,Verizon Communications Inc. Common Stock,N,False,nasdaqtrader
VZLA,Vizsla Silver Corp. Common Shares,A,False,nasdaqtrader
W,Wayfair Inc. Class A Common Stock,N,False,nasdaqtrader
WAB,Westinghouse Air Brake Technologies Corporation Common Stock,N,False,nasdaqtrader
WABC,Westamerica Bancorporation - Common Stock,NASDAQ,False,nasdaqtrader
WAFD,"WaFd, Inc. - Common Stock",NASDAQ,False,nasdaqtrader
WAFDP,"WaFd, Inc. - Depositary Shares",NASDAQ,False,nasdaqtrader
WAFU,Wah Fu Education Group Limited - Ordinary Shares,NASDAQ,False,nasdaqtrader
WAL,Western Alliance Bancorporation Common Stock (DE),N,False,nasdaqtrader
WAL-PA,"Western Alliance Bancorporation Depositary Shares, Each Representing a 1/400th Interest in a Share of 4.250% Fixed-Rate Non-Cumulative Perpetual Preferred Stock, Series A",N,False,nasdaqtrader
WALD,Waldencast plc - Class A Ordinary Share,NASDAQ,False,nasdaqtrader
WALDW,Waldencast plc - Warrant,NASDAQ,False,nasdaqtrader
WASH,"Washington Trust Bancorp, Inc. - Common Stock",NASDAQ,False,nasdaqtrader
WAT,Waters Corporation Common Stock,N,False,nasdaqtrader
WATT,Energous Corporation - Common Stock,NASDAQ,False,nasdaqtrader
WAVE,Eco Wave Power Global AB (publ) - American Depositary Shares,NASDAQ,False,nasdaqtrader
WAY,Waystar Holding Corp. - Common Stock,NASDAQ,False,nasdaqtrader
WB,Weibo Corporation - American Depositary Shares,NASDAQ,False,nasdaqtrader
WBD,"Warner Bros. Discovery, Inc. - Series A Common Stock",NASDAQ,False,nasdaqtrader
WBI,WaterBridge Infrastructure LLC Class A Shares Representing Limited Liability Company Interests,N,False,nasdaqtrader
WBS,Webster Financial Corporation Common Stock,N,False,nasdaqtrader
WBS-PF,"Webster Financial Corporation Depositary Shares, Each Representing 1/1,000th Interest in a Share of 5.25% Series F Non-Cumulative Perpetual Preferred Stock",N,False,nasdaqtrader
WBS-PG,"Webster Financial Corporation Depositary Shares, each representing a 1/40th interest in a share of 6.50% Series G non-cumulative perpetual preferred stock",N,False,nasdaqtrader
WBTN,WEBTOON Entertainment Inc. - Common stock,NASDAQ,False,nasdaqtrader
WBUY,WEBUY GLOBAL LTD. - Class A Ordinary Shares,NASDAQ,False,nasdaqtrader
WBX,Wallbox N.V. Class A Ordinary Shares,N,False,nasdaqtrader
WCC,"WESCO International, Inc. Common Stock",N,False,nasdaqtrader
WCN,"Waste Connections, Inc. Common Shares",N,False,nasdaqtrader
WCT,Wellchange Holdings Company Limited - Class A Ordinary shares,NASDAQ,False,nasdaqtrader
WD,"Walker & Dunlop, Inc Common Stock",N,False,nasdaqtrader
WDAY,"Workday, Inc. - Class A Common Stock",NASDAQ,False,nasdaqtrader
WDC,Western Digital Corporation - Common Stock,NASDAQ,False,nasdaqtrader
WDFC,WD-40 Company - Common Stock,NASDAQ,False,nasdaqtrader
WDH,Waterdrop Inc. American Depositary Shares (each representing the right to receive 10 Class A Ordinary Shares),N,False,nasdaqtrader
WDI,Western Asset Diversified Income Fund Common Shares of Beneficial Interest,N,False,nasdaqtrader
WDS,"Woodside Energy Group Limited American Depositary Shares, each representing one Ordinary Share",N,False,nasdaqtrader
WEA,Western Asset Bond Fund Share of Beneficial Interest,N,False,nasdaqtrader
WEAV,"Weave Communications, Inc. Common Stock",N,False,nasdaqtrader
WEC,"WEC Energy Group, Inc. Common Stock",N,False,nasdaqtrader
WELL,Welltower Inc. Common Stock,N,False,nasdaqtrader
WEN,Wendy's Company (The) - Common Stock,NASDAQ,False,nasdaqtrader
WENC,West Enclave Merger Corp. Ordinary Shares,N,False,nasdaqtrader
WENC-R,"West Enclave Merger Corp. Rights, each Right to acquire one-tenth (1/10) of one Ordinary Share",N,False,nasdaqtrader
WENC-U,"West Enclave Merger Corp. Units, each consisting of one Ordinary Share and one Right to acquire one-tenth (1/10) of one Ordinary Share",N,False,nasdaqtrader
WENN,Wen Acquisition Corp - Class A Ordinary Shares,NASDAQ,False,nasdaqtrader
WENNU,Wen Acquisition Corp - Unit,NASDAQ,False,nasdaqtrader
WENNW,Wen Acquisition Corp - Warrant,NASDAQ,False,nasdaqtrader
WERN,"Werner Enterprises, Inc. - Common Stock",NASDAQ,False,nasdaqtrader
WES,"Western Midstream Partners, LP Common Units Representing Limited Partner Interests",N,False,nasdaqtrader
WEST,Westrock Coffee Company - Common Stock,NASDAQ,False,nasdaqtrader
WETH,Wetouch Technology Inc. - Common Stock,NASDAQ,False,nasdaqtrader
WETO,Wetour Robotics Limited - Ordinary Shares,NASDAQ,False,nasdaqtrader
WEX,WEX Inc. common stock,N,False,nasdaqtrader
WEYS,"Weyco Group, Inc. - Common Stock",NASDAQ,False,nasdaqtrader
WF,Woori Financial Group Inc. American Depositary Shares (each representing three (3) shares of Common Stock),N,False,nasdaqtrader
WFC,Wells Fargo & Company Common Stock,N,False,nasdaqtrader
WFC-PA,"Wells Fargo & Company Depositary Shares, each representing a 1/1,000th interest in a share of Non-Cumulative Perpetual Class A Preferred Stock, Series AA",N,False,nasdaqtrader
WFC-PC,"Wells Fargo & Company Depositary Shares, each representing a 1/1,000th interest in a share of Non-Cumulative Perpetual Class A Preferred Stock, Series CC",N,False,nasdaqtrader
WFC-PD,"Wells Fargo & Company Depositary Shares, each representing a 1/1,000th interest in  a share of Non-Cumulative Perpetual Class A Preferred Stock, Series DD",N,False,nasdaqtrader
WFC-PL,"Wells Fargo & Company 7.50% Non-Cumulative Perpetual Convertible Class A Preferred Stock, Series L",N,False,nasdaqtrader
WFC-PY,"Wells Fargo & Company Depositary Shares, each representing a 1/1,000th interest in a share of Non-Cumulative Perpetual Class A Preferred Stock, Series Y",N,False,nasdaqtrader
WFC-PZ,"Wells Fargo & Company Depositary Shares, each representing a 1/1,000th interest in a share of Non-Cumulative Perpetual Class A Preferred Stock, Series Z",N,False,nasdaqtrader
WFCF,"Where Food Comes From, Inc. - Common Stock",NASDAQ,False,nasdaqtrader
WFF,WF Holding Limited - Ordinary Shares,NASDAQ,False,nasdaqtrader
WFG,West Fraser Timber Co. Ltd Common stock,N,False,nasdaqtrader
WFRD,Weatherford International plc - Ordinary shares,NASDAQ,False,nasdaqtrader
WGO,"Winnebago Industries, Inc. Common Stock",N,False,nasdaqtrader
WGS,GeneDx Holdings Corp. - Class A Common Stock,NASDAQ,False,nasdaqtrader
WH,"Wyndham Hotels & Resorts, Inc. Common Stock",N,False,nasdaqtrader
WHD,"Cactus, Inc. Class A Common Stock",N,False,nasdaqtrader
WHF,"WhiteHorse Finance, Inc. - Closed End Fund",NASDAQ,False,nasdaqtrader
WHFCL,"WhiteHorse Finance, Inc. - 7.875% Notes due 2028",NASDAQ,False,nasdaqtrader
WHG,Westwood Holdings Group Inc Common Stock,N,False,nasdaqtrader
WHK,WhiteHawk Minerals Corp Class A Common Stock,N,False,nasdaqtrader
WHLR,"Wheeler Real Estate Investment Trust, Inc. - Common Stock",NASDAQ,False,nasdaqtrader
WHLRD,"Wheeler Real Estate Investment Trust, Inc. - Series D Cumulative Preferred Stock",NASDAQ,False,nasdaqtrader
WHLRL,"Wheeler Real Estate Investment Trust, Inc. - 7.00% Senior Subordinated Convertible Notes Due 2031",NASDAQ,False,nasdaqtrader
WHLRP,"Wheeler Real Estate Investment Trust, Inc. - Series B Preferred Stock",NASDAQ,False,nasdaqtrader
WHR,Whirlpool Corporation Common Stock,N,False,nasdaqtrader
WHR-PA,"Whirlpool Corporation Depositary Shares, each representing a 1/20th interest in a share of 8.50% Series A Mandatory Convertible Preferred Stock",N,False,nasdaqtrader
WHWK,"Whitehawk Therapeutics, Inc. - Common Stock",NASDAQ,False,nasdaqtrader
WIA,Western Asset Inflation-Linked Income Fund,N,False,nasdaqtrader
WILC,"G. Willi-Food International,  Ltd. - Ordinary Shares",NASDAQ,False,nasdaqtrader
WIMI,WiMi Hologram Cloud Inc. - Class B Ordinary Shares,NASDAQ,False,nasdaqtrader
WINA,Winmark Corporation - Common Stock,NASDAQ,False,nasdaqtrader
WING,Wingstop Inc. - Common Stock,NASDAQ,False,nasdaqtrader
WIT,Wipro Limited Common Stock,N,False,nasdaqtrader
WIW,Western Asset Inflation-Linked Opportunities & Income Fund,N,False,nasdaqtrader
WIX,Wix.com Ltd. - Ordinary Shares,NASDAQ,False,nasdaqtrader
WK,Workiva Inc. Class A Common Stock,N,False,nasdaqtrader
WKC,World Kinect Corporation Common Stock,N,False,nasdaqtrader
WKEY,WISeKey International Holding Ltd - American Depositary Shares,NASDAQ,False,nasdaqtrader
WKHS,"Workhorse Group, Inc. - Common Stock",NASDAQ,False,nasdaqtrader
WKSP,"Worksport, Ltd. - Common Stock",NASDAQ,False,nasdaqtrader
WLCOU,Wilco 63 Corporation - Units,NASDAQ,False,nasdaqtrader
WLDN,"Willdan Group, Inc. - Common Stock",NASDAQ,False,nasdaqtrader
WLDS,Wearable Devices Ltd. - Ordinary Share,NASDAQ,False,nasdaqtrader
WLDSW,Wearable Devices Ltd. - Warrant,NASDAQ,False,nasdaqtrader
WLFC,Willis Lease Finance Corporation - Common Stock,NASDAQ,False,nasdaqtrader
WLII,Willow Lane Acquisition Corp. II - Class A Ordinary Shares,NASDAQ,False,nasdaqtrader
WLIIU,Willow Lane Acquisition Corp. II - Unit,NASDAQ,False,nasdaqtrader
WLIIW,Willow Lane Acquisition Corp. II - Warrants,NASDAQ,False,nasdaqtrader
WLK,Westlake Corporation Common Stock,N,False,nasdaqtrader
WLKP,Westlake Chemical Partners LP Common Units representing limited partner interests,N,False,nasdaqtrader
WLTH,Wealthfront Corporation - Common Stock,NASDAQ,False,nasdaqtrader
WLY,"John Wiley & Sons, Inc. Common Stock",N,False,nasdaqtrader
WLYB,"John Wiley & Sons, Inc. Common Stock",N,False,nasdaqtrader
WM,"Waste Management, Inc. Common Stock",N,False,nasdaqtrader
WMB,"Williams Companies, Inc. (The) Common Stock",N,False,nasdaqtrader
WMG,Warner Music Group Corp. - Class A Common Stock,NASDAQ,False,nasdaqtrader
WMK,"Weis Markets, Inc. Common Stock",N,False,nasdaqtrader
WMS,"Advanced Drainage Systems, Inc. Common Stock",N,False,nasdaqtrader
WMT,Walmart Inc. - Common Stock,NASDAQ,False,nasdaqtrader
WNC,Wabash National Corporation Common Stock,N,False,nasdaqtrader
WNEB,"Western New England Bancorp, Inc. - Common Stock",NASDAQ,False,nasdaqtrader
WNW,Meiwu Technology Company Limited - Ordinary Shares,NASDAQ,False,nasdaqtrader
WOK,WORK Medical Technology Group LTD - Class A Ordinary Shares,NASDAQ,False,nasdaqtrader
WOLF,"Wolfspeed, Inc. Common Stock New",N,False,nasdaqtrader
WOOF,"Petco Health and Wellness Company, Inc. - Class A Common Stock",NASDAQ,False,nasdaqtrader
WOR,"Worthington Enterprises, Inc. Common Shares",N,False,nasdaqtrader
WPAC,White Pearl Acquisition Corp. Class A Ordinary Shares,N,False,nasdaqtrader
WPAC-R,"White Pearl Acquisition Corp. Rights, each right entitles the holder to receive one-fifth of one Class A ordinary share upon consummation of the initial business combination",N,False,nasdaqtrader
WPAC-U,"White Pearl Acquisition Corp. Units, each consisting of one Class A ordinary share and one right to receive one-fifth (1/5) of one Class A ordinary share",N,False,nasdaqtrader
WPC,W. P. Carey Inc. REIT,N,False,nasdaqtrader
WPM,Wheaton Precious Metals Corp Common Shares (Canada),N,False,nasdaqtrader
WPP,WPP plc American Depositary Shares,N,False,nasdaqtrader
WPRT,Westport Fuel Systems Inc - Common Shares,NASDAQ,False,nasdaqtrader
WRAP,"Wrap Technologies, Inc. - Common Stock",NASDAQ,False,nasdaqtrader
WRB,W.R. Berkley Corporation Common Stock,N,False,nasdaqtrader
WRB-PE,W.R. Berkley Corporation 5.70% Subordinated Debentures due 2058,N,False,nasdaqtrader
WRB-PF,W.R. Berkley Corporation 5.10% Subordinated Debentures due 2059,N,False,nasdaqtrader
WRB-PG,W.R. Berkley Corporation 4.25% Subordinated Debentures due 2060,N,False,nasdaqtrader
WRB-PH,W.R. Berkley Corporation 4.125% Subordinated Debentures due 2061,N,False,nasdaqtrader
WRBY,Warby Parker Inc. Class A Common Stock,N,False,nasdaqtrader
WRD,WeRide Inc. - American Depositary Shares,NASDAQ,False,nasdaqtrader
WRLD,World Acceptance Corporation - Common Stock,NASDAQ,False,nasdaqtrader
WRN,Western Copper and Gold Corporation Common Stock,A,False,nasdaqtrader
WS,"Worthington Steel, Inc. Common Shares",N,False,nasdaqtrader
WSBC,"WesBanco, Inc. - Common Stock",NASDAQ,False,nasdaqtrader
WSBCO,"WesBanco, Inc. - Depositary Shares each representing 1/40th interest in a share of 7.375% Fixed-Rate Reset Non-Cumulative Perpetual Preferred Stock, Series B",NASDAQ,False,nasdaqtrader
WSBF,"Waterstone Financial, Inc. - Common Stock",NASDAQ,False,nasdaqtrader
WSBK,"Winchester Bancorp, Inc. - Common Stock",NASDAQ,False,nasdaqtrader
WSC,WillScot Holdings Corporation - Class A Common Stock,NASDAQ,False,nasdaqtrader
WSE,Wise Group plc - Class A Ordinary Shares,NASDAQ,False,nasdaqtrader
WSFS,WSFS Financial Corporation - Common Stock,NASDAQ,False,nasdaqtrader
WSHP,WeShop Holdings Limited - Class A Ordinary Shares,NASDAQ,False,nasdaqtrader
WSM,"Williams-Sonoma, Inc. Common Stock (DE)",N,False,nasdaqtrader
WSO,"Watsco, Inc. Common Stock",N,False,nasdaqtrader
WSO-B,"Watsco, Inc. Class B Common Stock",N,False,nasdaqtrader
WST,"West Pharmaceutical Services, Inc. Common Stock",N,False,nasdaqtrader
WSTN,Westin Acquisition Corp - Class A Ordinary Share,NASDAQ,False,nasdaqtrader
WSTNR,Westin Acquisition Corp - Right,NASDAQ,False,nasdaqtrader
WSTNU,Westin Acquisition Corp - Units,NASDAQ,False,nasdaqtrader
WT,"WisdomTree, Inc. Common Stock",N,False,nasdaqtrader
WTBA,West Bancorporation - Common Stock,NASDAQ,False,nasdaqtrader
WTF,Waton Financial Limited - Ordinary Shares,NASDAQ,False,nasdaqtrader
WTFC,Wintrust Financial Corporation - Common Stock,NASDAQ,False,nasdaqtrader
WTFCN,"Wintrust Financial Corporation - Depositary Shares, Each Representing a 1/1,000th Interest in a Share of 7.875% Fixed-Rate Reset Non-Cumulative Perpetual Preferred Stock, Series F, no par value, with a liquidation preference of $25,000 per share",NASDAQ,False,nasdaqtrader
WTG,Wintergreen Acquisition Corp. - Ordinary Shares,NASDAQ,False,nasdaqtrader
WTGUR,Wintergreen Acquisition Corp. - Rights,NASDAQ,False,nasdaqtrader
WTGUU,Wintergreen Acquisition Corp. - Unit,NASDAQ,False,nasdaqtrader
WTI,"W&T Offshore, Inc. Common Stock",N,False,nasdaqtrader
WTM,"White Mountains Insurance Group, Ltd. Common Stock",N,False,nasdaqtrader
WTRG,"Essential Utilities, Inc. Common Stock",N,False,nasdaqtrader
WTS,"Watts Water Technologies, Inc. Class A Common Stock",N,False,nasdaqtrader
WTTR,"Select Water Solutions, Inc. Class A common stock",N,False,nasdaqtrader
WTW,Willis Towers Watson Public Limited Company - Ordinary Shares,NASDAQ,False,nasdaqtrader
WU,Western Union Company (The) Common Stock,N,False,nasdaqtrader
WULF,TeraWulf Inc. - Common Stock,NASDAQ,False,nasdaqtrader
WVE,Wave Life Sciences Ltd. - Ordinary Shares,NASDAQ,False,nasdaqtrader
WVVI,"Willamette Valley Vineyards, Inc. - Common Stock",NASDAQ,False,nasdaqtrader
WVVIP,"Willamette Valley Vineyards, Inc. - Series A Redeemable Preferred Stock",NASDAQ,False,nasdaqtrader
WW,"WW International, Inc.  - Common Stock",NASDAQ,False,nasdaqtrader
WWD,"Woodward, Inc. - Common Stock",NASDAQ,False,nasdaqtrader
WWR,"Westwater Resources, Inc. Common Stock",A,False,nasdaqtrader
WWW,"Wolverine World Wide, Inc. Common Stock",N,False,nasdaqtrader
WXM,WF International Limited - Ordinary Shares,NASDAQ,False,nasdaqtrader
WY,Weyerhaeuser Company Common Stock,N,False,nasdaqtrader
WYFI,"WhiteFiber, Inc. - Ordinary Shares",NASDAQ,False,nasdaqtrader
WYHG,Wing Yip Food Holdings Group Limited - American Depositary Shares,NASDAQ,False,nasdaqtrader
WYNN,"Wynn Resorts, Limited - Common Stock",NASDAQ,False,nasdaqtrader
WYY,WidePoint Corporation Common Stock,A,False,nasdaqtrader
XAIR,"Beyond Air, Inc. - Common Stock",NASDAQ,False,nasdaqtrader
XBIO,"Xenetic Biosciences, Inc. - Common Stock",NASDAQ,False,nasdaqtrader
XBIT,XBiotech Inc. - Common Stock,NASDAQ,False,nasdaqtrader
XBP,"XBP Global Holdings, Inc. - Common Stock",NASDAQ,False,nasdaqtrader
XBPEW,"XBP Global Holdings, Inc. - Warrant",NASDAQ,False,nasdaqtrader
XCBE,X3 Acquisition Corp. Ltd. - Class A Ordinary Shares,NASDAQ,False,nasdaqtrader
XCBEU,X3 Acquisition Corp. Ltd. - Unit,NASDAQ,False,nasdaqtrader
XCBEW,X3 Acquisition Corp. Ltd. - Warrant,NASDAQ,False,nasdaqtrader
XCH,XCHG Limited - ADS,NASDAQ,False,nasdaqtrader
XCUR,"Exicure, Inc. - Common Stock",NASDAQ,False,nasdaqtrader
XE,"X-Energy, Inc. - Class A Common Stock",NASDAQ,False,nasdaqtrader
XEL,Xcel Energy Inc. - Common Stock,NASDAQ,False,nasdaqtrader
XELB,"Xcel Brands, Inc - Common Stock",NASDAQ,False,nasdaqtrader
XELLL,"Xcel Energy Inc. - 6.25% Junior Subordinated Notes, Series due 2085",NASDAQ,False,nasdaqtrader
XENE,Xenon Pharmaceuticals Inc. - Common Shares,NASDAQ,False,nasdaqtrader
XERS,"Xeris Biopharma Holdings, Inc. - Common Stock",NASDAQ,False,nasdaqtrader
XFLH,XFLH Capital Corporation Ordinary Shares,N,False,nasdaqtrader
XFLH-R,XFLH Capital Corporation Rights to receive one-seventh (1/7) of one Ordinary Share,N,False,nasdaqtrader
XFLH-U,"XFLH Capital Corporation Units, each consisting of one Ordinary Share and one Right",N,False,nasdaqtrader
XFLT,XAI Floating Rate & Alternative Income Trust Common Shares of Beneficial Interest,N,False,nasdaqtrader
XFOR,"X4 Pharmaceuticals, Inc. - Common Stock",NASDAQ,False,nasdaqtrader
XGN,Exagen Inc. - Common Stock,NASDAQ,False,nasdaqtrader
XHG,XChange TEC.INC - American Depositary Shares,NASDAQ,False,nasdaqtrader
XHLD,"TEN Holdings, Inc. - Common Stock",NASDAQ,False,nasdaqtrader
XHR,"Xenia Hotels & Resorts, Inc. Common Stock",N,False,nasdaqtrader
XIFR,"XPLR Infrastructure, LP Common Units representing limited partner interests",N,False,nasdaqtrader
XIIIU,Churchill Capital Corp XIII - Units,NASDAQ,False,nasdaqtrader
XLO,"Xilio Therapeutics, Inc. - Common Stock",NASDAQ,False,nasdaqtrader
XMAX,"XMAX, Inc. - Common Stock",NASDAQ,False,nasdaqtrader
XMTR,"Xometry, Inc. - Class A Common Stock",NASDAQ,False,nasdaqtrader
XNCR,"Xencor, Inc. - Common Stock",NASDAQ,False,nasdaqtrader
XNDU,Xanadu Quantum Technologies Limited - Class B Subordinate Voting Shares,NASDAQ,False,nasdaqtrader
XNET,Xunlei Limited - American Depositary Shares,NASDAQ,False,nasdaqtrader
XOM,ExxonMobil Holdings Corporation Common Stock,N,False,nasdaqtrader
XOS,"Xos, Inc. - Common Stock",NASDAQ,False,nasdaqtrader
XOSWW,"Xos, Inc. - Warrants",NASDAQ,False,nasdaqtrader
XP,XP Inc. - Class A Common Stock,NASDAQ,False,nasdaqtrader
XPEL,"XPEL, Inc. - Common Stock",NASDAQ,False,nasdaqtrader
XPER,Xperi Inc. Common Stock,N,False,nasdaqtrader
XPEV,"XPeng Inc. American depositary shares, each representing two Class A ordinary shares",N,False,nasdaqtrader
XPL,Solitario Resources Corp. Common Stock,A,False,nasdaqtrader
XPO,"XPO, Inc. Common Stock",N,False,nasdaqtrader
XPOF,"Xponential Fitness, Inc. Class A Common Stock",N,False,nasdaqtrader
XPON,Expion360 Inc. - Common Stock,NASDAQ,False,nasdaqtrader
XPRO,Expro Ltd Ordinary Shares,N,False,nasdaqtrader
XRAY,DENTSPLY SIRONA Inc. - Common Stock,NASDAQ,False,nasdaqtrader
XRN,Chiron Real Estate Inc. Common Stock,N,False,nasdaqtrader
XRN-PA,Chiron Real Estate Inc. Series A Cumulative Redeemable Preferred Stock,N,False,nasdaqtrader
XRN-PB,"Chiron Real Estate Inc. 8.00% Series B Cumulative Redeemable Preferred Stock, $0.001 par value per share",N,False,nasdaqtrader
XRPN,Armada Acquisition Corp. II - Class A Ordinary Shares,NASDAQ,False,nasdaqtrader
XRPNU,Armada Acquisition Corp. II - Units,NASDAQ,False,nasdaqtrader
XRPNW,Armada Acquisition Corp. II - Warrant,NASDAQ,False,nasdaqtrader
XRTX,XORTX Therapeutics Inc. - Common Shares,NASDAQ,False,nasdaqtrader
XRX,Xerox Holdings Corporation - Common Stock,NASDAQ,False,nasdaqtrader
XRXDW,Xerox Holdings Corporation - Warrants,NASDAQ,False,nasdaqtrader
XSLL,Xsolla SPAC 1 - Class A Ordinary Shares,NASDAQ,False,nasdaqtrader
XSLLU,Xsolla SPAC 1 - Units,NASDAQ,False,nasdaqtrader
XSLLW,Xsolla SPAC 1 - Warrants,NASDAQ,False,nasdaqtrader
XTIA,"XTI Aerospace, Inc. Common Stock  - Common Stock",NASDAQ,False,nasdaqtrader
XTLB,XTL Biopharmaceuticals Ltd. - American Depositary Shares,NASDAQ,False,nasdaqtrader
XTNT,"Xtant Medical Holdings, Inc. Common Stock",A,False,nasdaqtrader
XWEL,"XWELL, Inc. - Common Stock",NASDAQ,False,nasdaqtrader
XXI,"Twenty One Capital, Inc. Class A Common Stock",N,False,nasdaqtrader
XXII,"22nd Century Group, Inc - Common Stock",NASDAQ,False,nasdaqtrader
XYF,"X Financial American Depositary Shares, each representing six Class A Ordinary Shares",N,False,nasdaqtrader
XYL,Xylem Inc. Common Stock New,N,False,nasdaqtrader
XYZ,"Block, Inc. Class A Common Stock,",N,False,nasdaqtrader
XZO,"Exzeo Group, Inc. Common Stock",N,False,nasdaqtrader
YAAS,Youxin Technology Ltd - Class A Ordinary shares,NASDAQ,False,nasdaqtrader
YALA,"Yalla Group Limited American Depositary Shares, each representing one Class A Ordinary Share",N,False,nasdaqtrader
YARW,"Yarrow Bioscience, Inc. - Common Stock",NASDAQ,False,nasdaqtrader
YB,Yuanbao Inc. - American Depositary Shares,NASDAQ,False,nasdaqtrader
YCBD,"cbdMD, Inc. Common Stock",A,False,nasdaqtrader
YCY,AA Mission Acquisition Corp. II Class A Ordinary Shares,N,False,nasdaqtrader
YCY-U,"AA Mission Acquisition Corp. II Units, each consisting of one Class A ordinary share and one-half of one warrant",N,False,nasdaqtrader
YCY-W,"AA Mission Acquisition Corp. II Warrants, each whole warrant entitles to purchase one Class A ordinary share at a price of $11.50 per share",N,False,nasdaqtrader
YDDL,One and One Green Technologies. INC - Class A Ordinary Shares,NASDAQ,False,nasdaqtrader
YDES,YD Bio Limited - Ordinary Shares,NASDAQ,False,nasdaqtrader
YDESW,YD Bio Limited - Warrants,NASDAQ,False,nasdaqtrader
YDKG,Yueda Digital Holding - Class A Ordinary Share,NASDAQ,False,nasdaqtrader
YELP,Yelp Inc. Common Stock,N,False,nasdaqtrader
YETI,"YETI Holdings, Inc. Common Stock",N,False,nasdaqtrader
YEXT,"Yext, Inc. Common Stock",N,False,nasdaqtrader
YHC,LQR House Inc. - Common Stock,NASDAQ,False,nasdaqtrader
YHGJ,Yunhong Green CTI Ltd. - Common Stock,NASDAQ,False,nasdaqtrader
YHNA,YHN Acquisition I Limited - Ordinary Shares,NASDAQ,False,nasdaqtrader
YHNAR,YHN Acquisition I Limited - Right,NASDAQ,False,nasdaqtrader
YHNAU,YHN Acquisition I Limited - Unit,NASDAQ,False,nasdaqtrader
YI,"111, Inc. - American Depositary Shares",NASDAQ,False,nasdaqtrader
YIBO,Planet Image International Limited - Class A Ordinary Shares,NASDAQ,False,nasdaqtrader
YICC,Yorkville International Capital Corp. - Class A Ordinary Shares,NASDAQ,False,nasdaqtrader
YICCU,Yorkville International Capital Corp. - Units,NASDAQ,False,nasdaqtrader
YICCW,Yorkville International Capital Corp. - Warrants,NASDAQ,False,nasdaqtrader
YJ,Yunji Inc. - American Depository Shares,NASDAQ,False,nasdaqtrader
YMAT,"J-Star Holding Co., Ltd. - Class A Ordinary Shares",NASDAQ,False,nasdaqtrader
YMM,Full Truck Alliance Co. Ltd. American Depositary Shares (each representing 20 Class A Ordinary Shares),N,False,nasdaqtrader
YMT,Yimutian Inc. - American Depositary Shares; each representing 25 Class A ordinary shares,NASDAQ,False,nasdaqtrader
YORW,The York Water Company - Common Stock,NASDAQ,False,nasdaqtrader
YOU,"Clear Secure, Inc. Class A Common Stock",N,False,nasdaqtrader
YOUL,Youlife Group Inc. - American Depositary Shares,NASDAQ,False,nasdaqtrader
YPF,YPF Sociedad Anonima American Depositary Shares,N,False,nasdaqtrader
YQ,17 Education & Technology Group Inc. - American Depositary Shares,NASDAQ,False,nasdaqtrader
YRD,"Yiren Digital Ltd. American Depositary Shares, each representing two ordinary shares",N,False,nasdaqtrader
YSG,"Yatsen Holding Limited American Depositary Shares, each representing twenty (20) Class A Ordinary Shares",N,False,nasdaqtrader
YSS,York Space Systems Inc. Common Stock,N,False,nasdaqtrader
YSWY,"Yesway, Inc. - Class A Common Stock",NASDAQ,False,nasdaqtrader
YSXT,"YSX Tech. Co., Ltd  - Class A Ordinary Shares",NASDAQ,False,nasdaqtrader
YTRA,"Yatra Online, Inc. - Ordinary Shares",NASDAQ,False,nasdaqtrader
YUM,"Yum! Brands, Inc.",N,False,nasdaqtrader
YUMC,"Yum China Holdings, Inc. Common Stock",N,False,nasdaqtrader
YXT,YXT.COM GROUP HOLDING LIMITED - American Depository Shares,NASDAQ,False,nasdaqtrader
YYAI,AiRWA Inc. - Common Stock,NASDAQ,False,nasdaqtrader
YYGH,YY Group Holding Limited - Class A Ordinary Shares,NASDAQ,False,nasdaqtrader
Z,"Zillow Group, Inc. - Class C Capital Stock",NASDAQ,False,nasdaqtrader
ZBAO,Zhibao Technology Inc. - Class A Ordinary Shares,NASDAQ,False,nasdaqtrader
ZBH,"Zimmer Biomet Holdings, Inc. Common Stock",N,False,nasdaqtrader
ZBIO,"Zenas BioPharma, Inc. - Common Stock",NASDAQ,False,nasdaqtrader
ZBRA,Zebra Technologies Corporation - Class A Common Stock,NASDAQ,False,nasdaqtrader
ZCMD,Zhongchao Inc. - Class A Ordinary Shares,NASDAQ,False,nasdaqtrader
ZD,"Ziff Davis, Inc. - Common Stock",NASDAQ,False,nasdaqtrader
ZDAI,"DirectBooking Technology Co., Ltd. - Class A Ordinary Shares",NASDAQ,False,nasdaqtrader
ZDGE,"Zedge, Inc. Class B Common Stock",A,False,nasdaqtrader
ZENA,"ZenaTech, Inc. - Common Stock",NASDAQ,False,nasdaqtrader
ZEO,Zeo Energy Corporation - Class A Common Stock,NASDAQ,False,nasdaqtrader
ZEOWW,Zeo Energy Corporation - Warrants,NASDAQ,False,nasdaqtrader
ZEPP,"Zepp Health Corporation American depositary shares, each representing sixteen Class A ordinary shares",N,False,nasdaqtrader
ZETA,Zeta Global Holdings Corp. Class A Common Stock,N,False,nasdaqtrader
ZG,"Zillow Group, Inc. - Class A Common Stock",NASDAQ,False,nasdaqtrader
ZGN,Ermenegildo Zegna N.V. Ordinary Shares,N,False,nasdaqtrader
ZH,"Zhihu Inc. American Depositary Shares, each representing three (3) Class A Ordinary Shares",N,False,nasdaqtrader
ZIM,ZIM Integrated Shipping Services Ltd. Ordinary Shares,N,False,nasdaqtrader
ZION,Zions Bancorporation N.A. - Common Stock,NASDAQ,False,nasdaqtrader
ZIONP,Zions Bancorporation N.A. - Depositary Shares each representing a 1/40th ownership interest in a share of Series A Floating-Rate Non-Cumulative Perpetual Preferred Stock,NASDAQ,False,nasdaqtrader
ZIP,"ZipRecruiter, Inc. Class A Common Stock",N,False,nasdaqtrader
ZJK,"ZJK Industrial Co., Ltd. - Class A Ordinary Shares",NASDAQ,False,nasdaqtrader
ZJYL,JIN MEDICAL INTERNATIONAL LTD. - Class A Ordinary Shares,NASDAQ,False,nasdaqtrader
ZKH,"ZKH Group Limited American Depositary Shares, each representing thirty-five (35) Class A Ordinary Shares",N,False,nasdaqtrader
ZKIN,"ZK International Group Co., Ltd - Ordinary Share",NASDAQ,False,nasdaqtrader
ZKP,Lafayette Digital Acquisition Corp. I - Class A Ordinary Shares,NASDAQ,False,nasdaqtrader
ZKPU,Lafayette Digital Acquisition Corp. I - Unit,NASDAQ,False,nasdaqtrader
ZKPW,Lafayette Digital Acquisition Corp. I - Warrant,NASDAQ,False,nasdaqtrader
ZLAB,Zai Lab Limited - American Depositary Shares,NASDAQ,False,nasdaqtrader
ZM,"Zoom Communications, Inc. - Class A Common Stock",NASDAQ,False,nasdaqtrader
ZNB,Zeta Network Group - Class A Ordinary Shares,NASDAQ,False,nasdaqtrader
ZNTL,"Zentalis Pharmaceuticals, Inc. - common stock",NASDAQ,False,nasdaqtrader
ZONE,CleanCore Solutions Inc. Class B Common Stock,A,False,nasdaqtrader
ZOOZ,ZOOZ Strategy Ltd. - Ordinary Shares,NASDAQ,False,nasdaqtrader
ZOOZW,ZOOZ Strategy Ltd. - Warrant,NASDAQ,False,nasdaqtrader
ZS,"Zscaler, Inc. - Common Stock",NASDAQ,False,nasdaqtrader
ZSQR,Z Squared Inc. - Common Stock,NASDAQ,False,nasdaqtrader
ZSTK,ZeroStack Corp. - Common Stock,NASDAQ,False,nasdaqtrader
ZTEK,Zentek Ltd. - common stock,NASDAQ,False,nasdaqtrader
ZTG,Zenta Group Company Limited - Class A Ordinary Shares,NASDAQ,False,nasdaqtrader
ZTO,"ZTO Express (Cayman) Inc. American Depositary Shares, each representing one Class A ordinary share.",N,False,nasdaqtrader
ZTR,Virtus Total Return Fund Inc.,N,False,nasdaqtrader
ZTS,Zoetis Inc. Class A Common Stock,N,False,nasdaqtrader
ZUMZ,Zumiez Inc. - Common Stock,NASDAQ,False,nasdaqtrader
ZURA,Zura Bio Limited - Class A Ordinary shares,NASDAQ,False,nasdaqtrader
ZVIA,Zevia PBC Class A Common Stock,N,False,nasdaqtrader
ZVRA,"Zevra Therapeutics, Inc.  - Common Stock",NASDAQ,False,nasdaqtrader
ZWS,Zurn Elkay Water Solutions Corporation Common Stock,N,False,nasdaqtrader
ZYBT,Zhengye Biotechnology Holding Limited - Class A Ordinary Shares,NASDAQ,False,nasdaqtrader
ZYME,Zymeworks Inc. - Common Stock,NASDAQ,False,nasdaqtrader
